aspect_ratio,background_pixels,door_objects,door_pixels,height,id,image_present,pixels,room_objects,room_pixels,svg_present,wall_objects,wall_pixels,width,window_objects,window_pixels
1.4142491467576792,7056801,7,14194,2344,high_quality_architectural/6044,True,7770360,9,571744,True,21,100993,3315,5,26628
1.111648250460405,16768702,19,29697,4344,high_quality_architectural/2564,True,20977176,22,3639038,True,46,417442,4829,24,122297
0.7075342465753425,1124148,2,2464,1460,high_quality_architectural/6165,True,1508180,5,322843,True,23,47717,1033,6,11008
1.6925698704839809,2037438,11,9425,1467,high_quality_architectural/1021,True,3642561,14,1412548,True,74,161996,2483,10,21154
2.1812642802741813,2755312,13,16567,1313,high_quality_architectural/5507,True,3760432,13,819057,True,34,141550,2864,9,27946
1.592136428233065,3760478,25,42272,2111,high_quality_architectural/1269,True,7095071,24,2831472,True,62,360604,3361,32,100245
1.3402674591381871,1631049,6,8898,1346,high_quality_architectural/5988,True,2428184,8,647285,True,33,117394,1804,7,23558
0.7587080430652312,1214728,7,9239,1579,high_quality_architectural/2123,True,1891642,7,573330,True,16,78407,1198,3,15938
1.4142287234042554,1658121,17,25177,1504,high_quality_architectural/6293,True,3199008,15,1287784,True,43,167110,2127,21,60816
0.5673289183222958,165874,3,4468,906,high_quality_architectural/925,True,465684,4,232883,True,12,62459,514,0,0
1.4139118457300275,1383042,17,25484,1452,high_quality_architectural/1171,True,2980956,16,1324187,True,38,182349,2053,15,65894
0.7942271880819367,314598,7,9340,1074,high_quality_architectural/9333,True,916122,6,479185,True,16,87539,853,3,25460
1.1155555555555556,536726,16,16273,1350,high_quality_architectural/8815,True,2033100,19,1258870,True,38,190021,1506,8,31210
0.8410981697171381,2346285,18,27883,2404,high_quality_architectural/1784,True,4860888,17,2091049,True,32,314645,2022,19,81026
1.158745247148289,558246,9,10881,1052,high_quality_architectural/6335,True,1282388,8,595779,True,16,88850,1219,8,28632
1.3526501766784453,1178374,14,23500,1415,high_quality_architectural/4947,True,2708310,16,1221145,True,38,250092,1914,7,35199
1.1248817407757805,865175,5,4587,1057,high_quality_architectural/4501,True,1256773,6,330331,True,38,47958,1189,7,8722
0.6211908110642288,1676449,9,12005,2133,high_quality_architectural/3796,True,2826225,11,976032,True,26,136147,1325,6,25592
0.5915411355735806,788506,8,15321,1726,high_quality_architectural/4554,True,1762246,12,787906,True,26,138732,1021,6,31781
1.2463592233009708,1689359,17,15241,1648,high_quality_architectural/4880,True,3384992,24,1436353,True,63,186099,2054,20,57940
1.8843262001156738,3059163,17,31576,1729,high_quality_architectural/594,True,5633082,17,2241951,True,44,225263,3258,24,75129
0.5641025641025641,659620,9,14564,1794,high_quality_architectural/9618,True,1815528,9,974299,True,26,128854,1012,10,38191
0.597103601930932,2876053,13,22652,2693,high_quality_architectural/652,True,4330344,16,1191838,True,34,201603,1608,10,38198
0.6472019464720195,714848,9,14723,1644,high_quality_architectural/8406,True,1749216,10,864462,True,17,123522,1064,6,31661
0.5111111111111111,405750,6,6795,1395,high_quality_architectural/693,True,994635,6,492685,True,20,76680,713,5,12725
0.7695560253699789,1621405,10,13292,1892,high_quality_architectural/449,True,2754752,11,954790,True,21,133569,1456,9,31696
0.7918781725888325,1228010,11,12354,1773,high_quality_architectural/8714,True,2489292,13,1066947,True,32,146189,1404,7,35792
2.175872093023256,501338,4,4254,688,high_quality_architectural/5658,True,1029936,5,442340,True,15,61132,1497,7,20872
0.9549071618037135,512957,6,7169,1131,high_quality_architectural/2015,True,1221480,6,591553,True,19,93708,1080,3,16093
1.4577553593947037,1858464,16,32021,1586,high_quality_architectural/8650,True,3666832,15,1512594,True,31,207012,2312,13,56741
1.5065028901734103,1798517,7,9244,1384,high_quality_architectural/1455,True,2885640,7,900481,True,28,141462,2085,8,35936
0.868935097668557,1023173,10,16642,1587,high_quality_architectural/5628,True,2188473,9,992207,True,27,109558,1379,16,46893
1.479825517993457,456390,12,15608,917,high_quality_architectural/7595,True,1244369,9,596111,True,16,153454,1357,2,22806
0.8419711129991504,460428,9,11313,1177,high_quality_architectural/816,True,1166407,8,589226,True,19,91378,991,5,14062
1.593984962406015,800203,16,25471,1330,high_quality_architectural/7072,True,2819600,14,1712768,True,47,216624,2120,12,64534
1.705919003115265,3511807,6,10298,1605,high_quality_architectural/8096,True,4394490,8,742493,True,21,100077,2738,16,29815
1.355593607305936,2357064,15,25800,1752,high_quality_architectural/9946,True,4161000,16,1572249,True,31,171474,2375,12,34413
1.3532145623547638,589291,13,25889,1291,high_quality_architectural/7885,True,2255377,14,1429270,True,25,178973,1747,7,31954
0.957619477006312,569473,5,8583,1109,high_quality_architectural/8121,True,1177758,6,481617,True,19,94835,1062,4,23250
1.3142650253439536,662466,22,32503,1381,high_quality_architectural/8422,True,2506515,22,1523374,True,46,246147,1815,9,42025
0.3814489571899012,651105,7,12063,1822,high_quality_architectural/935,True,1266290,8,503961,True,20,79919,695,4,19242
0.9958141481791545,2390820,19,31982,2389,high_quality_architectural/2108,True,5683431,20,2908102,True,46,291350,2379,21,61177
0.5310537334263782,264394,7,9546,1433,high_quality_architectural/7748,True,1090513,8,661402,True,25,117585,761,7,37586
1.2413793103448276,10050602,19,60858,3335,high_quality_architectural/6100,True,13806900,22,3043318,True,47,553678,4140,16,98444
2.0473653049141505,3955869,14,31051,1689,high_quality_architectural/8685,True,5840562,13,1490757,True,41,272300,3458,20,90585
0.8651515151515151,2039725,13,14905,1980,high_quality_architectural/4808,True,3391740,14,1084957,True,35,211271,1713,9,40882
0.7226753670473083,609184,4,5654,1226,high_quality_architectural/8184,True,1086236,5,396813,True,17,66296,886,2,8289
1.3826998689384011,1427131,17,28913,1526,high_quality_architectural/8368,True,3219860,17,1464395,True,33,225889,2110,16,73532
1.6460807600950118,478425,7,11729,842,high_quality_architectural/1834,True,1167012,9,535488,True,22,111428,1386,5,29942
1.0830629461388708,1319579,9,15882,1541,high_quality_architectural/6588,True,2571929,12,1067139,True,22,139417,1669,5,29912
1.3593073593073592,1275476,15,18669,1386,high_quality_architectural/451,True,2611224,15,1140482,True,27,147017,1884,8,29580
0.6281179138321995,568257,5,8159,1323,high_quality_architectural/2142,True,1099413,5,435483,True,13,74368,831,2,13146
1.5187007874015748,744412,7,6735,1016,high_quality_architectural/4509,True,1567688,7,704116,True,17,90978,1543,4,21447
1.6485280999107939,1009776,12,13697,1121,high_quality_architectural/8212,True,2071608,11,865498,True,22,143179,1848,14,39458
0.626454615981381,2354112,14,25314,2578,high_quality_architectural/1199,True,4163470,14,1518320,True,25,218132,1615,11,47592
0.5342560553633218,489317,4,5783,1445,high_quality_architectural/959,True,1115540,5,504619,True,24,98147,772,5,17674
1.5014786649767637,5536944,26,50871,2367,high_quality_architectural/102,True,8412318,22,2381540,True,54,283912,3554,39,159051
1.2264437689969605,856063,14,14130,1316,high_quality_architectural/784,True,2124024,16,1125060,True,22,110304,1614,5,18467
1.040983606557377,3872043,8,12076,2318,high_quality_architectural/763,True,5593334,13,1440774,True,45,212325,2413,18,56116
1.4965034965034965,529605,7,10042,858,high_quality_architectural/3937,True,1101672,6,469910,True,12,79311,1284,6,12804
1.6141141141141142,1256654,15,24866,1332,high_quality_architectural/9229,True,2863800,13,1295944,True,32,221542,2150,20,64794
2.546692607003891,1574319,7,8281,1028,high_quality_architectural/3941,True,2691304,8,944456,True,40,138810,2618,13,25438
1.5955473098330242,1866184,17,28156,1617,high_quality_architectural/898,True,4171860,18,1986681,True,44,222345,2580,28,68494
0.9153661464585834,1046149,15,19158,1666,high_quality_architectural/3718,True,2540650,16,1252008,True,30,176806,1525,11,46529
1.6930379746835442,806579,5,7829,948,high_quality_architectural/9705,True,1521540,6,603376,True,17,87558,1605,4,16198
1.3968023255813953,1692735,8,9456,1376,high_quality_architectural/5785,True,2644672,8,826032,True,26,100634,1922,11,15815
1.5622222222222222,919625,18,38760,1350,high_quality_architectural/1860,True,2847150,19,1603630,True,43,229431,2109,19,55704
1.1228226887003125,4412961,4,11616,2239,high_quality_architectural/6626,True,5628846,4,989015,True,31,175225,2514,15,40029
3.74555659494855,1751879,14,24781,1069,high_quality_architectural/9285,True,4280276,21,2004558,True,74,450811,4004,18,48247
1.0034129692832765,391164,1,1634,879,high_quality_architectural/8091,True,775278,4,297755,True,30,65349,882,7,19376
1.3912213740458015,2206307,11,16487,1572,high_quality_architectural/5083,True,3437964,14,996292,True,31,181013,2187,14,37865
0.7105069801616458,673957,6,8947,1361,high_quality_architectural/8246,True,1316087,4,536942,True,14,78006,967,4,18235
1.7789095266626722,16044437,30,56907,3338,high_quality_architectural/6122,True,19821044,29,3128527,True,87,405565,5938,43,185608
0.6951111111111111,1225098,16,25098,2250,high_quality_architectural/8155,True,3519000,18,1986631,True,37,239078,1564,18,43095
1.9949931725079655,6286127,25,47810,2197,high_quality_architectural/3202,True,9629451,25,2698920,True,86,504624,4383,28,91970
1.7783251231527093,2051948,13,20612,1421,high_quality_architectural/8734,True,3590867,12,1346846,True,21,139078,2527,12,32383
0.7386483632523759,1635716,7,7920,1894,high_quality_architectural/6445,True,2649706,10,850089,True,34,115293,1399,12,40688
1.967241379310345,3141026,21,32304,1740,high_quality_architectural/9722,True,5956020,28,2300587,True,67,396586,3423,30,85517
0.7464887640449438,657479,11,15450,1424,high_quality_architectural/9275,True,1513712,13,711473,True,25,100242,1063,6,29068
0.6739583333333333,1306265,13,13889,1920,high_quality_architectural/1160,True,2484480,14,1031494,True,24,111750,1294,7,21082
1.2027334851936218,409577,7,9332,878,high_quality_architectural/9678,True,927168,6,416036,True,18,75328,1056,4,16895
1.102281089036056,845874,12,14752,1359,high_quality_architectural/336,True,2035782,11,998025,True,26,150491,1498,14,26640
1.6362505184570717,7339174,21,35092,2411,high_quality_architectural/8577,True,9511395,20,1780297,True,55,290754,3945,17,66078
1.4142427281845538,4155137,18,25384,1994,high_quality_architectural/559,True,5623080,19,1198595,True,41,212922,2820,12,31042
1.2819905213270142,430132,3,5883,844,high_quality_architectural/3778,True,913208,5,391666,True,16,69291,1082,2,16236
0.4495080269290523,945886,8,10158,1931,high_quality_architectural/5788,True,1676108,9,598000,True,22,99899,868,7,22165
0.7904721753794266,1627863,17,23681,2372,high_quality_architectural/3971,True,4447500,22,2390698,True,52,311049,1875,24,94209
1.1154518950437318,2145155,12,26875,1715,high_quality_architectural/9327,True,3280795,12,916649,True,21,159094,1913,9,33022
1.2804232804232805,1865179,12,16744,1512,high_quality_architectural/5677,True,2927232,13,850888,True,28,150315,1936,13,44106
0.9096119929453262,2660205,20,34041,2268,high_quality_architectural/9099,True,4678884,24,1701615,True,39,235611,2063,8,47412
1.3239601640304628,2163336,19,25782,1707,high_quality_architectural/1321,True,3857820,19,1421255,True,34,194178,2260,14,53269
0.7218259629101283,510424,5,6815,1402,high_quality_architectural/7668,True,1418824,5,771285,True,13,106595,1012,8,23705
0.7185998627316403,609382,9,11881,1457,high_quality_architectural/1694,True,1525479,10,759251,True,22,107854,1047,8,37111
1.4151670951156812,1742107,15,30496,1556,high_quality_architectural/9626,True,3426312,17,1398241,True,25,210130,2202,13,45338
1.3146067415730338,1435755,9,11853,1246,high_quality_architectural/4831,True,2040948,9,515030,True,20,63860,1638,5,14450
1.4147204529370134,1243032,17,25386,1413,high_quality_architectural/2000,True,2824587,15,1345846,True,24,164535,1999,16,45788
2.6933479532163744,15372802,44,88569,2736,high_quality_architectural/5722,True,20161584,36,3893694,True,72,682539,7369,29,123980
0.7561683599419449,576683,7,8699,1378,high_quality_architectural/1581,True,1435876,7,719417,True,23,113583,1042,10,17494
1.4844679444811633,1692160,18,35780,1513,high_quality_architectural/9620,True,3398198,16,1442640,True,34,175455,2246,16,52163
0.631981981981982,1298585,12,17314,2220,high_quality_architectural/4695,True,3114660,14,1484974,True,43,270664,1403,16,43123
1.9412597310686484,2054657,16,29206,1413,high_quality_architectural/9650,True,3875859,17,1501809,True,30,206525,2743,24,83662
1.4979591836734694,273185,7,10321,735,high_quality_architectural/3124,True,809235,8,434659,True,21,77502,1101,3,13568
1.883879781420765,274620,8,5751,732,high_quality_architectural/6220,True,1009428,6,638990,True,18,76692,1379,4,13375
0.8798856053384175,327041,6,8733,1049,high_quality_architectural/6349,True,968227,6,483068,True,25,125096,923,5,24289
0.7481751824817519,93635,4,2591,822,high_quality_architectural/530,True,505530,4,352331,True,11,51652,615,2,5321
0.5131698455949137,307206,3,4845,1101,high_quality_architectural/1316,True,622065,6,244370,True,13,53648,565,2,11996
0.6444855206407887,800180,9,12135,1623,high_quality_architectural/8258,True,1697658,10,752432,True,21,101925,1046,6,30986
2.036997885835095,995970,6,8305,946,high_quality_architectural/8424,True,1822942,6,670708,True,14,127423,1927,3,20536
1.4908869987849331,349450,5,7034,823,high_quality_architectural/1933,True,1009821,5,535721,True,11,87350,1227,5,30266
1.3131923464249748,599982,9,12909,993,high_quality_architectural/9460,True,1294872,9,557275,True,20,98102,1304,9,26604
2.3083397092578424,1503836,23,36526,1307,high_quality_architectural/3061,True,3943219,24,2008599,True,49,337109,3017,15,57149
2.5644268774703556,2136669,10,21081,1265,high_quality_architectural/7560,True,4103660,14,1584106,True,34,212926,3244,23,148878
1.3473473473473474,2455610,16,28885,1998,high_quality_architectural/1185,True,5378616,21,2380858,True,51,469867,2692,11,43396
0.9434108527131783,1018332,3,7897,1290,high_quality_architectural/2030,True,1569930,5,454022,True,11,74555,1217,2,15124
1.0,1803930,17,32324,1977,high_quality_architectural/1397,True,3908529,9,1764646,True,23,221817,1977,24,85812
0.9731494920174165,750894,12,8802,1378,high_quality_architectural/9786,True,1847898,14,943333,True,43,124926,1341,7,19943
1.6518264840182648,677965,3,4564,876,high_quality_architectural/7050,True,1267572,8,506105,True,19,54905,1447,3,24033
1.5592264302981467,1298292,9,14416,1241,high_quality_architectural/848,True,2401335,11,902370,True,17,149792,1935,9,36465
1.8071942446043165,204443,6,7261,695,high_quality_architectural/7835,True,872920,6,534749,True,16,106467,1256,3,20000
1.551440329218107,1202265,13,24201,1458,high_quality_architectural/954,True,3297996,16,1784759,True,51,215438,2262,28,71333
1.5141800246609125,385584,3,18336,811,high_quality_architectural/9138,True,995908,2,503253,True,5,81055,1228,2,7680
0.655103668261563,2278422,13,24045,2508,high_quality_architectural/9465,True,4120644,16,1581806,True,25,181060,1643,14,55311
1.6494845360824741,713002,6,7827,970,high_quality_architectural/6266,True,1552000,7,668985,True,24,134717,1600,4,27469
1.311915159076731,1951908,10,18897,1603,high_quality_architectural/8416,True,3371109,10,1204980,True,26,152266,2103,18,43058
0.8600985221674877,289930,6,7925,1015,high_quality_architectural/6665,True,886095,6,475791,True,23,87314,873,8,25135
1.5223260643821392,2964862,24,41007,1926,high_quality_architectural/2079,True,5647032,34,2179181,True,43,393654,2932,16,68328
1.456047197640118,2482913,14,25544,1695,high_quality_architectural/3916,True,4183260,16,1333150,True,38,278485,2468,19,63168
1.020979020979021,1141680,7,8634,1430,high_quality_architectural/1030,True,2087800,7,809229,True,23,96071,1460,5,32186
0.8262096774193548,3492362,20,32020,2480,high_quality_architectural/9097,True,5081520,20,1300351,True,38,212244,2049,8,44543
0.6471215351812367,215102,5,6449,938,high_quality_architectural/6672,True,569366,5,294987,True,10,46444,607,2,6384
2.3130544993662863,3247314,19,28415,1578,high_quality_architectural/769,True,5759700,19,2138660,True,70,271505,3650,35,73806
1.505827505827506,319971,12,12547,858,high_quality_architectural/851,True,1108536,9,636894,True,26,110852,1292,5,28272
1.5017964071856287,453455,6,5481,835,high_quality_architectural/1169,True,1047090,5,494428,True,10,63682,1254,3,30044
0.8263229308005428,1374422,4,6649,1474,high_quality_architectural/748,True,1795332,5,344092,True,13,59179,1218,2,10990
1.2356948228882834,443523,3,2652,734,high_quality_architectural/534,True,665738,3,173448,True,18,39395,907,13,6720
1.91,884499,10,14321,1000,high_quality_architectural/8139,True,1910000,10,835306,True,29,140192,1910,5,35682
1.6355828220858897,401701,10,10742,815,high_quality_architectural/1491,True,1086395,10,521488,True,27,115280,1333,3,37184
1.4441151566469095,3290447,23,44388,2362,high_quality_architectural/3604,True,8056782,30,4288119,True,68,414581,3411,5,19247
1.5170556552962298,1021386,11,15338,1114,high_quality_architectural/9945,True,1882660,9,741343,True,19,90390,1690,5,14203
0.8538851351351351,617884,10,9227,1184,high_quality_architectural/6030,True,1197024,8,491479,True,18,62690,1011,7,15744
0.653250773993808,1244189,10,19184,1938,high_quality_architectural/1700,True,2453508,13,997694,True,25,143692,1266,9,48749
0.9477699530516432,1231242,10,12469,1704,high_quality_architectural/8752,True,2751960,12,1307609,True,25,163299,1615,6,37341
1.8511730205278591,1527624,16,37600,1364,high_quality_architectural/78,True,3444100,17,1570469,True,44,247668,2525,20,60739
1.2824858757062148,427043,6,6400,885,high_quality_architectural/9027,True,1004475,6,490049,True,14,70158,1135,3,10825
1.148936170212766,2400725,17,30540,1974,high_quality_architectural/7802,True,4477032,16,1772868,True,40,220613,2268,17,52286
0.5605849582172702,537175,5,9164,1436,high_quality_architectural/8809,True,1155980,6,507694,True,10,82737,805,5,19210
1.2097680955727337,6865152,21,33248,2846,high_quality_architectural/3883,True,9798778,22,2549663,True,53,266589,3443,32,84126
1.4505813953488371,731973,6,9214,1032,high_quality_architectural/9557,True,1544904,5,657911,True,14,129888,1497,3,15918
0.48093385214007783,2187042,10,20429,2570,high_quality_architectural/8741,True,3176520,11,762848,True,20,162911,1236,7,43290
1.0264375413086584,1238262,12,17801,1513,high_quality_architectural/8100,True,2349689,13,919911,True,19,135854,1553,11,37861
0.6790663749088257,574161,9,11705,1371,high_quality_architectural/4790,True,1276401,10,572376,True,15,99703,931,4,18456
1.0350665054413544,283445,5,5365,827,high_quality_architectural/9633,True,707912,4,351277,True,26,50871,856,13,16954
1.4411974340698503,1310832,17,27366,1403,high_quality_architectural/1207,True,2836866,17,1295289,True,41,154767,2022,19,48612
1.3302023121387283,1156538,11,15742,1384,high_quality_architectural/1579,True,2547944,13,1182482,True,22,160773,1841,11,32409
0.7072477498815727,2485481,5,9328,2111,high_quality_architectural/7532,True,3151723,6,540251,True,19,90779,1493,4,25884
0.7341269841269841,464726,9,13509,1260,high_quality_architectural/4906,True,1165500,8,564860,True,18,98963,925,5,23442
0.9335373852208133,3435010,17,25241,2287,high_quality_architectural/1457,True,4882745,16,1128221,True,56,236895,2135,26,57378
0.6986394557823129,627265,10,14214,1470,high_quality_architectural/2055,True,1509690,13,743201,True,20,105947,1027,5,19063
1.4143041237113403,1850599,14,27612,1552,high_quality_architectural/5887,True,3406640,15,1321705,True,32,173867,2195,7,32857
0.8808068459657702,1182046,11,12351,1636,high_quality_architectural/2144,True,2357476,13,989843,True,29,145395,1441,14,27841
0.5840255591054313,454245,8,16009,1565,high_quality_architectural/1763,True,1430410,8,798220,True,13,130325,914,4,31611
0.7068741893644618,3098023,9,7981,2313,high_quality_architectural/3118,True,3781755,11,566935,True,26,90566,1635,4,18250
1.4446280991735536,1088432,10,12470,1210,high_quality_architectural/9262,True,2115080,11,851515,True,23,120711,1748,15,41952
1.6420529801324504,9750324,40,78857,3020,high_quality_architectural/1725,True,14976180,35,4403629,True,66,634034,4959,17,109336
0.7551622418879056,370254,4,5468,1017,high_quality_architectural/7805,True,781056,4,343051,True,11,56849,768,2,5434
1.4140040788579198,1974201,11,14717,1471,high_quality_architectural/4064,True,3059680,13,956297,True,19,98481,2080,8,15984
1.7275822928490352,651270,5,7336,881,high_quality_architectural/1426,True,1340882,6,577427,True,17,90269,1522,3,14580
0.994343891402715,1755542,15,19830,1768,high_quality_architectural/5915,True,3108144,15,1106432,True,35,177002,1758,15,49338
1.6951501154734412,595359,6,6068,866,high_quality_architectural/5061,True,1271288,6,542622,True,22,103924,1468,8,23315
2.343338213762811,2303557,13,20828,1366,high_quality_architectural/6062,True,4372566,14,1724232,True,30,265468,3201,13,58481
0.6692073170731707,480812,7,10128,1312,high_quality_architectural/8803,True,1151936,9,536338,True,20,101206,878,8,23452
1.5806451612903225,784128,4,3854,899,high_quality_architectural/6334,True,1277479,5,402496,True,10,72949,1421,3,14052
0.7351190476190477,623458,9,11370,1344,high_quality_architectural/6300,True,1327872,8,590686,True,14,85581,988,4,16777
0.77177368086459,915506,8,18528,1573,high_quality_architectural/4821,True,1909622,9,793393,True,20,155601,1214,4,26594
1.2549148099606815,1500493,12,17257,1526,high_quality_architectural/8569,True,2922290,14,1226187,True,29,145713,1915,18,32640
1.0234644582470669,927682,11,17885,1449,high_quality_architectural/5793,True,2148867,13,950150,True,32,222610,1483,12,30540
0.6303288672350792,782173,11,15164,1642,high_quality_architectural/6368,True,1699470,10,765292,True,21,114851,1035,5,21990
1.4734848484848484,1305473,16,19573,1320,high_quality_architectural/3649,True,2567400,14,1048739,True,31,153749,1945,7,39866
0.6386986301369864,952550,11,14446,1752,high_quality_architectural/3204,True,1960488,13,849147,True,32,121721,1119,8,22624
1.3045977011494252,3336337,18,30586,2088,high_quality_architectural/1014,True,5687712,17,2024438,True,41,223184,2724,16,73167
1.451836451836452,1489716,14,21364,1443,high_quality_architectural/82,True,3023085,17,1232245,True,42,234615,2095,12,45145
1.3407340280924331,3475476,16,35407,2207,high_quality_architectural/253,True,6530513,18,2612359,True,33,294102,2959,17,113169
1.9035369774919615,7470913,21,41968,2488,high_quality_architectural/8242,True,11783168,19,3673307,True,51,495502,4736,23,101478
2.641145139813582,3458391,17,43415,1502,high_quality_architectural/8591,True,5958434,19,1971544,True,39,375580,3967,19,109504
1.296931877275091,2692403,17,26895,1923,high_quality_architectural/4897,True,4795962,19,1790675,True,42,223045,2494,24,62944
1.7805456702253855,495991,6,9354,843,high_quality_architectural/3115,True,1265343,6,610196,True,21,108957,1501,6,40845
2.424892703862661,3315410,29,47878,1631,high_quality_architectural/1197,True,6450605,27,2605938,True,68,376764,3955,21,104615
1.2616591002888982,4042726,21,35686,2423,high_quality_architectural/8066,True,7407111,20,2926706,True,51,343167,3057,27,58826
1.2245388933440258,1211163,6,8349,1247,high_quality_architectural/3867,True,1904169,7,565830,True,11,93926,1527,6,24901
1.6277974087161367,437029,7,7964,849,high_quality_architectural/9521,True,1173318,7,595777,True,19,103134,1382,6,29414
0.6785354383607659,3897901,16,21721,2977,high_quality_architectural/3039,True,6013540,17,1843871,True,29,204632,2020,15,45415
1.45685618729097,1545705,11,17278,1495,high_quality_architectural/5062,True,3256110,10,1469227,True,41,174857,2178,17,49043
0.955837870538415,1499224,10,18787,1653,high_quality_architectural/5159,True,2611740,11,904817,True,28,161474,1580,10,27438
0.8609137055837564,424211,1,1470,985,high_quality_architectural/5505,True,835280,1,368962,True,21,32321,848,4,8316
1.878082191780822,1636582,20,41622,1460,high_quality_architectural/2183,True,4003320,19,1926287,True,48,300048,2742,25,98781
0.9646090534979423,561812,7,8836,1215,high_quality_architectural/4955,True,1423980,6,718255,True,16,112869,1172,6,22208
0.9105984138428262,1082909,7,11291,1387,high_quality_architectural/4903,True,1751781,8,546981,True,22,75630,1263,7,34970
0.36562707365627073,396987,6,9669,1507,high_quality_architectural/498,True,830357,9,345320,True,12,66978,551,5,11403
1.8141891891891893,656566,8,10550,888,high_quality_architectural/93,True,1430568,6,625594,True,16,101944,1611,4,35914
2.6312796208530806,1259398,27,29422,1055,high_quality_architectural/6275,True,2928680,28,1366889,True,71,250010,2776,13,22961
0.7722419928825622,185919,5,5265,1124,high_quality_architectural/5715,True,975632,7,663255,True,21,94627,868,5,26566
0.45408163265306123,346272,6,5959,1372,high_quality_architectural/9805,True,854756,8,411034,True,21,78812,623,4,12679
1.5835240274599542,366577,7,8750,874,high_quality_architectural/8129,True,1209616,7,719295,True,22,96920,1384,4,18074
1.5194401244167963,1137665,10,12370,1286,high_quality_architectural/986,True,2512844,12,1188358,True,20,147397,1954,6,27054
0.6300287356321839,315072,9,12445,1392,high_quality_architectural/5530,True,1220784,12,775924,True,18,92467,877,4,24876
1.1216407355021216,1316924,8,10547,1414,high_quality_architectural/381,True,2242604,11,809010,True,17,92299,1586,4,13824
1.429197080291971,178781,4,19776,685,high_quality_architectural/233,True,670615,2,403992,True,5,56738,979,4,11328
0.7802197802197802,102310,5,4359,910,high_quality_architectural/8609,True,646100,7,462224,True,14,59672,710,2,17535
0.5802023121387283,486604,10,11426,1384,high_quality_architectural/616,True,1111352,10,514902,True,19,82558,803,3,15862
1.5599541021227767,2252816,18,32389,1743,high_quality_architectural/6692,True,4739217,19,2058525,True,40,348993,2719,20,46494
0.6046658259773013,633278,10,10288,1586,high_quality_architectural/710,True,1520974,9,763432,True,18,102030,959,6,11946
2.21218487394958,2027811,17,27933,1428,high_quality_architectural/8237,True,4511052,16,2104837,True,36,288710,3159,20,61761
0.479801559177888,451012,4,7028,1411,high_quality_architectural/4866,True,955247,6,412932,True,21,72550,677,3,11725
0.707683419988446,1169351,9,11284,1731,high_quality_architectural/8687,True,2120475,10,800401,True,18,114356,1225,6,25083
0.5439074200136147,564962,8,10192,1469,high_quality_architectural/956,True,1173731,7,492224,True,23,85201,799,5,21152
0.8026208026208026,2007968,22,27134,2442,high_quality_architectural/5791,True,4786320,24,2456495,True,67,254279,1960,11,40444
1.1676190476190476,654167,6,7686,1050,high_quality_architectural/1888,True,1287300,6,534441,True,13,78478,1226,3,12528
1.5680212014134276,1022480,12,12147,1132,high_quality_architectural/4879,True,2009300,14,805238,True,47,134403,1775,15,35032
1.452762340634194,10605346,26,61286,3059,high_quality_architectural/1143,True,13594196,20,2441405,True,62,367445,4444,30,118714
0.8724155320221886,2303217,8,25494,1983,high_quality_architectural/9504,True,3430590,7,900649,True,41,181429,1730,8,19801
0.8255578093306288,2117265,12,14844,1972,high_quality_architectural/6076,True,3210416,12,906017,True,25,136796,1628,7,35494
1.1136724960254372,1008869,6,10820,1258,high_quality_architectural/8745,True,1762458,6,585266,True,17,116703,1401,6,40800
1.374020156774916,421087,7,9138,893,high_quality_architectural/5885,True,1095711,9,552095,True,22,90752,1227,4,22639
1.428436018957346,599735,8,16427,1055,high_quality_architectural/13,True,1589885,10,792743,True,18,127045,1507,6,53935
1.2242943548387097,2901367,13,18170,1984,high_quality_architectural/1787,True,4819136,17,1641348,True,37,211347,2429,12,46904
1.13944817300522,1002928,9,18300,1341,high_quality_architectural/2588,True,2049048,7,852075,True,15,137703,1528,7,38042
2.780722891566265,2817396,15,24137,1245,high_quality_architectural/9651,True,4310190,16,1226756,True,24,197150,3462,11,44751
1.0281910728269381,686721,9,11689,1277,high_quality_architectural/9748,True,1676701,10,801700,True,28,150085,1313,7,26506
0.47128129602356406,311165,4,7611,1358,high_quality_architectural/6352,True,869120,5,419914,True,14,108735,640,5,21695
1.449643947100712,654192,7,12151,983,high_quality_architectural/1843,True,1400775,9,583370,True,23,120963,1425,5,30099
0.7933884297520661,423987,4,2616,847,high_quality_architectural/3637,True,569184,5,116407,True,22,21766,672,5,4408
0.7020169160702667,712722,9,15074,1537,high_quality_architectural/908,True,1658423,10,786197,True,20,123882,1079,6,20548
0.7638617090671885,941940,9,14704,1533,high_quality_architectural/7624,True,1795143,11,679274,True,24,130199,1171,6,29026
1.276615969581749,726223,6,8290,1052,high_quality_architectural/3844,True,1412836,6,544025,True,18,108125,1343,6,26173
0.6992700729927007,75168,6,4724,685,high_quality_architectural/6541,True,328115,5,196572,True,13,42851,479,2,8800
1.489835430784124,894315,11,11422,1033,high_quality_architectural/4782,True,1589787,11,532053,True,21,129309,1539,3,22688
1.6203807390817468,492304,8,8085,893,high_quality_architectural/9993,True,1292171,8,683801,True,23,87914,1447,4,20067
2.2632743362831858,1067998,7,10255,904,high_quality_architectural/9763,True,1849584,6,645363,True,20,109401,2046,5,16567
1.029711375212224,695496,7,7563,1178,high_quality_architectural/2176,True,1428914,7,593969,True,36,108709,1213,5,23177
0.7905405405405406,1873446,24,33964,2516,high_quality_architectural/1584,True,5004324,22,2612163,True,43,401721,1989,14,83030
2.135549872122762,550163,8,8308,782,high_quality_architectural/7857,True,1305940,7,626378,True,19,107341,1670,3,13750
1.121346324180691,626223,7,8409,1129,high_quality_architectural/6051,True,1429314,6,621651,True,25,144495,1266,3,28536
0.5598859315589354,1268851,11,18121,2104,high_quality_architectural/1088,True,2478512,11,1014747,True,17,148913,1178,5,27880
0.43530701754385964,757573,7,12391,1824,high_quality_architectural/9318,True,1448256,10,558684,True,16,93847,794,4,25761
1.4020408163265305,1270685,15,34346,1470,high_quality_architectural/4876,True,3029670,16,1465821,True,24,204378,2061,12,54440
0.51513353115727,707025,8,10698,1685,high_quality_architectural/8143,True,1462580,10,606055,True,17,118654,868,7,20148
0.7293064876957495,308895,13,15926,1341,high_quality_architectural/1757,True,1311498,13,850527,True,27,110080,978,6,26070
0.7978056426332288,380055,11,12448,1276,high_quality_architectural/5052,True,1298968,12,779636,True,25,102684,1018,8,24145
1.0,1195337,3,4080,1467,high_quality_architectural/4825,True,2152089,9,823964,True,24,111222,1467,8,17486
1.215547703180212,553678,4,4832,849,high_quality_architectural/6660,True,876168,4,263066,True,19,43840,1032,5,10752
0.9714131607335491,1864192,13,18488,1854,high_quality_architectural/1507,True,3339054,12,1263845,True,23,159013,1801,9,33516
1.0105062082139447,538145,8,5841,1047,high_quality_architectural/4905,True,1107726,7,470282,True,17,82910,1058,3,10548
0.8742258218199143,2825752,14,22779,2099,high_quality_architectural/4698,True,3851665,11,805838,True,26,153293,1835,8,44003
1.0556537102473498,768680,6,8690,1132,high_quality_architectural/1886,True,1352740,5,511966,True,12,49388,1195,6,14016
0.7141693811074918,394739,9,9880,1228,high_quality_architectural/6172,True,1076956,11,571027,True,16,81258,877,8,20052
0.8330757341576507,333309,11,17060,1294,high_quality_architectural/9082,True,1394932,12,881053,True,22,137678,1078,5,25832
2.1278713629402755,1745456,16,21586,1306,high_quality_architectural/5534,True,3629374,16,1616198,True,42,181167,2779,36,64967
0.6152019002375297,145035,6,7714,842,high_quality_architectural/4010,True,436156,7,223147,True,19,52268,518,2,7992
2.7345635202271112,3156642,23,54292,1409,high_quality_architectural/4566,True,5428877,21,1698241,True,66,427312,3853,25,92390
1.0499279884781565,2870095,14,25390,2083,high_quality_architectural/5859,True,4555521,15,1316932,True,42,293804,2187,6,49300
1.399047619047619,666562,9,11602,1050,high_quality_architectural/524,True,1542450,12,738875,True,22,112968,1469,4,12443
1.330827067669173,468940,7,8750,931,high_quality_architectural/1142,True,1153509,9,565479,True,18,87236,1239,4,23104
1.6048329779673063,1884291,14,13984,1407,high_quality_architectural/6696,True,3177006,15,1083786,True,41,161958,2258,10,32987
0.5911504424778761,704130,11,13422,1695,high_quality_architectural/3658,True,1698390,12,839810,True,22,111954,1002,8,29074
1.1277860326894502,1199866,7,7636,1346,high_quality_architectural/8172,True,2043228,7,742229,True,20,76987,1518,4,16510
1.183111954459203,667399,7,10827,1054,high_quality_architectural/1386,True,1314338,6,505419,True,17,112527,1247,4,18166
1.856760374832664,418267,5,7630,747,high_quality_architectural/3925,True,1036089,6,483302,True,20,90418,1387,6,36472
0.4880952380952381,226175,3,6274,1008,high_quality_architectural/7067,True,495936,4,202348,True,11,54979,492,2,6160
0.9849690539345711,345010,8,8970,1131,high_quality_architectural/9610,True,1259934,7,759988,True,21,113641,1114,7,32325
1.515748031496063,1000283,18,27601,1270,high_quality_architectural/5911,True,2444750,17,1186292,True,40,180741,1925,16,49833
0.6998922413793104,1629212,9,8037,1856,high_quality_architectural/486,True,2410944,9,675547,True,16,87439,1299,8,10709
1.2003424657534247,858605,9,8909,1168,high_quality_architectural/5098,True,1637536,10,638038,True,27,106329,1402,6,25655
1.274235807860262,1160959,3,5712,1145,high_quality_architectural/3240,True,1670555,3,436712,True,10,57988,1459,4,9184
1.0212765957446808,281254,4,8874,846,high_quality_architectural/2,True,730944,5,359689,True,11,71607,864,2,9520
1.4408866995073892,2066632,17,20762,1624,high_quality_architectural/8773,True,3800160,19,1430073,True,40,223022,2340,16,59671
0.6842818428184282,1863015,12,21592,2214,high_quality_architectural/1896,True,3354210,12,1226567,True,25,182671,1515,9,60365
0.8526160648489315,754641,6,11102,1357,high_quality_architectural/144,True,1570049,8,671181,True,12,99175,1157,5,33950
0.7070643642072213,5901090,13,46349,3185,high_quality_architectural/2070,True,7172620,11,1053044,True,24,136476,2252,9,35661
0.8887973640856672,803911,5,7888,1214,high_quality_architectural/8509,True,1309906,4,420252,True,11,52247,1079,9,25608
0.39095744680851063,180970,4,6832,1128,high_quality_architectural/1789,True,497448,4,230215,True,18,71535,441,2,7896
0.8422796554009278,1169433,8,10416,1509,high_quality_architectural/4761,True,1917939,9,608101,True,23,111386,1271,4,18603
1.3314917127071824,1293785,13,16279,1448,high_quality_architectural/194,True,2791744,14,1288160,True,33,142131,1928,16,51389
0.8078725398313027,1647300,16,22012,2134,high_quality_architectural/6249,True,3679016,18,1736421,True,41,202861,1724,27,70422
1.1035474592521572,546499,6,7378,1043,high_quality_architectural/7923,True,1200493,7,545524,True,22,79978,1151,8,21114
1.5913865546218486,603265,7,9980,952,high_quality_architectural/4608,True,1442280,9,695123,True,25,111265,1515,4,22647
0.9322169059011164,444166,9,7733,1254,high_quality_architectural/1213,True,1465926,9,877969,True,21,112478,1169,5,23580
1.328136599851522,971804,15,24487,1347,high_quality_architectural/4679,True,2409783,16,1177976,True,32,193364,1789,16,42152
0.7514743049705139,564981,5,9332,1187,high_quality_architectural/9042,True,1058804,6,362520,True,16,95397,892,6,26574
0.8767541183648566,949019,13,14265,1639,high_quality_architectural/6583,True,2355243,17,1151299,True,28,190962,1437,17,49698
1.2608055009823183,2367323,24,42208,2036,high_quality_architectural/9103,True,5226412,26,2451168,True,35,279651,2567,15,86062
0.8861340679522498,582972,5,7294,1089,high_quality_architectural/3043,True,1050885,5,370925,True,16,82142,965,2,7552
0.5409907935116177,1979298,9,11232,2281,high_quality_architectural/491,True,2814754,9,687872,True,21,113624,1234,5,22728
0.6175663311985361,203851,4,9360,1093,high_quality_architectural/9232,True,737775,5,413806,True,15,104579,675,2,6179
1.88917089678511,1146183,16,21299,1182,high_quality_architectural/9524,True,2639406,18,1248523,True,34,158074,2233,24,65327
0.7554462403373156,552175,9,11451,1423,high_quality_architectural/6208,True,1529725,12,832455,True,21,114495,1075,9,19149
1.4738237243207422,1903719,13,25541,1509,high_quality_architectural/968,True,3356016,12,1237222,True,23,155409,2224,11,34125
0.980565371024735,608172,8,11729,1132,high_quality_architectural/7710,True,1256520,5,483182,True,22,115766,1110,6,37671
0.4663355408388521,835438,8,9996,1812,high_quality_architectural/9043,True,1531140,11,585407,True,14,85879,845,3,14420
1.034270047978067,836203,11,10727,1459,high_quality_architectural/9529,True,2201631,12,1087731,True,35,227830,1509,12,39140
1.0357327809425168,2579191,18,16461,1931,high_quality_architectural/10,True,3862000,18,1035392,True,64,205871,2000,21,25085
1.9517045454545454,871008,10,21197,1056,high_quality_architectural/214,True,2176416,11,1000772,True,41,255921,2061,6,27518
1.0254306808859721,578044,6,10384,1219,high_quality_architectural/2577,True,1523750,7,776428,True,15,105686,1250,13,53208
1.424968474148802,169641,6,7240,793,high_quality_architectural/5735,True,896090,7,599348,True,18,85918,1130,6,33943
0.9839605181986428,1237295,17,19818,1621,high_quality_architectural/9718,True,2585495,18,1128200,True,44,151478,1595,14,48704
0.9628198937711251,1964349,18,31125,2071,high_quality_architectural/8174,True,4129574,18,1835168,True,37,233788,1994,18,65144
1.5774378585086042,592524,11,13810,1046,high_quality_architectural/4066,True,1725900,12,958018,True,18,132958,1650,7,28590
1.4369208838203849,1933935,6,11629,1403,high_quality_architectural/9292,True,2828448,7,730023,True,10,65967,2016,10,86894
0.8207705192629816,471281,7,11667,1194,high_quality_architectural/6004,True,1170120,9,542015,True,17,120475,980,3,24682
0.7789115646258503,610622,4,9086,1176,high_quality_architectural/4753,True,1077216,6,341965,True,21,91065,916,6,24478
2.13268156424581,407828,8,10087,716,high_quality_architectural/9341,True,1093332,7,546315,True,19,114575,1527,3,14527
1.8116480793060719,450826,6,8698,807,high_quality_architectural/7103,True,1179834,5,598232,True,15,106828,1462,3,15250
1.6462264150943395,1222665,14,20132,1272,high_quality_architectural/8636,True,2663568,15,1193957,True,32,187179,2094,14,39635
0.7686170212765957,1607727,10,14980,1880,high_quality_architectural/403,True,2716600,12,934752,True,20,123162,1445,9,35979
1.7005047672462144,3263199,13,24995,1783,high_quality_architectural/7870,True,5406056,12,1769136,True,95,282965,3032,17,65761
0.6484110885733604,486824,13,12569,1479,high_quality_architectural/5067,True,1418361,13,811832,True,26,87031,959,4,20105
1.5583972719522592,1415412,6,6204,1173,high_quality_architectural/8645,True,2144244,7,620669,True,12,85119,1828,4,16840
0.7456549385332768,2129150,19,27605,2359,high_quality_architectural/7711,True,4149481,16,1662827,True,45,251889,1759,13,78010
1.6671195652173914,412396,6,8970,736,high_quality_architectural/3875,True,903072,4,375872,True,16,84033,1227,5,21801
1.1571319603356216,521549,13,21942,1311,high_quality_architectural/7567,True,1988787,13,1237861,True,26,168850,1517,10,38585
0.9498806682577565,1155578,2,5419,1257,high_quality_architectural/7918,True,1500858,1,282413,True,4,44528,1194,5,12920
0.737597911227154,867606,9,12496,1532,high_quality_architectural/5048,True,1731160,9,697653,True,25,128012,1130,5,25393
1.1132075471698113,645981,11,12439,1325,high_quality_architectural/7077,True,1954375,16,1102906,True,24,149979,1475,10,43070
0.8024793388429752,602725,5,10177,1210,high_quality_architectural/5602,True,1174910,4,453640,True,15,105776,971,1,2592
2.5071656050955413,1747427,15,23838,1256,high_quality_architectural/1913,True,3955144,18,1861436,True,39,250613,3149,28,71830
1.6401816118047674,461502,9,10239,881,high_quality_architectural/4711,True,1273045,9,690148,True,21,92813,1445,6,18343
0.9481634054239616,5189768,22,28032,2913,high_quality_architectural/8517,True,8045706,21,2472155,True,49,313390,2762,16,42361
1.6112576956904134,509308,13,23151,1137,high_quality_architectural/2551,True,2082984,14,1333126,True,30,180559,1832,15,36840
0.764093668690373,316964,6,8946,1153,high_quality_architectural/7832,True,1015793,8,575569,True,15,96098,881,3,18216
0.7141955835962145,858136,11,18155,1585,high_quality_architectural/871,True,1794220,11,769933,True,22,121860,1132,6,26136
1.3157894736842106,312521,7,11360,874,high_quality_architectural/715,True,1005100,8,566368,True,23,98903,1150,4,15948
1.1978131212723657,3455720,13,22813,2012,high_quality_architectural/9058,True,4848920,14,1145030,True,20,177247,2410,12,48110
1.9127988748241913,275027,6,9692,711,high_quality_architectural/9054,True,966960,7,551665,True,20,101748,1360,7,28828
0.6920842411038489,442642,12,13255,1377,high_quality_architectural/189,True,1312281,14,726387,True,27,107899,953,9,22098
1.1991379310344827,691232,7,8131,1160,high_quality_architectural/755,True,1613560,8,791343,True,17,91228,1391,15,31626
0.8783592644978784,71640,3,3087,707,high_quality_architectural/793,True,439047,7,281561,True,16,66685,621,3,16074
0.5227670753064798,215517,2,4879,1142,high_quality_architectural/8744,True,681774,4,326301,True,9,126061,597,2,9016
1.0875621890547265,377400,7,9411,1005,high_quality_architectural/5700,True,1098465,8,599285,True,23,96463,1093,3,15906
1.1436123348017622,870377,3,4528,1135,high_quality_architectural/738,True,1473230,5,528631,True,13,58366,1298,4,11328
1.4977075904228223,3420716,20,38595,1963,high_quality_architectural/1046,True,5771220,18,1945172,True,44,281485,2940,25,85252
0.6547567800258287,2592349,13,18477,2323,high_quality_architectural/5684,True,3533283,13,769791,True,27,126085,1521,8,26581
0.7224242424242424,177870,3,8309,825,high_quality_architectural/1902,True,491700,4,245316,True,6,49789,596,1,10416
0.7360824742268042,1543081,12,18983,1940,high_quality_architectural/1368,True,2770320,14,1023176,True,25,155114,1428,5,29966
0.9374660141381186,1963573,12,12705,1839,high_quality_architectural/8335,True,3170436,15,1026758,True,28,146747,1724,7,20653
1.2142857142857142,2141571,10,15236,1624,high_quality_architectural/4766,True,3202528,12,877707,True,25,149031,1972,7,18983
0.7300813008130081,590748,4,8881,1230,high_quality_architectural/8127,True,1104540,7,414286,True,21,81775,898,3,8850
0.9603293413173652,620540,6,4645,1336,high_quality_architectural/8105,True,1714088,9,867362,True,36,177098,1283,7,44443
1.7398305084745762,1126331,12,17673,1180,high_quality_architectural/720,True,2422540,15,1011123,True,34,202205,2053,24,65208
1.271153846153846,1385375,10,18975,1560,high_quality_architectural/92,True,3093480,13,1422785,True,52,179873,1983,14,86472
1.758308157099698,2204653,10,10182,1324,high_quality_architectural/7642,True,3082272,10,735479,True,23,112387,2328,19,19571
1.4056761268781301,717518,14,26307,1198,high_quality_architectural/9128,True,2017432,13,1080775,True,25,147766,1684,13,45066
1.312754804892254,2319936,15,21773,1717,high_quality_architectural/5957,True,3870118,17,1307717,True,32,177539,2254,20,43153
0.8474065138721351,1044603,14,19363,1658,high_quality_architectural/3163,True,2329490,15,1071624,True,34,157758,1405,8,36142
0.43103448275862066,240490,3,6327,1218,high_quality_architectural/5147,True,639450,5,320862,True,10,63503,525,1,8268
0.8312342569269522,609414,2,4468,1191,high_quality_architectural/8308,True,1179090,4,487853,True,24,66591,990,5,10764
0.8683996750609261,619609,5,9322,1231,high_quality_architectural/83,True,1315939,8,574100,True,17,91080,1069,3,21828
1.2490622655663917,1208411,7,11096,1333,high_quality_architectural/8651,True,2219445,7,839022,True,21,124440,1665,6,36476
0.8978267920856309,5953963,28,60333,3083,high_quality_architectural/836,True,8533744,25,2054395,True,45,343810,2768,24,121243
1.9366548042704625,1329421,14,13739,1405,high_quality_architectural/5806,True,3823005,18,2203289,True,33,246350,2721,26,30206
2.0,1497698,14,17630,1253,high_quality_architectural/7085,True,3140018,14,1384010,True,40,195219,2506,17,45461
0.5502242152466368,1909143,10,13608,2230,high_quality_architectural/971,True,2736210,10,666711,True,30,126257,1227,5,20491
1.3576042278332354,2375762,16,28254,1703,high_quality_architectural/5057,True,3937336,16,1290223,True,37,178600,2312,21,64497
0.8303411131059246,276478,9,9801,1114,high_quality_architectural/1372,True,1030450,8,650844,True,15,82092,925,3,11235
1.4268919911829536,1208565,13,16205,1361,high_quality_architectural/2078,True,2643062,14,1232840,True,28,138200,1942,14,47252
0.326644370122631,480123,6,9590,1794,high_quality_architectural/6642,True,1051284,8,464141,True,19,88165,586,2,9265
0.6449563145353455,493284,7,8036,1259,high_quality_architectural/8431,True,1022308,7,436455,True,14,66973,812,5,17560
2.043002915451895,1614821,13,16137,1372,high_quality_architectural/601,True,3845716,17,1859178,True,45,305936,2803,19,49644
1.539568345323741,672940,5,9102,973,high_quality_architectural/8600,True,1457554,5,641418,True,8,106084,1498,3,28010
0.8707533234859675,976804,7,9602,1354,high_quality_architectural/6724,True,1596366,9,505506,True,19,93405,1179,4,11049
0.8298204527712725,477106,10,13289,1281,high_quality_architectural/8819,True,1361703,12,728089,True,28,119458,1063,5,23761
0.9325889164598842,3961217,13,18081,2418,high_quality_architectural/3910,True,5452590,18,1254655,True,32,151657,2255,13,66980
0.9497674418604651,478165,6,8768,1075,high_quality_architectural/7787,True,1097575,7,512522,True,18,82247,1021,5,15873
0.9319526627218935,1452897,20,29785,2028,high_quality_architectural/9102,True,3832920,24,2101931,True,35,202169,1890,10,46138
1.4383561643835616,1858972,16,24030,1606,high_quality_architectural/6617,True,3709860,17,1598588,True,45,166638,2310,17,61632
1.225672877846791,1101818,14,24441,1449,high_quality_architectural/5961,True,2573424,13,1210504,True,31,176705,1776,26,59956
1.7948193592365371,1599058,22,38443,1467,high_quality_architectural/2019,True,3862611,18,1979512,True,33,208197,2633,15,37401
0.7994768962510898,532263,4,7737,1147,high_quality_architectural/1844,True,1051799,6,397498,True,18,98422,917,3,15879
1.2386081193040597,677026,10,14632,1207,high_quality_architectural/3704,True,1804465,10,925813,True,30,151735,1495,6,35259
1.4644167278063096,1415326,11,18988,1363,high_quality_architectural/7911,True,2720548,12,1029142,True,32,220482,1996,11,36610
1.227189781021898,570336,10,10798,1096,high_quality_architectural/9149,True,1474120,11,789288,True,19,74138,1345,8,29560
1.2294665537679932,693667,11,18884,1181,high_quality_architectural/4976,True,1714812,9,797440,True,27,170257,1452,5,34564
0.7577403585008148,1305216,10,14498,1841,high_quality_architectural/1070,True,2568195,9,1066110,True,29,149855,1395,18,32516
0.8732638888888888,132745,3,1432,576,high_quality_architectural/5539,True,289728,3,136070,True,20,16337,503,6,3144
1.5567300916138125,1876106,12,17481,1419,high_quality_architectural/1059,True,3134571,15,1021012,True,35,190371,2209,8,29601
0.6436837029893925,1675232,10,13710,2074,high_quality_architectural/8706,True,2768790,9,915478,True,20,135996,1335,6,28374
0.6127129750982963,463800,11,11416,1526,high_quality_architectural/9177,True,1426810,12,819100,True,23,115336,935,8,17158
1.316274309109519,612263,2,3432,977,high_quality_architectural/5751,True,1256422,5,533840,True,19,90815,1286,6,16072
1.0378989361702127,1327336,9,10070,1504,high_quality_architectural/9064,True,2347744,8,857133,True,20,133657,1561,4,19548
1.196116504854369,672169,5,7981,1030,high_quality_architectural/4956,True,1268960,6,484327,True,18,80342,1232,5,24141
1.1988600379987333,1611097,10,17331,1579,high_quality_architectural/2561,True,2989047,10,1071895,True,23,228971,1893,13,59753
1.1106870229007633,1125087,11,19219,1572,high_quality_architectural/543,True,2744712,16,1242317,True,40,318745,1746,14,39344
2.200778642936596,5053143,16,28164,1798,high_quality_architectural/6380,True,7114686,19,1552728,True,44,435715,3957,11,44936
0.7596153846153846,392679,6,8669,1248,high_quality_architectural/9646,True,1183104,6,670884,True,19,85196,948,5,25676
1.186411889596603,5170444,12,20143,2355,high_quality_architectural/1895,True,6579870,11,1168864,True,26,161899,2794,9,58520
0.6410848240046163,839594,12,12645,1733,high_quality_architectural/9136,True,1925363,11,932982,True,27,118328,1111,11,21814
1.1177015755329007,549664,6,9759,1079,high_quality_architectural/5688,True,1301274,8,614801,True,19,112596,1206,3,14454
1.8675799086757991,812847,7,7380,876,high_quality_architectural/9345,True,1433136,6,519207,True,14,81711,1636,3,11991
0.7330396475770925,616364,3,6811,1135,high_quality_architectural/9231,True,944320,4,246870,True,10,71335,832,1,2940
1.8890423572744015,6298873,15,30666,2172,high_quality_architectural/1722,True,8911716,14,2174291,True,40,327824,4103,22,80062
0.5733407696597881,1034719,6,13535,1793,high_quality_architectural/949,True,1843204,6,667055,True,14,107634,1028,3,20261
1.0132187706543292,819646,12,18675,1513,high_quality_architectural/681,True,2319429,11,1237252,True,35,163712,1533,11,80144
1.2110689093868692,2223585,19,22573,1843,high_quality_architectural/3215,True,4113576,13,1673731,True,42,161879,2232,17,31808
0.8592150170648464,230112,7,10651,1172,high_quality_architectural/8263,True,1180204,7,822033,True,16,99315,1007,4,18093
1.2100456621004567,953321,13,17298,1314,high_quality_architectural/306,True,2089260,13,950670,True,26,130686,1590,8,37285
1.1559238796807858,1393839,12,24023,1629,high_quality_architectural/7757,True,3067407,17,1332157,True,31,254475,1883,16,62913
0.5525773195876289,151587,4,6870,970,high_quality_architectural/377,True,519920,4,294110,True,10,58383,536,2,8970
1.1196581196581197,338320,7,9737,936,high_quality_architectural/655,True,980928,7,517074,True,21,97049,1048,4,18748
0.9713979263496604,6103424,6,9782,2797,high_quality_architectural/9118,True,7599449,7,1243580,True,22,203490,2717,23,39173
1.0306781485468246,2417025,10,16521,1858,high_quality_architectural/6431,True,3558070,11,970488,True,22,127459,1915,6,26577
0.6658354114713217,380707,5,8548,1203,high_quality_architectural/6681,True,963603,6,486834,True,18,76986,801,3,10528
1.8327272727272728,2657281,22,39435,1650,high_quality_architectural/1572,True,4989600,27,1875317,True,56,318460,3024,24,99107
1.8798235942668138,651449,6,10552,907,high_quality_architectural/5006,True,1546435,7,726308,True,46,116942,1705,8,41184
1.8379493223335297,2810875,23,61038,1697,high_quality_architectural/1315,True,5292943,22,1940615,True,61,393771,3119,23,86644
0.6601779755283649,1699066,1,4704,1798,high_quality_architectural/8629,True,2134226,2,401406,True,4,29050,1187,0,0
0.9063517915309446,661537,5,6849,1228,high_quality_architectural/930,True,1366764,6,585103,True,16,99418,1113,3,13857
1.5960159362549802,1044084,18,27820,1255,high_quality_architectural/5525,True,2513765,16,1224432,True,24,168541,2003,9,48888
1.2175,1022094,12,15534,1600,high_quality_architectural/9464,True,3116800,15,1721988,True,44,266929,1948,24,90255
0.9753086419753086,122859,4,4771,729,high_quality_architectural/9564,True,518319,7,319610,True,14,59247,711,4,11832
2.7033595425303787,2525139,13,24941,1399,high_quality_architectural/2131,True,5291018,13,2363718,True,33,336278,3782,10,40942
1.3835198372329602,804070,7,9346,983,high_quality_architectural/5050,True,1336880,5,417379,True,18,83021,1360,6,23064
1.4186046511627908,576224,7,8648,903,high_quality_architectural/9912,True,1156743,6,464882,True,19,90719,1281,4,16270
1.6333012512030798,820714,8,9832,1039,high_quality_architectural/6459,True,1763183,9,778753,True,26,127310,1697,9,26574
0.5810344827586207,4611493,24,39127,3480,high_quality_architectural/920,True,7036560,24,1973462,True,50,343766,2022,21,68712
0.8133903133903134,2694371,11,15472,2106,high_quality_architectural/3172,True,3607578,12,756145,True,27,121746,1713,6,19844
0.8748878923766816,3217743,14,20021,2230,high_quality_architectural/3196,True,4350730,14,908207,True,33,170988,1951,9,33771
0.990849008642603,2302957,11,18226,1967,high_quality_architectural/8251,True,3833683,14,1184744,True,42,262108,1949,21,65648
0.8098434004474273,5527548,23,43705,3129,high_quality_architectural/3967,True,7928886,21,1981497,True,52,290619,2534,30,85517
1.7575392038600723,349465,8,8908,829,high_quality_architectural/3792,True,1207853,7,735394,True,19,82707,1457,5,31379
0.8243486073674753,2520206,20,26039,2226,high_quality_architectural/8584,True,4084710,19,1342612,True,43,158790,1835,11,37063
0.6908923643054278,376140,4,7136,1087,high_quality_architectural/3,True,816337,4,360342,True,13,63777,751,2,8942
0.9409282700421941,329406,10,10982,1185,high_quality_architectural/767,True,1321275,12,864758,True,29,101029,1115,6,15100
1.3259949195596952,3783031,20,64926,2362,high_quality_architectural/914,True,7397784,22,3040326,True,48,363693,3132,27,145808
1.9869976359338062,731925,6,6396,846,high_quality_architectural/5924,True,1422126,6,602321,True,19,72644,1681,6,8840
0.8262032085561497,170538,4,2838,748,high_quality_architectural/6595,True,462264,4,216667,True,13,65331,618,1,6890
1.5372526193247962,2853839,5,11749,1718,high_quality_architectural/985,True,4537238,8,1438773,True,17,200895,2641,7,31982
1.4831612034126627,4127484,41,62249,2227,high_quality_architectural/5055,True,7355781,29,2623274,True,98,469364,3303,45,73410
1.3967935871743486,1262425,18,33526,1497,high_quality_architectural/5047,True,3130227,18,1613368,True,48,156890,2091,16,64018
0.7468477206595538,1524875,11,22859,2062,high_quality_architectural/5115,True,3175480,11,1393837,True,24,203165,1540,11,30744
2.1220204313280364,4554574,15,24100,1762,high_quality_architectural/8228,True,6588118,16,1664144,True,79,280086,3739,18,65214
0.5858178887993554,351169,3,4292,1241,high_quality_architectural/948,True,902207,5,442689,True,13,77113,727,5,26944
0.9030860855441256,1478417,16,27076,1847,high_quality_architectural/1215,True,3080796,17,1322894,True,25,185269,1668,22,67140
2.207547169811321,253431,10,9186,689,high_quality_architectural/8762,True,1047969,9,654384,True,23,109452,1521,4,21516
2.1390168970814134,2010061,9,12531,1302,high_quality_architectural/3040,True,3626070,10,1410357,True,21,152420,2785,12,40701
1.6741706161137442,556202,5,5731,844,high_quality_architectural/4649,True,1192572,7,516512,True,19,99890,1413,4,14237
0.7072484166080225,827809,9,10564,1421,high_quality_architectural/1727,True,1428105,8,513456,True,13,62853,1005,4,13423
1.0683257918552036,3225932,20,31447,2210,high_quality_architectural/1747,True,5217810,20,1587366,True,50,331645,2361,17,41420
1.996291718170581,662169,7,6968,809,high_quality_architectural/6396,True,1306535,6,521006,True,19,99966,1615,3,16426
1.1743869209809263,640619,8,10867,1101,high_quality_architectural/617,True,1423593,11,626839,True,24,112023,1293,6,33245
1.1501272264631044,1004983,5,8542,1179,high_quality_architectural/5901,True,1598724,5,493706,True,12,79188,1356,2,12305
0.5502958579881657,1207530,12,13134,2028,high_quality_architectural/9244,True,2263248,12,882976,True,25,128874,1116,6,30734
0.7573371510379384,554818,10,13338,1397,high_quality_architectural/5875,True,1478026,9,775059,True,19,107305,1058,5,27506
1.252410166520596,682896,6,6780,1141,high_quality_architectural/5049,True,1630489,7,827433,True,17,97604,1429,5,15776
1.1187669990933817,655650,9,20035,1103,high_quality_architectural/2105,True,1361102,11,540421,True,19,126269,1234,4,18727
1.4734299516908214,859199,5,8641,1035,high_quality_architectural/8737,True,1578375,6,582260,True,28,107445,1525,7,20830
1.4627539503386005,954213,13,19347,1329,high_quality_architectural/6594,True,2583576,15,1363405,True,28,179946,1944,21,66665
0.7596537949400799,799264,10,14941,1502,high_quality_architectural/8757,True,1713782,11,742502,True,29,125489,1141,6,31586
0.8303875968992248,6634978,21,31826,3225,high_quality_architectural/357,True,8636550,16,1692689,True,38,219633,2678,22,57424
1.4104560622914348,486165,6,9701,899,high_quality_architectural/1836,True,1139932,7,534820,True,15,96718,1268,2,12528
0.5391156462585034,312329,6,7833,1176,high_quality_architectural/294,True,745584,7,347861,True,18,59616,634,4,17945
1.8629776021080369,409674,5,6977,759,high_quality_architectural/7869,True,1073226,5,559910,True,11,74647,1414,3,22018
0.6726926736441484,361617,6,6693,1051,high_quality_architectural/5102,True,743057,6,315358,True,12,53754,707,2,5635
0.9793059535179879,5511994,30,94568,3141,high_quality_architectural/2569,True,9661716,22,3142400,True,105,699560,3076,28,213194
0.5837018319646241,617558,8,13197,1583,high_quality_architectural/6282,True,1462692,10,691040,True,27,114803,924,5,26094
2.2008900190718372,2588859,20,38162,1573,high_quality_architectural/3876,True,5445726,21,2486743,True,45,264846,3462,24,67116
1.1144986449864498,1346577,13,22549,1476,high_quality_architectural/2559,True,2428020,12,887475,True,21,122373,1645,13,49046
1.1787072243346008,547944,2,918,789,high_quality_architectural/6289,True,733770,3,141702,True,16,37078,930,4,6128
1.0661116552399608,2259896,18,30373,2042,high_quality_architectural/537,True,4445434,20,1838414,True,39,249963,2177,14,66788
1.653012048192771,466244,7,7962,830,high_quality_architectural/9423,True,1138760,6,565447,True,18,79879,1372,5,19228
1.0161564625850341,826151,4,7837,1176,high_quality_architectural/193,True,1405320,4,459971,True,12,86351,1195,14,25010
1.4763903462749213,435061,7,11497,953,high_quality_architectural/9407,True,1340871,6,730300,True,26,134163,1407,3,29850
1.3197969543147208,334438,7,8724,985,high_quality_architectural/1780,True,1280500,6,797461,True,21,113152,1300,9,26725
1.6498829039812646,534129,5,5559,854,high_quality_architectural/902,True,1203286,6,568436,True,15,82403,1409,3,12759
1.614569536423841,4430767,22,28501,2265,high_quality_architectural/8032,True,8283105,22,3267840,True,47,467294,3657,23,88703
0.7068873465029365,1784822,10,12588,1873,high_quality_architectural/2084,True,2479852,9,576785,True,21,85025,1324,4,20632
1.3407407407407408,1171361,10,12993,1215,high_quality_architectural/777,True,1979235,6,680381,True,26,98782,1629,11,15718
0.831733483907397,1550789,10,12724,1771,high_quality_architectural/5038,True,2608683,11,890180,True,25,126720,1473,9,28270
0.3654846335697399,875563,11,11095,2115,high_quality_architectural/1100,True,1634895,10,618591,True,22,112916,773,5,16730
0.5519955030916245,550704,12,18568,1779,high_quality_architectural/6557,True,1746978,12,1014995,True,21,134468,982,7,28243
1.0346260387811634,191577,3,3718,722,high_quality_architectural/3624,True,539334,4,283938,True,15,48541,747,2,11560
1.9449938195302843,2134534,11,15155,1618,high_quality_architectural/7088,True,5091846,19,2376223,True,54,508906,3147,15,57028
1.3523809523809525,1321192,17,16604,1575,high_quality_architectural/5768,True,3354750,17,1624762,True,54,318360,2130,16,73832
1.176037483266399,700726,10,12618,1494,high_quality_architectural/3242,True,2624958,14,1714823,True,39,161084,1757,12,35707
0.8472041612483745,605635,5,17147,1538,high_quality_architectural/4868,True,2004014,6,1030525,True,22,295087,1303,2,55620
0.7611510791366907,564330,11,15462,1390,high_quality_architectural/1529,True,1470620,11,739577,True,27,121553,1058,7,29698
1.175983436853002,475425,5,7578,966,high_quality_architectural/5903,True,1097376,6,500910,True,14,94725,1136,4,18738
1.4102373887240356,6407841,21,64481,2696,high_quality_architectural/2573,True,10250192,16,2830303,True,68,742237,3802,25,205330
1.5390029325513197,1830395,22,32074,1705,high_quality_architectural/143,True,4473920,24,2248777,True,42,299703,2624,23,62971
1.4183406113537118,916751,7,12292,1145,high_quality_architectural/4526,True,1859480,9,757422,True,24,138623,1624,6,34392
1.5840286054827175,545367,7,6862,839,high_quality_architectural/7542,True,1115031,5,472314,True,21,73535,1329,4,16953
0.8956347215253387,2469144,11,15094,1993,high_quality_architectural/3947,True,3557505,11,891775,True,29,157494,1785,5,23998
0.9140577041129527,1376442,11,9371,1629,high_quality_architectural/3001,True,2425581,15,880697,True,29,138687,1489,11,20384
1.958994708994709,472633,6,6671,756,high_quality_architectural/8098,True,1119636,6,527648,True,14,91410,1481,3,21274
1.8746753246753247,2387521,13,20958,1540,high_quality_architectural/9532,True,4445980,15,1724590,True,33,257868,2887,18,55043
0.7081117021276596,811782,9,11081,1504,high_quality_architectural/6186,True,1601760,10,668224,True,22,92340,1065,9,18333
1.5626168224299066,898232,11,9711,1070,high_quality_architectural/1988,True,1789040,9,672256,True,38,168828,1672,4,40013
2.2053097345132744,791054,15,23467,1130,high_quality_architectural/6570,True,2815960,18,1623655,True,62,324259,2492,16,53525
1.8619186046511629,390849,4,5024,688,high_quality_architectural/9534,True,881328,6,420907,True,14,57092,1281,5,7456
0.6616334934797529,812606,8,10215,1457,high_quality_architectural/7014,True,1404548,8,479079,True,19,82911,964,6,19737
1.416221466731423,3341690,17,33254,2059,high_quality_architectural/6437,True,6004044,20,2222462,True,57,302983,2916,31,103655
0.669449081803005,386404,5,9607,1198,high_quality_architectural/4528,True,960796,7,468100,True,12,83001,802,2,13684
1.3997668997668997,435458,5,4917,858,high_quality_architectural/942,True,1030458,5,521389,True,16,56153,1201,7,12541
0.7265415549597856,2245438,12,18309,2238,high_quality_architectural/5689,True,3638988,12,1137356,True,36,204083,1626,8,33802
0.8520814880425155,432303,5,7064,1129,high_quality_architectural/9116,True,1086098,8,551078,True,16,81793,962,3,13860
1.374889478337754,1189994,7,7629,1131,high_quality_architectural/8719,True,1758705,5,468595,True,16,80445,1555,3,12042
1.091387245233399,969808,12,20993,1521,high_quality_architectural/4946,True,2524860,13,1262924,True,38,225552,1660,8,45583
0.5148221343873518,159410,3,9207,1012,high_quality_architectural/9492,True,527252,4,290333,True,10,68302,521,0,0
1.2690383546414674,2479538,14,25108,1799,high_quality_architectural/9868,True,4107117,13,1366475,True,22,173347,2283,10,62649
1.6280904786954236,3657532,17,25161,1901,high_quality_architectural/5820,True,5883595,21,1798012,True,46,318596,3095,21,84294
0.4569327731092437,952247,9,10146,1904,high_quality_architectural/1029,True,1656480,8,597710,True,17,84189,870,4,12188
2.8104395604395602,549800,2,2123,728,high_quality_architectural/5873,True,1489488,7,807309,True,20,106239,2046,13,24017
1.454724409448819,758960,5,9565,1016,high_quality_architectural/4849,True,1501648,7,590972,True,18,111568,1478,4,30583
1.1757575757575758,593400,6,11004,990,high_quality_architectural/2107,True,1152360,7,414901,True,25,109915,1164,5,23140
0.443646408839779,651844,10,12523,1810,high_quality_architectural/7948,True,1453430,9,672212,True,21,98967,803,7,17884
1.2729166666666667,861724,3,2938,960,high_quality_architectural/4690,True,1173120,3,270875,True,20,30433,1222,6,7150
1.7331711273317112,950274,18,24958,1233,high_quality_architectural/9680,True,2634921,14,1461490,True,30,151634,2137,12,46565
0.9020715630885122,388842,5,7026,1062,high_quality_architectural/4912,True,1017396,8,508239,True,25,96890,958,3,16399
2.071704594246458,9111287,15,25651,2329,high_quality_architectural/2505,True,11237425,17,1716774,True,35,343137,4825,9,40576
0.6276408450704225,1422102,18,22602,2272,high_quality_architectural/5002,True,3239872,18,1541628,True,44,220040,1426,12,33500
1.4443084455324358,309413,7,6940,817,high_quality_architectural/7032,True,964060,6,546944,True,14,84523,1180,3,16240
0.5458293688550587,3873033,13,12695,3153,high_quality_architectural/6515,True,5426313,21,1383234,True,53,141408,1721,17,15943
1.245639534883721,163498,6,6134,688,high_quality_architectural/6733,True,589616,6,342512,True,16,71330,857,2,6142
0.9559322033898305,1086634,21,39761,1770,high_quality_architectural/7795,True,2994840,18,1524473,True,44,262684,1692,11,81288
0.4803804994054697,663927,9,11222,1682,high_quality_architectural/6313,True,1359056,10,571884,True,18,97587,808,4,14436
0.5613415710503089,302205,4,7690,1133,high_quality_architectural/502,True,720588,6,327772,True,19,71737,636,3,11184
2.136913767019667,2097270,21,23990,1322,high_quality_architectural/662,True,3734650,20,1304260,True,55,268897,2825,16,40233
1.0136518771331058,1517459,20,24684,1758,high_quality_architectural/9113,True,3132756,17,1334545,True,48,217341,1782,24,38727
1.9966367713004485,526783,4,7467,892,high_quality_architectural/3702,True,1588652,8,890881,True,24,130060,1781,6,33461
0.6169474727452924,1163412,14,18350,2018,high_quality_architectural/8194,True,2512410,16,1121799,True,24,172441,1245,8,36408
1.8768292682926828,739097,5,8054,820,high_quality_architectural/1184,True,1261980,6,411700,True,15,86718,1539,3,16411
0.8993595608417201,461872,5,6489,1093,high_quality_architectural/8619,True,1074419,7,509911,True,19,72584,983,8,23563
0.7992926613616269,631381,4,8650,1131,high_quality_architectural/1384,True,1022424,5,303908,True,14,65705,904,3,12780
1.414002428166734,6420709,16,28809,2471,high_quality_architectural/5580,True,8633674,14,1864697,True,41,260264,3494,19,59195
0.7133599202392822,1829312,10,13534,2006,high_quality_architectural/4676,True,2870586,10,887837,True,29,110981,1431,17,28922
2.26038062283737,1133832,16,23614,1156,high_quality_architectural/5531,True,3020628,20,1541518,True,40,271988,2613,14,49676
1.2637940094587494,3257759,10,21503,1903,high_quality_architectural/1748,True,4576715,13,1101349,True,19,139032,2405,10,57072
0.8336283185840708,542228,5,7104,1130,high_quality_architectural/2145,True,1064460,6,433457,True,14,72867,942,2,8804
1.4659090909090908,299973,3,8756,704,high_quality_architectural/8060,True,726528,3,354091,True,6,60496,1032,2,3212
1.3422306959008579,717722,7,6977,1049,high_quality_architectural/7761,True,1476992,7,667566,True,12,68257,1408,5,16470
2.0690104166666665,2692731,9,9153,1536,high_quality_architectural/2579,True,4881408,16,1843755,True,42,253333,3178,19,82436
1.1399491094147582,871544,3,4265,1179,high_quality_architectural/9719,True,1584576,5,600044,True,18,79099,1344,4,29624
0.6274921301154249,290942,1,6936,953,high_quality_architectural/277,True,569894,1,240856,True,4,31160,598,0,0
0.8764880952380952,992755,5,8123,1344,high_quality_architectural/3570,True,1583232,6,480428,True,17,82114,1178,3,19812
1.3528205128205129,708072,2,3342,975,high_quality_architectural/6149,True,1286025,6,482708,True,21,73219,1319,4,18684
1.2669172932330828,519504,8,6719,1064,high_quality_architectural/7091,True,1434272,8,800185,True,22,86949,1348,4,20915
1.2741935483870968,467280,8,6850,930,high_quality_architectural/160,True,1102050,7,523546,True,21,85214,1185,4,19160
0.8997539975399754,1058412,9,21779,1626,high_quality_architectural/2563,True,2378838,8,1070346,True,21,155123,1463,16,73178
1.214358452138493,2622313,16,37176,1964,high_quality_architectural/190,True,4684140,16,1671066,True,35,262140,2385,27,91445
0.5739514348785872,390898,7,11903,1359,high_quality_architectural/5920,True,1060020,8,537376,True,13,95849,780,4,23994
1.4139177586985991,4246206,18,24906,2213,high_quality_architectural/320,True,6924477,17,2300466,True,49,321893,3129,17,31006
1.663064833005894,816072,15,10888,1018,high_quality_architectural/8541,True,1723474,12,632673,True,30,228561,1693,3,35280
2.1883076923076925,3430759,14,32405,1625,high_quality_architectural/9169,True,5778500,17,1875787,True,34,339827,3556,20,99722
1.8057045343734763,18815159,103,154787,4102,high_quality_architectural/9875,True,30383514,101,10133554,True,205,1106751,7407,92,173263
1.4137630662020906,1148267,7,9129,1148,high_quality_architectural/9454,True,1863204,6,594033,True,14,93754,1623,5,18021
1.9082177161152614,971884,3,3264,937,high_quality_architectural/6268,True,1675356,6,621292,True,29,63711,1788,9,15205
1.4882664647993944,1169844,20,28322,1321,high_quality_architectural/1609,True,2597086,18,1164290,True,36,211502,1966,8,23128
0.7658730158730159,1433104,10,10184,1764,high_quality_architectural/3963,True,2383164,11,784690,True,32,126701,1351,5,28485
0.43541364296081275,333698,8,9889,1378,high_quality_architectural/4635,True,826800,9,395830,True,21,71850,600,5,15533
1.562588904694168,1646288,6,19525,1406,high_quality_architectural/7592,True,3088982,11,1103573,True,18,302946,2197,5,16650
1.0715059588299025,224704,4,4586,923,high_quality_architectural/548,True,912847,7,483999,True,23,181390,989,3,18168
1.9666182873730043,2430154,15,20327,1378,high_quality_architectural/1153,True,3734380,17,1044302,True,39,194812,2710,12,44785
1.4779449922158796,2628311,24,38602,1927,high_quality_architectural/9105,True,5488096,24,2472234,True,35,272521,2848,10,76428
0.4344042838018742,401594,6,11054,1494,high_quality_architectural/8791,True,969606,7,431379,True,15,111653,649,3,13926
0.5693348365276212,883467,9,12984,1774,high_quality_architectural/8089,True,1791740,11,764510,True,23,109907,1010,5,20872
1.3106796116504855,488824,3,3006,721,high_quality_architectural/6522,True,681345,4,157999,True,11,20060,945,11,11456
0.8483870967741935,1109327,11,14277,1550,high_quality_architectural/180,True,2038250,12,758878,True,31,127494,1315,12,28274
0.6647058823529411,1282997,14,22662,2040,high_quality_architectural/4534,True,2766240,12,1212422,True,42,179878,1356,21,68281
1.1267723102585487,856473,6,9669,1199,high_quality_architectural/3531,True,1619849,6,613188,True,18,122573,1351,3,17946
1.298529411764706,5034221,49,76692,2720,high_quality_architectural/1852,True,9607040,46,3599451,True,85,741424,3532,24,155252
1.3782991202346042,478105,9,11497,1023,high_quality_architectural/9874,True,1442430,8,813747,True,22,112951,1410,6,26130
0.7105882352941176,520836,4,8734,1275,high_quality_architectural/1954,True,1155150,5,524714,True,11,79130,906,8,21736
1.4082840236686391,1331829,14,18737,1352,high_quality_architectural/2163,True,2574208,15,1035876,True,23,147250,1904,10,40516
0.9217777777777778,391938,7,9269,1125,high_quality_architectural/9277,True,1166625,9,659251,True,17,89343,1037,8,16824
0.6365313653136532,741863,9,12049,1626,high_quality_architectural/3597,True,1682910,11,788059,True,25,115286,1035,7,25653
0.6976284584980237,764580,7,8386,1518,high_quality_architectural/6577,True,1607562,7,679614,True,21,129045,1059,9,25937
1.8311218335343789,903606,5,3440,829,high_quality_architectural/3737,True,1258422,4,301006,True,8,43272,1518,4,7098
1.5761363636363637,624112,5,9250,880,high_quality_architectural/8407,True,1220560,6,484774,True,11,72340,1387,7,30084
0.6,1557752,8,11677,2065,high_quality_architectural/5504,True,2558535,14,811209,True,41,147769,1239,12,30128
0.912093023255814,2881328,11,17062,2150,high_quality_architectural/1129,True,4216150,13,1053427,True,35,221854,1961,11,42479
1.5350809560524288,886637,17,28633,1297,high_quality_architectural/690,True,2582327,18,1422009,True,39,189103,1991,14,55945
0.8576025744167337,418746,7,8091,1243,high_quality_architectural/741,True,1325038,8,773616,True,16,102091,1066,8,22494
0.7321937321937322,398468,10,15648,1404,high_quality_architectural/4938,True,1443312,10,872542,True,25,126014,1028,6,30640
0.8671586715867159,352535,6,7868,1084,high_quality_architectural/9143,True,1018960,8,550515,True,18,90690,940,3,17352
1.88283378746594,645331,4,4303,734,high_quality_architectural/6212,True,1014388,4,291863,True,13,58371,1382,2,14520
1.0968586387434556,130974,3,4218,764,high_quality_architectural/6348,True,640232,6,413959,True,10,54369,838,6,36712
0.5507982583454282,275046,5,8260,1378,high_quality_architectural/5639,True,1045902,7,653405,True,20,78251,759,6,30940
1.9850869925434962,1541856,13,20895,1207,high_quality_architectural/705,True,2891972,15,1076345,True,36,206211,2396,15,46665
2.0286415711947625,1153121,16,22966,1222,high_quality_architectural/5995,True,3029338,16,1543663,True,34,223254,2479,23,86334
1.6441767068273092,1199555,9,11030,1245,high_quality_architectural/9717,True,2548515,11,1201427,True,24,107235,2047,3,29268
0.9063915450427781,2432740,9,16685,1987,high_quality_architectural/7766,True,3578587,10,902956,True,26,179761,1801,8,46445
0.9827338129496402,759997,13,13810,1390,high_quality_architectural/3918,True,1898740,14,941542,True,40,150654,1366,12,32737
0.9357864357864358,742081,8,9902,1386,high_quality_architectural/8798,True,1797642,9,897426,True,33,104219,1297,16,44014
1.4927899686520376,1286425,21,40712,1595,high_quality_architectural/5572,True,3797695,18,2128753,True,34,265801,2381,15,76004
1.1469740634005763,178816,5,5411,694,high_quality_architectural/9837,True,552424,5,303603,True,10,54152,796,5,10442
1.1481844946025515,2216691,19,28004,2038,high_quality_architectural/3179,True,4768920,26,2057078,True,56,387607,2340,14,79540
1.4520089285714286,504814,5,5618,896,high_quality_architectural/3933,True,1165696,5,575230,True,15,63986,1301,3,16048
1.931637519872814,3903040,26,51355,1887,high_quality_architectural/9024,True,6878115,21,2587029,True,55,253745,3645,36,82946
1.1273241713823767,3917874,21,43112,2474,high_quality_architectural/9535,True,6899986,23,2455246,True,58,422574,2789,26,61180
1.1593406593406594,342672,5,5877,910,high_quality_architectural/9971,True,960050,10,533323,True,19,65932,1055,3,12246
1.2212121212121212,903149,13,18706,1320,high_quality_architectural/5508,True,2127840,12,1022852,True,23,143909,1612,9,39224
0.6200103680663557,773587,14,27980,1929,high_quality_architectural/1393,True,2307084,14,1272135,True,30,182071,1196,16,51311
1.030612244897959,1433476,20,34483,1862,high_quality_architectural/6573,True,3573178,19,1738646,True,47,270648,1919,30,95925
1.7958963282937366,887466,6,9960,926,high_quality_architectural/6369,True,1539938,7,517678,True,13,100367,1663,5,24467
0.7501842299189388,503324,8,8373,1357,high_quality_architectural/7772,True,1381426,8,754035,True,18,94628,1018,7,21066
1.081578947368421,166823,4,3878,760,high_quality_architectural/1949,True,624720,5,379194,True,16,61469,822,2,13356
1.3856164383561644,1314003,16,30005,1460,high_quality_architectural/3943,True,2953580,17,1343293,True,40,192138,2023,13,74141
1.4926542605288933,808169,7,11200,1021,high_quality_architectural/1831,True,1556004,9,589871,True,24,119203,1524,4,27561
1.2344192634560907,1184028,6,15956,1412,high_quality_architectural/4974,True,2461116,5,1055946,True,16,151393,1743,7,53793
0.6827682303762193,2180314,11,11238,2153,high_quality_architectural/9685,True,3164910,13,812436,True,27,130198,1470,9,30724
0.49618684461391804,1499374,9,15805,2098,high_quality_architectural/8560,True,2184018,8,553434,True,16,95404,1041,4,20001
2.210234278668311,3285371,18,30059,1622,high_quality_architectural/499,True,5814870,23,2103889,True,52,317045,3585,31,78506
0.796420581655481,884639,19,33941,1788,high_quality_architectural/5881,True,2546112,16,1370669,True,41,220135,1424,9,36728
0.6218274111675127,371191,6,8892,1182,high_quality_architectural/1765,True,868770,6,382476,True,26,96191,735,4,10020
1.2797118847539015,251691,5,7010,833,high_quality_architectural/9121,True,887978,6,516438,True,22,94969,1066,3,17870
2.202297383535418,2785402,15,30897,1567,high_quality_architectural/2609,True,5407717,17,2117927,True,44,335743,3451,25,137748
0.6324110671936759,644348,15,16864,1771,high_quality_architectural/1345,True,1983520,15,1143856,True,31,149489,1120,14,28963
1.096,1107209,10,13898,1375,high_quality_architectural/9506,True,2072125,14,788834,True,28,133157,1507,13,29027
1.2004530011325028,316636,5,9544,883,high_quality_architectural/1351,True,935980,7,494336,True,19,102306,1060,3,13158
0.9266666666666666,1797311,12,22389,1800,high_quality_architectural/5603,True,3002400,9,849814,True,33,268106,1668,6,64780
0.6190823015294975,655025,6,7970,1373,high_quality_architectural/9424,True,1167050,8,417770,True,21,76954,850,3,9331
1.4295589203423305,9147300,22,35226,3038,high_quality_architectural/2547,True,13194034,30,3468409,True,106,458351,4343,35,84748
1.9737704918032788,2595627,14,34672,1830,high_quality_architectural/9346,True,6609960,18,3185350,True,49,685041,3612,6,109270
0.7306212204507971,1401085,9,16366,1819,high_quality_architectural/5921,True,2417451,11,784343,True,28,188634,1329,7,27023
0.6678885630498533,413735,7,8067,1364,high_quality_architectural/1438,True,1242604,8,699803,True,21,100841,911,8,20158
0.8245291685806155,2167732,18,30726,2177,high_quality_architectural/1987,True,3907715,20,1431900,True,38,219057,1795,9,58300
1.3865979381443299,553113,7,13244,1164,high_quality_architectural/9977,True,1878696,11,1138025,True,23,133222,1614,17,41092
0.6136877828054299,1214875,11,12349,1768,high_quality_architectural/9175,True,1918280,10,558754,True,27,112960,1085,7,19342
1.788675429726997,971397,2,4800,989,high_quality_architectural/6671,True,1749541,6,648494,True,18,109418,1769,5,15432
1.1217887725975262,492785,8,8225,1051,high_quality_architectural/4951,True,1239129,8,603747,True,22,115112,1179,3,19260
1.195162635529608,903799,7,9428,1199,high_quality_architectural/8314,True,1718167,10,682708,True,25,101431,1433,4,20801
1.9472140762463344,1624086,15,20991,1364,high_quality_architectural/6012,True,3622784,18,1706512,True,44,189240,2656,34,81955
1.3643779741672333,1502188,13,19177,1471,high_quality_architectural/5755,True,2952297,16,1222044,True,31,171757,2007,18,37131
1.6758104738154613,982835,17,24394,1203,high_quality_architectural/596,True,2425248,19,1226626,True,35,145324,2016,14,46069
1.3728813559322033,837196,12,13972,1298,high_quality_architectural/6037,True,2313036,12,1293962,True,23,120206,1782,19,47700
1.718932443703086,820323,19,19841,1199,high_quality_architectural/8472,True,2471139,21,1430958,True,40,142281,2061,22,57736
1.0,982597,16,14381,1438,high_quality_architectural/9173,True,2067844,16,909281,True,38,140932,1438,9,20653
2.048071548351034,3855829,16,29638,1789,high_quality_architectural/1128,True,6554896,17,2159540,True,64,418562,3664,27,91327
1.0819798917246712,1057686,7,7500,1293,high_quality_architectural/8350,True,1808907,8,585498,True,23,121213,1399,6,37010
1.4313222079589216,301389,6,8424,779,high_quality_architectural/6572,True,868585,5,475165,True,11,69999,1115,5,13608
0.9229871645274212,481768,1,1120,857,high_quality_architectural/1164,True,677887,6,147243,True,18,37164,791,5,10592
0.7126076742364917,2105669,21,31041,2554,high_quality_architectural/8073,True,4648280,23,2196975,True,54,219067,1820,28,95528
0.8372713414634146,3450553,30,37705,2624,high_quality_architectural/2550,True,5764928,31,1921449,True,86,297808,2197,26,57413
0.7568627450980392,2510656,14,21956,2295,high_quality_architectural/9352,True,3986415,19,1184972,True,42,227035,1737,11,41796
0.7916181606519208,212762,3,7650,859,high_quality_architectural/1855,True,584120,4,293052,True,9,59533,680,2,11123
0.9226150767178118,551038,14,15653,1499,high_quality_architectural/7821,True,2073117,16,1312412,True,43,134767,1383,20,59247
1.2019261637239165,7125180,30,66191,3115,high_quality_architectural/9365,True,11662560,30,3849918,True,102,544850,3744,19,76421
0.718103448275862,371445,5,8627,1160,high_quality_architectural/8736,True,966280,8,493729,True,20,78792,833,7,13687
1.343769183548189,1708095,20,31383,1629,high_quality_architectural/3842,True,3565881,22,1537428,True,36,236334,2189,12,52641
1.0074859638178415,1742911,10,14101,1603,high_quality_architectural/7669,True,2588845,12,684306,True,27,115752,1615,13,31775
0.606430155210643,56178,5,5488,902,high_quality_architectural/6332,True,493394,6,373501,True,13,52419,547,2,5808
1.356923076923077,1663945,18,36977,1625,high_quality_architectural/5685,True,3583125,16,1570739,True,29,253629,2205,11,57835
0.5755608028335301,851633,7,7559,1694,high_quality_architectural/3864,True,1651650,10,678858,True,16,93744,975,5,19856
1.8458669981354878,2499344,16,28315,1609,high_quality_architectural/4741,True,4778730,19,1916381,True,29,247058,2970,25,87632
1.7616645649432534,419294,7,6974,793,high_quality_architectural/6,True,1107821,6,594124,True,17,74109,1397,3,13320
0.8289585097375106,506568,6,6929,1181,high_quality_architectural/8292,True,1156199,9,544294,True,22,79468,979,7,18940
1.0090322580645161,203608,5,5836,775,high_quality_architectural/1364,True,606050,6,315734,True,16,71949,782,2,8923
1.526530612244898,291278,6,7614,735,high_quality_architectural/4592,True,824670,5,442093,True,12,70659,1122,4,13026
1.1729222520107239,1624627,7,8821,1492,high_quality_architectural/6505,True,2611000,9,807314,True,23,123192,1750,8,47046
1.7902857142857143,3622302,11,17231,1750,high_quality_architectural/3586,True,5482750,15,1549150,True,50,263557,3133,13,30510
0.8568019093078759,1396719,12,20216,1676,high_quality_architectural/1951,True,2406736,13,815891,True,27,147921,1436,10,25989
1.4198019801980197,1501397,17,27363,1515,high_quality_architectural/7660,True,3258765,15,1473722,True,46,195043,2151,17,61240
0.6072308956450287,7337739,9,12710,3651,high_quality_architectural/1483,True,8094267,10,628009,True,26,92090,2217,5,23719
1.0989143546441495,9681136,20,26190,3316,high_quality_architectural/8209,True,12083504,21,1993576,True,60,339691,3644,11,42911
1.3859375,1162524,11,13362,1280,high_quality_architectural/775,True,2270720,10,932065,True,30,130258,1774,6,32511
1.9583333333333333,513690,6,12250,816,high_quality_architectural/788,True,1303968,8,618441,True,23,124922,1598,10,34665
1.0926456542502387,442678,8,11459,1047,high_quality_architectural/7039,True,1197768,7,637443,True,40,95436,1144,5,10752
1.045859872611465,263460,5,5809,785,high_quality_architectural/7666,True,644485,5,314245,True,10,50695,821,4,10276
1.0735386549340038,1320668,12,16860,1591,high_quality_architectural/6338,True,2717428,15,1160890,True,41,182695,1708,8,36315
0.7473118279569892,375490,11,13840,1302,high_quality_architectural/9869,True,1266846,11,715962,True,25,131251,973,7,30303
1.7672904800650935,1357349,7,10061,1229,high_quality_architectural/9583,True,2669388,11,1107466,True,25,174874,2172,4,19638
0.9634146341463414,2432010,16,36463,2132,high_quality_architectural/86,True,4379128,17,1592276,True,30,231611,2054,15,86768
0.6528497409326425,662572,5,6925,1351,high_quality_architectural/3874,True,1191582,6,430798,True,12,83762,882,2,7525
1.6299694189602447,1175616,13,29674,1308,high_quality_architectural/8616,True,2788656,13,1335305,True,30,195854,2132,14,52207
1.4652173913043478,531727,6,9994,920,high_quality_architectural/7673,True,1240160,5,597680,True,15,73085,1348,5,27674
1.2560679611650485,249513,7,9957,824,high_quality_architectural/4724,True,852840,5,506046,True,13,63204,1035,3,24120
0.7567789646672145,320185,3,1823,1217,high_quality_architectural/911,True,1120857,1,752022,True,4,36674,921,7,10153
2.5623441396508726,633121,10,9708,802,high_quality_architectural/9037,True,1648110,11,862291,True,23,122414,2055,14,20576
2.0697827518104015,3180589,8,11889,1519,high_quality_architectural/6075,True,4775736,12,1379094,True,30,161222,3144,14,42942
2.4833197721724978,1504410,16,24466,1229,high_quality_architectural/2091,True,3750908,17,1881718,True,41,274641,3052,22,65673
1.3508612873980055,667650,8,10197,1103,high_quality_architectural/4595,True,1643470,8,802530,True,24,126869,1490,6,36224
0.868601986249045,691787,8,9189,1309,high_quality_architectural/5946,True,1488333,9,672903,True,22,87363,1137,9,27091
1.845943482224248,913035,8,14304,1097,high_quality_architectural/4890,True,2221425,9,1030697,True,25,140127,2025,15,123262
1.1247175779484861,3341997,19,37165,2213,high_quality_architectural/8428,True,5508157,20,1822091,True,46,239161,2489,21,67743
1.5400641025641026,3142096,17,26281,1872,high_quality_architectural/9989,True,5396976,18,1844920,True,44,316203,2883,22,67476
1.3043478260869565,1947824,9,12354,1495,high_quality_architectural/4848,True,2915250,9,750222,True,35,151725,1950,8,53125
1.749183895538629,2575051,9,36786,1838,high_quality_architectural/2100,True,5909170,10,2890313,True,22,352191,3215,12,54829
1.9281590763309815,2573343,14,22932,1559,high_quality_architectural/6252,True,4686354,16,1649143,True,40,405933,3006,16,35003
1.4662273476112027,676682,16,23220,1214,high_quality_architectural/41,True,2160920,14,1284174,True,32,141846,1780,13,34998
1.4164164164164164,770034,7,8062,999,high_quality_architectural/1047,True,1413585,6,540715,True,14,73556,1415,5,21218
0.8002619515389653,1206504,5,7514,1527,high_quality_architectural/2050,True,1865994,6,556874,True,11,67322,1222,15,27780
1.4485891917742706,3708312,19,34301,2091,high_quality_architectural/5906,True,6333639,18,2180593,True,53,284132,3029,40,126301
2.2399665551839463,1159034,21,35718,1196,high_quality_architectural/5063,True,3204084,22,1674403,True,44,281588,2679,14,53341
2.028664142779881,3801225,19,48603,1849,high_quality_architectural/6480,True,6935599,24,2393775,True,78,594035,3751,15,97961
0.7979539641943734,395832,14,10945,1173,high_quality_architectural/6234,True,1097928,7,561037,True,35,104806,936,4,25308
0.9665825977301387,714075,12,11596,1586,high_quality_architectural/1828,True,2431338,13,1476611,True,34,172274,1533,20,56782
0.8826086956521739,202061,6,5319,920,high_quality_architectural/9849,True,747040,7,458296,True,20,66662,812,4,14702
1.0807672892478546,2836255,13,22690,1981,high_quality_architectural/8134,True,4241321,13,1160599,True,30,164381,2141,17,57396
0.7033158813263525,453009,2,2768,1146,high_quality_architectural/4865,True,923676,4,400775,True,19,60420,806,6,6704
1.2925045703839122,948991,5,3844,1094,high_quality_architectural/9931,True,1546916,5,498417,True,17,78364,1414,4,17300
1.0346576500422655,863460,6,9245,1183,high_quality_architectural/9709,True,1447992,7,482798,True,14,77613,1224,5,14876
2.222018348623853,29685253,22,35625,3815,high_quality_architectural/2003,True,32339755,20,2182604,True,53,369699,8477,14,66574
0.653090909090909,568840,8,7890,1375,high_quality_architectural/8801,True,1234750,6,562338,True,26,71364,898,6,24318
0.7476459510357816,330228,4,7317,1062,high_quality_architectural/58,True,843228,6,416638,True,17,76132,794,2,12913
1.6762870514820594,1119790,23,36887,1282,high_quality_architectural/9065,True,2755018,18,1325337,True,52,223988,2149,16,49016
1.0319715808170515,1237283,16,22361,1689,high_quality_architectural/3791,True,2943927,17,1471898,True,38,166392,1743,14,45993
0.5721854304635762,636807,10,13655,1510,high_quality_architectural/6568,True,1304640,9,541677,True,19,96878,864,3,15623
2.1426126640045635,3020367,12,19369,1753,high_quality_architectural/2580,True,6584268,14,3040197,True,36,417606,3756,26,86729
1.271891891891892,2312895,18,32519,1850,high_quality_architectural/5830,True,4353050,18,1662992,True,41,290826,2353,16,53818
1.4399141630901287,2505587,13,36903,1864,high_quality_architectural/1645,True,5002976,16,2061915,True,33,278172,2684,24,120399
1.702970297029703,1207981,15,29930,1313,high_quality_architectural/5070,True,2935868,15,1438582,True,36,199375,2236,19,60000
1.3014944769330734,1485079,19,33711,1539,high_quality_architectural/3919,True,3082617,17,1334313,True,36,193700,2003,9,35814
0.738327904451683,253480,3,7237,921,high_quality_architectural/1829,True,626280,4,295803,True,11,59044,680,2,10716
1.371047083626142,1143808,13,20356,1423,high_quality_architectural/9548,True,2776273,14,1385912,True,27,168102,1951,19,58095
0.9482543640897756,1314924,12,17912,1604,high_quality_architectural/5124,True,2439684,12,934919,True,29,154558,1521,8,17371
1.778247096092925,598918,6,6899,947,high_quality_architectural/122,True,1594748,7,861255,True,17,98830,1684,4,28846
0.9001782531194296,445339,7,12555,1122,high_quality_architectural/3153,True,1133220,8,561302,True,17,93624,1010,5,20400
2.3533512064343163,5136661,29,62398,1865,high_quality_architectural/2565,True,8185485,22,2363823,True,60,519801,4389,20,102802
1.8103448275862069,374136,8,13638,870,high_quality_architectural/8371,True,1370250,9,815790,True,24,131157,1575,11,35529
0.8993595608417201,461872,5,6489,1093,high_quality_architectural/8639,True,1074419,7,509911,True,19,72584,983,8,23563
1.5722748815165877,330592,7,8173,844,high_quality_architectural/5705,True,1119988,7,676402,True,17,87493,1327,4,17328
1.1699875466998755,1790633,7,12247,1606,high_quality_architectural/48,True,3017674,12,1076357,True,27,116495,1879,10,21942
1.091645885286783,1407126,12,18178,1604,high_quality_architectural/6668,True,2808604,18,1123045,True,39,223939,1751,6,36316
0.6555727554179567,543162,4,9320,1292,high_quality_architectural/4530,True,1094324,5,438104,True,13,88839,847,2,14899
0.5404884318766067,547021,7,9569,1556,high_quality_architectural/6578,True,1308596,6,627729,True,20,102372,841,3,21905
1.4139749505603165,1957848,10,11405,1517,high_quality_architectural/728,True,3253965,11,1116711,True,44,124373,2145,14,43628
1.4774236387782205,1496315,13,20216,1506,high_quality_architectural/9493,True,3350850,15,1620615,True,21,174600,2225,8,39104
0.9826589595375722,305017,4,5594,865,high_quality_architectural/6462,True,735250,6,347570,True,18,63487,850,7,13582
1.958762886597938,8894221,18,35624,2425,high_quality_architectural/8634,True,11518750,19,2108354,True,73,389191,4750,20,91360
0.829592684954281,652705,5,8711,1203,high_quality_architectural/9591,True,1200594,7,442427,True,14,82855,998,2,13896
0.5261593341260404,819335,8,11409,1682,high_quality_architectural/9964,True,1488570,10,538727,True,22,97919,885,7,21180
0.5982203969883642,597077,6,9829,1461,high_quality_architectural/410,True,1276914,7,535608,True,21,96517,874,9,37883
1.041814946619217,567713,6,7863,1124,high_quality_architectural/7062,True,1316204,8,640060,True,37,85317,1171,7,15251
1.2225293711126468,1091285,20,28523,1447,high_quality_architectural/5752,True,2559743,19,1232947,True,34,169306,1769,19,37682
1.048316251830161,2599288,20,28953,2049,high_quality_architectural/9100,True,4401252,20,1530032,True,38,199966,2148,8,43013
0.6819699499165276,400291,6,5660,1198,high_quality_architectural/1308,True,978766,8,437831,True,21,123476,817,3,11508
1.5169300225733635,570531,5,7829,886,high_quality_architectural/9269,True,1190784,6,510794,True,17,85548,1344,3,16082
1.1851851851851851,1084004,7,12788,1404,high_quality_architectural/5119,True,2336256,10,997454,True,29,210339,1664,9,31671
0.5086538461538461,116308,3,5791,1040,high_quality_architectural/6464,True,550160,4,353340,True,11,67077,529,1,7644
1.1795886075949367,1034608,9,12391,1264,high_quality_architectural/343,True,1884624,9,683537,True,20,125244,1491,6,28844
0.9651240778001341,1143712,13,14755,1491,high_quality_architectural/6245,True,2145549,12,820784,True,27,132033,1439,8,34265
2.35828488372093,2413993,13,17085,1376,high_quality_architectural/369,True,4465120,14,1758370,True,63,223200,3245,28,52472
0.8697863682604272,337646,5,7150,983,high_quality_architectural/6450,True,840465,6,402780,True,18,77046,855,4,15843
1.3468660968660968,1335137,13,18914,1404,high_quality_architectural/1343,True,2654964,14,1100282,True,25,156890,1891,8,43741
1.6313193588162762,459909,6,8778,811,high_quality_architectural/8430,True,1072953,7,503743,True,21,83594,1323,6,16929
1.412536443148688,1783927,8,8754,1372,high_quality_architectural/43,True,2658936,9,713517,True,33,127989,1938,8,24749
1.202983725135624,3384204,24,38970,2212,high_quality_architectural/9104,True,5886132,27,2124522,True,30,264621,2661,15,73815
1.8709893048128343,1477579,20,33093,1496,high_quality_architectural/8770,True,4187304,21,2266126,True,66,327682,2799,20,82824
1.5347877358490567,2586307,12,23847,1696,high_quality_architectural/3734,True,4414688,14,1506747,True,40,229169,2603,17,68618
2.362876254180602,1055968,30,64552,1196,high_quality_architectural/6299,True,3379896,23,1887043,True,46,313789,2826,8,58544
0.4847457627118644,892528,10,13296,2065,high_quality_architectural/5609,True,2067065,14,995552,True,31,135740,1001,6,29949
1.0397275822928491,260881,6,7776,881,high_quality_architectural/621,True,806996,8,432629,True,14,90617,916,2,15093
1.2843216896831844,633723,10,15843,1231,high_quality_architectural/6036,True,1946211,12,1095674,True,27,155226,1581,14,45745
0.7455357142857143,817756,14,13973,1568,high_quality_architectural/7611,True,1832992,14,836087,True,28,146576,1169,7,18600
0.687089715536105,428264,14,15810,1371,high_quality_architectural/9381,True,1291482,14,718165,True,29,105678,942,6,23565
1.2987012987012987,136109,4,7612,616,high_quality_architectural/232,True,492800,4,287955,True,10,52133,800,2,8991
1.6340782122905029,469711,5,6584,716,high_quality_architectural/5923,True,837720,3,332652,True,7,25874,1170,5,2899
1.2907216494845362,601088,5,7326,970,high_quality_architectural/73,True,1214440,5,498606,True,13,83159,1252,3,24261
1.1859014348097316,1738622,12,18228,1603,high_quality_architectural/8583,True,3047303,14,1042745,True,41,199921,1901,19,47787
1.4140948871487793,4812063,16,34108,2171,high_quality_architectural/7554,True,6664970,16,1509031,True,37,223199,3070,15,86569
1.323733862959285,506315,7,10500,1007,high_quality_architectural/8218,True,1342331,8,656929,True,20,126027,1333,7,42560
0.6931927133269415,266581,5,7508,1043,high_quality_architectural/8224,True,754089,5,390592,True,15,77814,723,2,11594
0.49202242345838726,1313673,9,21343,2319,high_quality_architectural/8775,True,2645979,11,1130775,True,22,157750,1141,4,22438
1.6067316209034543,291222,12,16937,1129,high_quality_architectural/8341,True,2048006,14,1509510,True,28,184234,1814,21,46103
1.4910179640718564,783571,14,25045,1169,high_quality_architectural/7800,True,2037567,13,1036957,True,19,156283,1743,10,35711
1.5291319857312724,447342,7,7498,841,high_quality_architectural/674,True,1081526,6,543462,True,15,70729,1286,3,12495
1.2502202643171807,934596,6,10440,1135,high_quality_architectural/8465,True,1610565,8,549877,True,17,97282,1419,4,18370
1.0988626421697287,669542,5,9871,1143,high_quality_architectural/3701,True,1435608,5,629148,True,14,107753,1256,5,19294
0.7971428571428572,533816,6,8289,1400,high_quality_architectural/6649,True,1562400,8,890902,True,23,102101,1116,12,27292
1.946751863684771,836274,3,2464,939,high_quality_architectural/928,True,1716492,11,760730,True,49,93605,1828,21,23419
0.4599406528189911,173945,4,8607,1011,high_quality_architectural/9312,True,470115,3,212260,True,13,59261,465,2,16042
1.7638888888888888,1037171,8,10395,1080,high_quality_architectural/719,True,2057400,11,819130,True,29,157567,1905,6,33137
1.0,7891654,14,25022,3193,high_quality_architectural/5718,True,10195249,19,1872808,True,57,323130,3193,14,82635
2.171331636980492,1334960,16,29746,1179,high_quality_architectural/4013,True,3018240,15,1335014,True,39,254448,2560,15,64072
1.0795959595959597,3034437,43,66335,2475,high_quality_architectural/6048,True,6613200,37,2752530,True,94,645577,2672,28,114321
1.1237000547345375,2011823,20,35238,1827,high_quality_architectural/9902,True,3750831,20,1431095,True,43,222206,2053,10,50469
1.6792929292929293,468049,7,9266,792,high_quality_architectural/1323,True,1053360,7,486978,True,25,69831,1330,11,19236
1.2921658986175115,662290,9,9478,1085,high_quality_architectural/3942,True,1521170,9,734675,True,16,102847,1402,4,11880
2.468344155844156,1385591,23,35124,1232,high_quality_architectural/2590,True,3746512,25,1922493,True,51,348549,3041,19,54755
0.6009234828496042,888602,6,8857,1516,high_quality_architectural/3510,True,1381076,7,405478,True,11,65049,911,3,13090
0.8628495339547271,1058479,7,9392,1502,high_quality_architectural/9049,True,1946592,10,744510,True,42,110017,1296,11,24194
1.7329192546583851,3218080,18,32234,1771,high_quality_architectural/7731,True,5435199,18,1841070,True,45,275748,3069,22,68067
0.3180786686838124,1126711,10,17941,2644,high_quality_architectural/6638,True,2223604,11,863914,True,26,193818,841,4,21220
0.3058350100603622,691310,10,15318,2485,high_quality_architectural/6634,True,1888600,12,958481,True,28,203094,760,4,20397
1.0827123695976155,931469,12,12694,1342,high_quality_architectural/1688,True,1949926,11,879258,True,26,98042,1453,8,28463
0.9474226804123711,249737,8,8044,970,high_quality_architectural/1582,True,891430,7,535325,True,19,80924,919,3,17400
0.9223803363518758,2100493,23,58048,2319,high_quality_architectural/1214,True,4960341,19,2311549,True,53,408674,2139,14,81577
1.2876965772432933,639151,5,7728,1081,high_quality_architectural/9008,True,1504752,8,672472,True,52,151071,1392,6,34330
1.1615154536390828,600337,5,6838,1003,high_quality_architectural/471,True,1168495,6,466595,True,19,79157,1165,5,15568
2.210251954821894,1145613,21,25865,1151,high_quality_architectural/6356,True,2928144,22,1465452,True,48,246860,2544,12,44354
0.7072149716818518,10723308,9,17135,4061,high_quality_architectural/9063,True,11663192,10,741106,True,23,148329,2872,5,33314
1.7145299145299144,1917214,5,6600,1170,high_quality_architectural/6280,True,2347020,6,357039,True,15,56327,2006,2,9840
0.8558875219683656,4031515,43,54918,3414,high_quality_architectural/3501,True,9975708,34,5283290,True,61,457017,2922,18,148968
0.6759966072943172,346084,5,11016,1179,high_quality_architectural/4529,True,939663,7,475131,True,14,91240,797,2,16192
1.708215297450425,2071343,16,16958,1412,high_quality_architectural/6068,True,3405744,15,1129220,True,40,148963,2412,15,39260
0.8350608382154123,2277898,14,29778,2219,high_quality_architectural/9386,True,4111807,13,1502800,True,42,263438,1853,14,37893
2.3398058252427183,865213,8,13730,1030,high_quality_architectural/7964,True,2482300,10,1357316,True,27,197495,2410,19,48546
1.1588855421686748,1040624,12,14017,1328,high_quality_architectural/4571,True,2043792,16,805464,True,40,160097,1539,5,23590
1.4689024390243903,1871677,13,25514,1640,high_quality_architectural/5044,True,3950760,16,1816641,True,27,207930,2409,17,28998
1.9556036816459124,4154750,23,28067,1847,high_quality_architectural/3904,True,6671364,25,2144342,True,44,269137,3612,19,75068
0.9220297029702971,1157435,10,13530,1616,high_quality_architectural/1542,True,2407840,12,1052320,True,25,133532,1490,13,51023
1.6025145067698259,1157819,6,10408,1034,high_quality_architectural/8323,True,1713338,7,428565,True,17,93600,1657,7,22946
0.4957149300857014,1587720,11,13194,2217,high_quality_architectural/7589,True,2436483,9,700290,True,21,115207,1099,4,20072
0.6743978590544157,238059,6,7180,1121,high_quality_architectural/3102,True,847476,7,524541,True,13,68984,756,2,8712
0.491970802919708,280402,10,12921,1370,high_quality_architectural/4591,True,923380,9,530117,True,16,86165,674,4,13775
1.301639344262295,855543,9,14477,1220,high_quality_architectural/9681,True,1937360,10,869358,True,28,156293,1588,6,41689
1.615038560411311,2144717,15,25424,1556,high_quality_architectural/7076,True,3910228,17,1466934,True,25,202489,2513,20,70664
0.4519632414369256,279846,3,3668,1197,high_quality_architectural/312,True,647577,4,308522,True,9,45701,541,3,9840
1.3886986301369864,733396,10,14123,1168,high_quality_architectural/9208,True,1894496,11,972325,True,28,144494,1622,7,30158
0.5941597139451729,718276,9,10730,1678,high_quality_architectural/7773,True,1672966,9,829172,True,27,91065,997,8,23723
0.5924974306269271,644090,13,23341,1946,high_quality_architectural/3974,True,2243738,15,1350227,True,31,172159,1153,16,53921
0.8197530864197531,984603,11,18772,1620,high_quality_architectural/1475,True,2151360,10,976474,True,26,132276,1328,12,39235
0.7071952031978681,5506011,6,8653,3002,high_quality_architectural/1054,True,6373246,7,719007,True,19,110580,2123,5,28995
1.1202263083451203,1035384,11,17554,1414,high_quality_architectural/6319,True,2239776,12,1002340,True,30,153709,1584,8,30789
0.7146480659480026,1119843,8,15970,1577,high_quality_architectural/8021,True,1777279,7,524856,True,20,97161,1127,2,19449
2.0991501416430594,392328,6,6543,706,high_quality_architectural/9342,True,1046292,6,566806,True,12,71061,1482,3,9554
1.3633587786259542,964212,14,17744,1310,high_quality_architectural/3035,True,2339660,13,1215202,True,34,114899,1786,20,27603
2.0,8908614,21,36239,2458,high_quality_architectural/7084,True,12083528,27,2662556,True,65,413593,4916,25,62526
0.5128032345013477,419522,7,9031,1484,high_quality_architectural/8265,True,1129324,9,602082,True,17,82271,761,4,16418
0.7079818299805322,884492,8,11119,1541,high_quality_architectural/2045,True,1681231,9,670512,True,18,95728,1091,7,19380
1.8235294117647058,3921040,16,32340,1802,high_quality_architectural/420,True,5921372,14,1590743,True,46,290596,3286,25,86653
0.7590486039296794,204738,6,8785,967,high_quality_architectural/1338,True,709778,8,408176,True,9,72647,734,4,15432
0.6584638329604773,390305,10,10680,1341,high_quality_architectural/1653,True,1184103,10,678399,True,21,86077,883,7,18642
1.4798913043478261,3073328,16,29064,1840,high_quality_architectural/1000,True,5010320,16,1653210,True,24,192350,2723,18,62368
1.3924050632911393,457604,5,7229,948,high_quality_architectural/7650,True,1251360,6,607912,True,17,146176,1320,4,32439
1.114691943127962,737258,6,10270,1055,high_quality_architectural/9295,True,1240680,5,390378,True,16,85042,1176,2,17732
0.6136012364760433,377359,9,12794,1294,high_quality_architectural/6734,True,1027436,10,532431,True,17,84588,794,7,20264
1.1880920162381596,1610733,9,11667,1478,high_quality_architectural/9117,True,2595368,10,796933,True,25,137510,1756,6,38525
0.38755555555555554,941898,10,17268,2250,high_quality_architectural/6636,True,1962000,11,836646,True,18,144759,872,4,21429
0.7156319290465631,1268330,14,16170,1804,high_quality_architectural/4873,True,2328964,13,875836,True,30,136759,1291,8,31869
0.799079754601227,509756,9,11697,1304,high_quality_architectural/4954,True,1358768,10,705565,True,24,101201,1042,9,30549
0.5405071119356833,766578,7,11912,1617,high_quality_architectural/1306,True,1413258,8,522701,True,17,94007,874,6,18060
1.338486574450773,634391,14,15736,1229,high_quality_architectural/943,True,2021705,15,1198708,True,34,138227,1645,15,34643
1.2360655737704918,922621,9,11313,1220,high_quality_architectural/437,True,1839760,9,752990,True,20,115772,1508,9,37064
0.9399441340782123,2185658,12,14222,2148,high_quality_architectural/3679,True,4336812,14,1925804,True,25,168340,2019,6,42788
0.9014373716632443,401197,4,7260,974,high_quality_architectural/3614,True,855172,5,370855,True,23,63943,878,5,11917
1.4770318021201414,297920,8,11766,849,high_quality_architectural/6083,True,1064646,6,600979,True,13,124190,1254,4,29791
1.4760088973625676,9738137,23,41473,3147,high_quality_architectural/3229,True,14617815,22,4200553,True,75,513978,4645,24,123674
1.5730622617534942,356709,6,6372,787,high_quality_architectural/1225,True,974306,6,509088,True,13,87262,1238,3,14875
0.4793307086614173,978815,11,14058,2032,high_quality_architectural/1512,True,1979168,13,836055,True,28,125490,974,6,24750
0.707105719237435,1358191,12,16293,1731,high_quality_architectural/9086,True,2118744,13,617750,True,27,110186,1224,3,16324
0.9375796178343949,205468,6,7810,785,high_quality_architectural/1706,True,577760,6,312959,True,9,44867,736,2,6656
0.9058966074313409,3334813,16,20372,2476,high_quality_architectural/3049,True,5553668,16,1938905,True,36,188209,2243,17,71369
1.6305309734513274,804947,4,5109,904,high_quality_architectural/8721,True,1332496,5,451769,True,25,59087,1474,7,11584
0.711738484398217,481928,11,13629,1346,high_quality_architectural/251,True,1289468,11,676090,True,18,97461,958,4,20360
0.7689678742310321,558043,12,17172,1463,high_quality_architectural/283,True,1645875,12,922457,True,27,117914,1125,7,30289
1.0,3710052,9,10519,2097,high_quality_architectural/8394,True,4397409,11,566613,True,22,91578,2097,7,18647
1.4142461964038728,1814776,11,14045,1446,high_quality_architectural/7004,True,2957070,12,989848,True,43,110617,2045,16,27784
1.3231884057971015,1332690,12,16393,1380,high_quality_architectural/4772,True,2519880,12,1023110,True,21,121679,1826,8,26008
1.3417290673927842,1460595,15,18938,1469,high_quality_architectural/5552,True,2895399,17,1225354,True,30,143180,1971,20,47332
0.699606962380685,1243546,11,12196,1781,high_quality_architectural/7559,True,2219126,14,824639,True,39,107318,1246,12,31427
1.148997134670487,420720,6,6981,1047,high_quality_architectural/5558,True,1259541,9,703820,True,21,97019,1203,11,31001
1.9094107299912049,1050055,14,31971,1137,high_quality_architectural/4980,True,2468427,13,1203818,True,20,150672,2171,6,31911
0.4919972164231037,436464,7,9541,1437,high_quality_architectural/1105,True,1015959,6,468259,True,17,87050,707,4,14645
1.0388235294117647,326730,4,5702,850,high_quality_architectural/6709,True,750550,4,352325,True,11,57209,883,2,8584
2.02037845705968,377372,7,4958,687,high_quality_architectural/7655,True,953556,6,497750,True,20,63606,1388,3,9870
0.9857697283311773,6541876,22,46970,3092,high_quality_architectural/8202,True,9424416,30,2434632,True,49,335580,3048,16,65358
1.1471264367816092,618576,3,4669,870,high_quality_architectural/1018,True,868260,2,196336,True,12,36535,998,4,12144
0.6502159161011721,656385,8,14826,1621,high_quality_architectural/4915,True,1708534,8,789811,True,32,217159,1054,4,30353
1.3559096945551128,2628290,4,4589,1506,high_quality_architectural/9505,True,3075252,6,387280,True,12,44225,2042,4,10868
1.7987355110642782,644675,8,7820,949,high_quality_architectural/9215,True,1619943,10,821299,True,25,124921,1707,4,21228
1.2075029308323564,334771,5,5208,853,high_quality_architectural/7853,True,878590,6,443306,True,16,76309,1030,3,18996
0.9632086851628469,1376569,5,14691,1658,high_quality_architectural/7965,True,2647826,7,1023244,True,17,138920,1597,11,94402
1.2105788423153692,396363,10,17874,1002,high_quality_architectural/68,True,1215426,9,633220,True,21,133163,1213,8,34806
1.9398410896708287,738627,9,9165,881,high_quality_architectural/7645,True,1505629,10,643615,True,24,91468,1709,5,22754
1.0374841168996187,1479641,10,18595,1574,high_quality_architectural/4523,True,2570342,9,866861,True,32,152350,1633,8,52895
1.680073126142596,608218,14,18983,1094,high_quality_architectural/922,True,2010772,16,1199001,True,49,149085,1838,12,35485
1.5592741935483871,6265117,16,26424,2480,high_quality_architectural/6706,True,9590160,21,2755590,True,61,461480,3867,24,81549
0.6001140901312036,1099310,10,14035,1753,high_quality_architectural/1270,True,1844156,10,617132,True,23,93997,1052,8,19682
0.6234590960029884,2770018,13,20053,2677,high_quality_architectural/1280,True,4467913,13,1439692,True,36,189404,1669,12,48746
2.737080689029918,1642148,15,25288,1103,high_quality_architectural/2583,True,3329957,13,1365604,True,39,213095,3019,19,83822
1.1603875134553283,2643469,14,20317,1858,high_quality_architectural/1485,True,4005848,14,1133800,True,31,160450,2156,13,47812
1.0585808580858085,706613,8,11947,1212,high_quality_architectural/169,True,1554996,9,703749,True,31,109214,1283,8,23473
1.1873684210526316,823192,2,2608,950,high_quality_architectural/5016,True,1071600,2,207712,True,14,34872,1128,2,3216
1.2210636079249217,381502,5,6421,959,high_quality_architectural/340,True,1122989,7,633538,True,21,87192,1171,6,14336
2.54235807860262,1783761,11,17675,1145,high_quality_architectural/5926,True,3333095,14,1179344,True,59,318161,2911,17,34154
0.969243557772236,2651049,22,38235,2406,high_quality_architectural/7102,True,5610792,24,2466159,True,59,377664,2332,22,77685
0.9741581832419733,750883,8,8984,1277,high_quality_architectural/511,True,1588588,8,682029,True,25,122660,1244,4,24032
0.41357234314980795,418085,8,9711,1562,high_quality_architectural/1409,True,1009052,9,486698,True,19,76950,646,4,17608
1.3571428571428572,1105542,7,11775,1274,high_quality_architectural/9212,True,2202746,6,898905,True,20,149294,1729,5,37230
0.9316614420062695,1244331,9,11822,1595,high_quality_architectural/8009,True,2370170,12,937339,True,26,145802,1486,12,30876
0.7237261146496815,439831,11,12746,1256,high_quality_architectural/9782,True,1141704,10,588705,True,18,82375,909,7,18047
1.015625,835169,9,10177,1344,high_quality_architectural/6322,True,1834560,11,840292,True,25,116551,1365,6,32371
0.5903245560318432,655566,9,17576,1633,high_quality_architectural/6592,True,1574212,11,736068,True,26,143186,964,4,21816
0.68,484740,5,7455,1175,high_quality_architectural/6006,True,938825,7,369309,True,23,65493,799,2,11828
1.5205992509363295,326923,4,5250,801,high_quality_architectural/8333,True,975618,6,511969,True,16,83956,1218,4,47520
1.4977457168620378,674439,10,14046,1109,high_quality_architectural/5065,True,1842049,11,991408,True,15,129821,1661,11,32335
1.0925426774483378,514332,7,7123,1113,high_quality_architectural/6503,True,1353408,8,687093,True,22,115286,1216,7,29574
0.3661753297129558,268654,3,6032,1289,high_quality_architectural/7838,True,608408,4,263565,True,9,65155,472,2,5002
1.0216819973718791,5847970,26,55091,3044,high_quality_architectural/8792,True,9466840,23,2874761,True,69,579189,3110,24,109829
0.8355576739752145,2631174,10,10162,2098,high_quality_architectural/4929,True,3677794,11,859946,True,29,156225,1753,6,20287
2.5871670702179177,841624,8,16118,826,high_quality_architectural/1809,True,1765162,9,750612,True,22,127054,2137,10,29754
1.3652121936640764,2316615,14,18665,1673,high_quality_architectural/1941,True,3821132,17,1231070,True,47,210746,2284,9,44036
0.625,859268,12,14493,1696,high_quality_architectural/1803,True,1797760,12,789757,True,21,114649,1060,6,19593
0.7582070707070707,773506,8,13851,1584,high_quality_architectural/3652,True,1902384,11,922985,True,21,142126,1201,11,49916
1.4811940298507462,3517140,4,5342,1675,high_quality_architectural/6545,True,4155675,8,536870,True,40,78568,2481,10,17755
1.2468671679197996,358893,5,8335,798,high_quality_architectural/6414,True,794010,6,347968,True,14,73190,995,1,5624
1.1198830409356726,1145414,9,9523,1368,high_quality_architectural/3502,True,2095776,13,825639,True,24,84404,1532,11,30796
1.5922330097087378,7360279,23,59199,2575,high_quality_architectural/7981,True,10557500,19,2611216,True,57,464419,4100,11,62387
0.8673796791443851,151733,9,7726,935,high_quality_architectural/8582,True,758285,9,448565,True,24,116128,811,3,34133
1.442887175893483,1112860,14,25964,1427,high_quality_architectural/1975,True,2938193,13,1557534,True,31,181366,2059,15,60469
1.4141048824593128,617612,8,10340,1106,high_quality_architectural/8311,True,1729784,9,915456,True,23,139597,1564,7,46779
1.1109877913429522,1764884,17,33661,1802,high_quality_architectural/6641,True,3607604,16,1531287,True,35,216690,2002,15,61082
1.2762312633832977,583654,6,6770,934,high_quality_architectural/8471,True,1113328,8,435414,True,22,68921,1192,3,18569
1.4372093023255814,4477397,12,56686,2365,high_quality_architectural/4925,True,8038635,11,2862477,True,24,575814,3399,12,66261
1.1428571428571428,3130168,13,17436,2023,high_quality_architectural/5031,True,4677176,14,1339346,True,27,149136,2312,14,41090
0.7858024691358024,1053327,13,15144,1620,high_quality_architectural/4527,True,2062260,13,842662,True,29,117197,1273,8,33930
1.4187026116259478,735426,11,13635,1187,high_quality_architectural/1,True,1998908,13,970961,True,37,256640,1684,5,22246
1.3167567567567569,436243,6,11091,925,high_quality_architectural/1853,True,1126650,7,559979,True,22,106632,1218,2,12705
0.47955182072829133,363143,10,16383,1785,high_quality_architectural/1595,True,1527960,13,986596,True,25,145499,856,4,16339
0.9218537028623353,2532415,22,28238,2201,high_quality_architectural/8617,True,4465829,22,1671630,True,46,197997,2029,15,35549
0.9872173058013766,450864,6,10026,1017,high_quality_architectural/1193,True,1021068,7,479270,True,17,73591,1004,3,7317
1.2627388535031847,1198948,8,11633,1256,high_quality_architectural/9555,True,1992016,8,623678,True,27,135367,1586,5,22390
1.2083792723263507,772972,2,2114,907,high_quality_architectural/6324,True,994072,2,190548,True,6,21074,1096,5,7364
2.1827338129496403,1808960,18,28262,1390,high_quality_architectural/6703,True,4217260,22,2026419,True,52,302375,3034,30,51244
2.242962962962963,372999,5,11868,675,high_quality_architectural/98,True,1021950,5,457872,True,10,151365,1514,4,27846
1.31875,2694608,21,25763,1920,high_quality_architectural/4736,True,4861440,24,1724002,True,42,372923,2532,13,44144
1.053105310531053,320700,6,11030,1111,high_quality_architectural/1560,True,1299870,7,777256,True,19,148294,1170,4,42590
1.4639303482587065,2597385,15,35848,1608,high_quality_architectural/1641,True,3785232,8,723902,True,62,335601,2354,28,92496
0.7376561570493754,965415,9,11665,1681,high_quality_architectural/926,True,2084440,11,957122,True,21,120269,1240,15,29969
1.4322799097065462,484340,6,10031,886,high_quality_architectural/1850,True,1124334,7,524362,True,19,92785,1269,2,12816
1.2763819095477387,1114107,11,11555,1393,high_quality_architectural/5821,True,2476754,10,1193629,True,23,122503,1778,12,34960
1.3723849372384938,559537,7,4898,956,high_quality_architectural/5533,True,1254272,8,585883,True,18,83699,1312,9,20255
2.1114186851211074,2518310,17,27601,1445,high_quality_architectural/821,True,4408695,20,1533816,True,42,215693,3051,25,113275
2.4472843450479234,405685,5,6108,626,high_quality_architectural/5028,True,959032,5,472212,True,16,64611,1532,3,10416
0.7135734072022161,1187454,14,17632,1805,high_quality_architectural/3665,True,2324840,14,968807,True,32,128886,1288,6,22061
0.9055283414975507,975430,9,15049,1429,high_quality_architectural/9242,True,1849126,10,720985,True,23,112619,1294,7,25043
0.7765598650927488,561461,4,8232,1186,high_quality_architectural/8310,True,1092306,5,427572,True,13,71597,921,4,23444
0.6381987577639752,2208862,20,24895,2576,high_quality_architectural/7511,True,4234944,22,1714155,True,45,217727,1644,17,69305
1.0959051724137931,2149178,17,29399,1856,high_quality_architectural/5983,True,3775104,15,1340459,True,40,200202,2034,14,55866
0.9294494922501336,1349543,14,19468,1871,high_quality_architectural/7859,True,3253669,17,1568493,True,36,270236,1739,15,45929
1.353889943074004,639192,7,11788,1054,high_quality_architectural/241,True,1504058,6,688980,True,22,132875,1427,10,31223
1.9314888010540185,2942021,10,15898,1518,high_quality_architectural/921,True,4450776,13,1236065,True,27,224452,2932,12,32340
1.357825128581925,1118989,13,14960,1361,high_quality_architectural/1114,True,2515128,16,1175823,True,39,158355,1848,15,47001
1.6825284090909092,2041662,14,16270,1408,high_quality_architectural/7982,True,3335552,15,1029563,True,38,217875,2369,12,30182
1.3867822318526544,324947,5,10952,923,high_quality_architectural/7649,True,1181440,7,677901,True,14,85738,1280,9,81902
1.0909090909090908,807248,8,8926,1265,high_quality_architectural/9405,True,1745700,9,804114,True,35,100622,1380,10,24790
1.8344051446945338,927286,13,24063,1244,high_quality_architectural/8469,True,2838808,15,1633810,True,31,193437,2282,15,60212
1.5523661753297129,1485663,12,11334,1289,high_quality_architectural/2164,True,2579289,14,948780,True,28,106278,2001,12,27234
0.8513432835820895,1227061,10,14738,1675,high_quality_architectural/3654,True,2388550,10,950847,True,29,154585,1426,7,41319
0.8128048780487804,1242700,9,14317,1640,high_quality_architectural/7041,True,2186120,10,758844,True,21,142324,1333,9,27935
0.3840682788051209,386115,4,7030,1406,high_quality_architectural/5575,True,759240,5,293134,True,12,65800,540,2,7161
1.7463235294117647,579026,7,11872,816,high_quality_architectural/4044,True,1162800,7,469615,True,16,78107,1425,8,24180
1.7693710118505013,923073,8,11903,1097,high_quality_architectural/2185,True,2129277,8,1046511,True,18,116844,1941,6,30946
0.6139817629179332,3034199,12,19476,2632,high_quality_architectural/9030,True,4253312,13,971187,True,35,185868,1616,5,42582
0.7885366912722536,2475314,14,18959,2303,high_quality_architectural/5766,True,4182248,14,1438111,True,41,209182,1816,13,40682
1.3545816733067728,3677123,21,33750,2008,high_quality_architectural/1252,True,5461760,21,1463441,True,41,236010,2720,12,51436
0.9026548672566371,523334,4,5849,1130,high_quality_architectural/7063,True,1152600,6,494770,True,23,101103,1020,9,27544
1.2584704743465633,338186,10,10286,1033,high_quality_architectural/8601,True,1342900,9,849753,True,24,121990,1300,5,22685
1.1500904159132008,3829732,16,21103,2212,high_quality_architectural/7572,True,5627328,17,1505710,True,46,210900,2544,12,59883
1.5570071258907363,236605,7,18908,842,high_quality_architectural/8535,True,1103862,7,683009,True,11,148079,1311,5,17261
0.7072856221792392,1030143,9,11469,1551,high_quality_architectural/2558,True,1701447,7,551188,True,15,86189,1097,4,22458
0.9949545913218971,383224,5,9488,991,high_quality_architectural/9602,True,977126,6,458362,True,13,100587,986,2,25465
0.4987029831387808,417038,9,15799,1542,high_quality_architectural/4829,True,1185798,10,632353,True,21,96680,769,6,23928
1.1544256120527308,705264,7,9481,1062,high_quality_architectural/6072,True,1302012,7,490953,True,28,83108,1226,3,13206
0.5599262446220037,777359,9,10174,1627,high_quality_architectural/360,True,1482197,8,601760,True,15,77186,911,4,15718
0.801377726750861,231923,3,7323,871,high_quality_architectural/1833,True,607958,4,299543,True,9,58727,698,2,10442
1.1067209775967413,5348021,15,20041,2455,high_quality_architectural/5157,True,6670235,17,1062975,True,26,203960,2717,7,35238
1.6006256517205422,707659,5,10103,959,high_quality_architectural/1561,True,1472065,5,619137,True,15,119722,1535,3,15444
0.995417048579285,3858344,9,13897,2182,high_quality_architectural/9057,True,4739304,12,729001,True,19,107323,2172,6,30739
1.5729492798998121,1781845,15,26394,1597,high_quality_architectural/857,True,4011664,16,1906852,True,40,233566,2512,14,63007
0.9360599078341014,1535580,9,19752,1736,high_quality_architectural/9844,True,2821000,8,1069272,True,21,158597,1625,9,37799
1.279773156899811,501538,8,10662,1058,high_quality_architectural/9158,True,1432532,10,774189,True,25,120731,1354,5,25412
1.2513586956521738,1190470,16,20525,1472,high_quality_architectural/8717,True,2711424,14,1211964,True,34,196578,1842,20,91887
1.7843137254901962,1579726,9,11307,1224,high_quality_architectural/8808,True,2673216,11,931494,True,43,120414,2184,17,30275
0.5003032140691328,605176,7,10528,1649,high_quality_architectural/4774,True,1360425,9,624352,True,19,103471,825,3,16898
1.2892938496583144,443734,5,7917,878,high_quality_architectural/1079,True,993896,5,429830,True,13,89169,1132,3,23246
1.7042163543441227,31186519,45,83266,4696,high_quality_architectural/9526,True,37582088,38,5115842,True,123,965400,8003,51,231061
1.9660633484162895,2181381,13,20129,1326,high_quality_architectural/445,True,3456882,14,1043659,True,37,180107,2607,10,31606
0.8597063621533442,479923,8,9313,1226,high_quality_architectural/7706,True,1292204,10,688251,True,17,95292,1054,10,19425
2.172874209416725,2075435,16,30602,1423,high_quality_architectural/9751,True,4399916,20,1932976,True,66,305111,3092,18,55792
1.351875808538163,1930332,12,18743,1546,high_quality_architectural/3970,True,3231140,13,1057024,True,39,185351,2090,11,39690
0.8862793572311496,986268,12,19825,1618,high_quality_architectural/7665,True,2320212,13,1079806,True,23,183548,1434,16,50765
1.2955223880597015,457052,10,14123,1005,high_quality_architectural/862,True,1308510,8,713827,True,21,103946,1302,10,19562
1.5073839662447257,607981,7,7870,948,high_quality_architectural/9311,True,1354692,6,621462,True,15,101529,1429,4,15850
0.9396151293961513,5295477,23,50949,3014,high_quality_architectural/12,True,8535648,24,2644923,True,47,437559,2832,26,106740
1.136755485893417,5497381,12,22080,2552,high_quality_architectural/6143,True,7403352,15,1622317,True,44,213512,2901,17,48062
1.0077319587628866,6096428,34,49122,3104,high_quality_architectural/8593,True,9709312,26,2910146,True,90,535312,3128,30,118304
1.3021925643469972,764675,6,6096,1049,high_quality_architectural/8381,True,1432934,5,573350,True,14,71393,1366,7,17420
1.8701799485861184,2225573,20,25113,1556,high_quality_architectural/1051,True,4527960,22,1958629,True,50,265891,2910,22,52754
2.1381642512077295,1037683,12,15478,1035,high_quality_architectural/634,True,2290455,13,1026145,True,35,168203,2213,11,42946
0.7070368597415031,1595271,15,27462,2089,high_quality_architectural/7594,True,3085453,15,1227069,True,35,175581,1477,15,60070
0.9938566552901024,937783,13,10944,1465,high_quality_architectural/7700,True,2133040,14,1059567,True,27,102728,1456,13,22018
2.150384193194292,1112391,6,5967,911,high_quality_architectural/8302,True,1784649,6,527437,True,17,114485,1959,3,24369
1.1334913112164298,1246718,7,9029,1266,high_quality_architectural/585,True,1816710,7,454142,True,17,92331,1435,3,14490
2.111111111111111,1700804,24,30414,1377,high_quality_architectural/6110,True,4002939,26,1924332,True,42,265163,2907,31,82226
1.6731543624161074,2049531,16,21725,1490,high_quality_architectural/4991,True,3714570,17,1412565,True,35,194416,2493,15,36333
0.7773083886541944,1356098,8,14645,1657,high_quality_architectural/5934,True,2134216,8,623919,True,15,118962,1288,5,20592
1.4142724745134383,546667,13,13304,1079,high_quality_architectural/7590,True,1646554,12,976009,True,18,91758,1526,6,18816
1.3870352716873213,891610,6,5138,1049,high_quality_architectural/3542,True,1526295,6,509850,True,17,88435,1455,8,31262
1.422680412371134,1783748,15,29912,1455,high_quality_architectural/5846,True,3011850,11,968631,True,53,176340,2070,16,53219
0.7069767441860465,876552,6,10150,1505,high_quality_architectural/7791,True,1601320,7,606705,True,14,90163,1064,3,17750
1.8221957040572792,2517285,14,30680,1676,high_quality_architectural/4709,True,5118504,18,2252035,True,36,261695,3054,17,56809
1.1631543167912983,1635956,16,17903,1471,high_quality_architectural/5109,True,2516881,15,655331,True,30,160779,1711,6,46912
1.5165198237885462,374577,8,10387,908,high_quality_architectural/5827,True,1250316,8,705372,True,32,128870,1377,5,31110
1.414765100671141,2007430,11,14760,1490,high_quality_architectural/9749,True,3140920,12,927499,True,32,146465,2108,14,44766
1.9521375464684014,6056601,28,45437,2152,high_quality_architectural/5678,True,9040552,28,2364055,True,102,431868,4201,31,142591
1.3586776859504133,1575011,7,9612,1210,high_quality_architectural/1357,True,1989240,7,319615,True,14,65530,1644,9,19472
0.7065446868402533,738607,7,12010,1421,high_quality_architectural/6003,True,1426684,8,536780,True,17,114249,1004,3,25038
1.4513018322082931,787995,7,7518,1037,high_quality_architectural/790,True,1560685,7,661089,True,17,77043,1505,16,27040
0.8114224137931034,260056,5,7003,928,high_quality_architectural/9937,True,698784,6,358219,True,11,62278,753,2,11228
2.6529360210341806,1341858,14,19066,1141,high_quality_architectural/4752,True,3453807,16,1758258,True,39,274367,3027,16,60258
0.655050206733609,849943,10,12275,1693,high_quality_architectural/2516,True,1877537,11,901068,True,17,96620,1109,10,17631
0.6516452074391988,599613,7,7973,1398,high_quality_architectural/7758,True,1273578,8,564151,True,23,85704,911,8,16137
1.3280757097791798,2128817,0,0,1268,high_quality_architectural/4520,True,2135312,0,0,True,1,6495,1684,0,0
1.1745619727449708,1581500,13,15419,1541,high_quality_architectural/6376,True,2789210,13,974030,True,33,185446,1810,8,32815
2.0575635876840694,2514020,19,23799,1494,high_quality_architectural/9034,True,4592556,18,1760366,True,27,256307,3074,8,38064
0.9419939577039275,1028626,12,16868,1655,high_quality_architectural/3085,True,2580145,13,1331510,True,34,159240,1559,18,43901
1.3264771877337322,7029309,16,23248,2674,high_quality_architectural/8332,True,9484678,15,2067072,True,56,289967,3547,23,75082
1.1617021276595745,293413,6,2756,705,high_quality_architectural/4884,True,577395,7,249489,True,12,18353,819,4,13384
0.5141874462596733,285080,3,5946,1163,high_quality_architectural/9677,True,695474,5,332209,True,15,59346,598,4,12893
1.4207240948813982,1868113,17,26083,1602,high_quality_architectural/8252,True,3646152,17,1511628,True,31,197528,2276,11,42800
0.9438405797101449,1525820,6,17177,1656,high_quality_architectural/577,True,2588328,9,847155,True,13,126734,1563,11,71442
0.628475147430497,599826,1,2121,1187,high_quality_architectural/3849,True,885502,1,224583,True,9,53659,746,3,5313
1.7034606205250598,2836715,16,27485,1676,high_quality_architectural/4584,True,4784980,17,1587158,True,38,246821,2855,22,86801
1.2521815008726003,531912,13,16716,1146,high_quality_architectural/3184,True,1644510,13,942954,True,20,127335,1435,8,25593
1.8603382433169666,2818232,23,44697,1833,high_quality_architectural/3505,True,6250530,21,2732453,True,50,565361,3410,16,89787
1.0106666666666666,458460,10,12245,1125,high_quality_architectural/905,True,1279125,9,686200,True,19,105807,1137,4,16413
1.683698296836983,581441,13,26334,1233,high_quality_architectural/1266,True,2559708,16,1701427,True,26,208410,2076,8,42096
1.2120383036935705,252839,4,5131,731,high_quality_architectural/9019,True,647666,4,333698,True,14,48634,886,7,7364
0.955076052352317,4643823,19,33114,2827,high_quality_architectural/1575,True,7632900,24,2466659,True,47,432561,2700,16,56743
0.8961661341853036,621776,8,16820,1252,high_quality_architectural/7105,True,1404744,9,602558,True,17,136305,1122,5,27285
1.6691919191919191,439454,7,12338,792,high_quality_architectural/4971,True,1047024,6,481274,True,21,100109,1322,3,13849
1.8037766830870279,1743705,8,11710,1218,high_quality_architectural/7718,True,2675946,8,783660,True,34,105428,2197,13,31443
1.506717850287908,8973174,16,20524,2605,high_quality_architectural/5693,True,10224625,17,988792,True,41,215420,3925,10,26715
1.257005604483587,969440,9,11317,1249,high_quality_architectural/5805,True,1960930,9,812841,True,17,128178,1570,7,39154
1.3580980683506687,227572,4,8067,673,high_quality_architectural/9881,True,615122,4,301144,True,11,62307,914,2,16032
1.080872913992298,114946,8,7482,779,high_quality_architectural/2113,True,655918,8,413087,True,21,107643,842,2,12760
0.966786355475763,2935472,13,35576,2228,high_quality_architectural/285,True,4799112,14,1539099,True,24,216868,2154,20,72097
1.3669291338582676,1069467,10,12686,1270,high_quality_architectural/716,True,2204720,10,940844,True,33,147209,1736,6,34514
1.112407211028632,2073615,20,32935,1886,high_quality_architectural/9098,True,3956828,20,1579864,True,39,223218,2098,8,47196
1.043171806167401,491503,7,10203,1135,high_quality_architectural/1099,True,1343840,7,731368,True,19,92538,1184,4,18228
1.2040457343887423,697986,9,9886,1137,high_quality_architectural/6616,True,1556553,9,727803,True,24,98167,1369,5,22711
0.7140178152836381,1149483,23,37547,2133,high_quality_architectural/1589,True,3248559,22,1746145,True,52,266438,1523,18,48946
0.8540540540540541,380596,7,9365,1110,high_quality_architectural/8660,True,1052280,6,555202,True,21,90779,948,3,16338
1.4629861982434127,2495383,13,19023,1594,high_quality_architectural/9735,True,3717208,15,1043058,True,22,129692,2332,7,30052
1.962162162162162,469348,4,4364,740,high_quality_architectural/9050,True,1074480,6,517676,True,28,68374,1452,3,14718
0.7740524781341108,897504,9,15722,1372,high_quality_architectural/678,True,1457064,8,450565,True,26,78432,1062,5,14841
1.6541865214431586,1422183,19,27644,1469,high_quality_architectural/6718,True,3569670,16,1805034,True,39,240657,2430,28,74152
1.2181818181818183,150136,8,9641,825,high_quality_architectural/7034,True,829125,9,549169,True,21,95556,1005,6,24623
1.3328973185088293,1232413,19,17239,1529,high_quality_architectural/6261,True,3116102,16,1626102,True,43,196791,2038,22,43557
0.5268199233716475,483945,9,12960,1566,high_quality_architectural/3717,True,1291950,11,680930,True,17,97609,825,4,16506
0.9335394126738794,31863,7,5933,647,high_quality_architectural/4722,True,390788,8,275339,True,23,65126,604,3,12527
1.5968688845401173,794993,7,10898,1022,high_quality_architectural/8199,True,1667904,8,700265,True,25,129408,1632,7,32340
0.48658764815970057,612734,8,12376,1603,high_quality_architectural/1974,True,1250340,10,506931,True,17,98198,780,4,20101
0.4359823399558499,877937,5,6681,1812,high_quality_architectural/6523,True,1431480,6,467710,True,15,72347,790,3,6805
0.905055487053021,223345,7,7891,811,high_quality_architectural/1525,True,595274,4,295148,True,14,55830,734,2,13060
0.6089108910891089,2417915,13,14648,2424,high_quality_architectural/6645,True,3577824,14,971321,True,27,131077,1476,13,42863
1.9617224880382775,1186746,20,38794,1254,high_quality_architectural/302,True,3084840,17,1524098,True,35,289306,2460,9,45896
0.5157567687527741,1414008,12,14833,2253,high_quality_architectural/3957,True,2617986,12,1025390,True,22,137506,1162,5,26249
2.185913185913186,10147722,15,28353,2442,high_quality_architectural/504,True,13035396,14,2473019,True,28,289549,5338,20,96753
1.6450079239302695,1377102,15,22567,1262,high_quality_architectural/5884,True,2619912,13,1000799,True,42,196174,2076,7,23270
1.176088044022011,3181849,14,21845,1999,high_quality_architectural/7941,True,4699649,14,1280369,True,30,163574,2351,19,52012
0.5360253365003959,313404,6,8693,1263,high_quality_architectural/2032,True,855051,6,452395,True,11,70956,677,2,9603
0.8864541832669323,1429783,8,11906,1506,high_quality_architectural/3551,True,2010510,6,492220,True,31,43889,1335,14,32712
1.2603448275862068,599113,12,16173,1160,high_quality_architectural/6013,True,1695920,12,916451,True,34,130757,1462,15,33426
1.3304867634500428,1047675,5,9600,1171,high_quality_architectural/3694,True,1824418,3,661938,True,14,79263,1558,3,25942
1.2440136830102622,364046,7,7876,877,high_quality_architectural/4973,True,956807,5,504914,True,13,63242,1091,3,16729
0.6383147853736089,323081,5,8058,1258,high_quality_architectural/47,True,1010174,5,583553,True,14,77498,803,5,17984
1.1428571428571428,1865449,14,21122,1708,high_quality_architectural/9284,True,3334016,13,1250488,True,26,157269,1952,13,39688
1.7070422535211267,185643,8,8706,710,high_quality_architectural/6705,True,860520,7,581470,True,22,74163,1212,4,10538
1.2130612244897958,799437,8,8887,1225,high_quality_architectural/7549,True,1820350,9,873781,True,19,110658,1486,4,27587
0.8017917133258678,292854,4,4476,893,high_quality_architectural/958,True,639388,5,278770,True,15,56397,716,3,6891
0.7583497053045186,188642,4,5104,1018,high_quality_architectural/6589,True,785896,5,486468,True,14,72232,772,3,33450
0.7302052785923754,406325,5,3795,1023,high_quality_architectural/5034,True,764181,5,290449,True,16,51548,747,2,12064
1.3259779338014042,464798,9,10194,997,high_quality_architectural/3892,True,1318034,7,736882,True,16,84006,1322,4,22154
1.148936170212766,323005,4,4024,799,high_quality_architectural/1439,True,733482,5,338220,True,21,60803,918,3,7430
0.4613379669852302,1367014,9,11653,2302,high_quality_architectural/6160,True,2444724,10,888275,True,34,147146,1062,9,30636
1.7284287011807449,844334,15,25845,1101,high_quality_architectural/9040,True,2095203,15,1046690,True,32,140944,1903,10,37390
1.0404255319148936,376228,5,7353,940,high_quality_architectural/931,True,919320,7,434550,True,13,84118,978,5,17071
2.0080321285140563,355754,5,9796,747,high_quality_architectural/1563,True,1120500,6,623912,True,15,110225,1500,4,20813
1.18372441337993,3011415,15,25177,2003,high_quality_architectural/5604,True,4749113,15,1476837,True,29,187598,2371,16,48086
2.6594036697247705,4933434,21,47654,1744,high_quality_architectural/5777,True,8088672,18,2607754,True,54,410506,4638,19,89324
1.6516690856313498,242477,7,5209,689,high_quality_architectural/2195,True,784082,7,461295,True,19,63887,1138,4,11214
1.1325,805887,6,11730,1200,high_quality_architectural/672,True,1630800,7,682249,True,13,102110,1359,5,28824
0.5417061611374407,1453107,12,13267,2110,high_quality_architectural/36,True,2411730,12,803302,True,18,108781,1143,9,33273
2.1852654387865655,1127047,6,7153,923,high_quality_architectural/8083,True,1861691,6,626714,True,18,85899,2017,6,14878
0.9702702702702702,798249,11,13433,1480,high_quality_architectural/7610,True,2125280,10,1100429,True,28,145014,1436,8,68155
1.4144669180665066,10489929,13,19329,2917,high_quality_architectural/9226,True,12035542,16,1328441,True,27,148362,4126,14,49481
0.9201201201201201,1510728,10,19353,1665,high_quality_architectural/9218,True,2550780,11,858983,True,30,133948,1532,9,27768
0.7497725204731575,424248,3,4860,1099,high_quality_architectural/2177,True,905576,8,407059,True,13,59854,824,3,9555
1.5967032967032968,676937,6,6661,910,high_quality_architectural/3795,True,1322230,6,511797,True,22,109343,1453,7,17492
0.7640378548895899,1155749,7,6829,1585,high_quality_architectural/3865,True,1919435,9,644119,True,18,93603,1211,8,19135
1.6886956521739132,1122369,8,12726,1150,high_quality_architectural/7949,True,2233300,9,877495,True,29,180792,1942,7,39918
1.5195020746887966,1501848,8,9687,1205,high_quality_architectural/9335,True,2206355,8,568424,True,15,103423,1831,5,22973
2.422608695652174,175063,8,9420,575,high_quality_architectural/3508,True,800975,7,496737,True,18,105544,1393,3,14211
1.3251533742331287,2801946,18,22371,2282,high_quality_architectural/3915,True,6900768,22,3688343,True,48,335840,3024,16,52268
1.8821548821548821,843380,7,7590,891,high_quality_architectural/5567,True,1494207,6,547880,True,17,82719,1677,3,12638
1.1415929203539823,352580,3,4818,678,high_quality_architectural/3766,True,524772,4,114413,True,9,39613,774,5,13348
1.5598227474150665,899381,14,23704,1354,high_quality_architectural/7526,True,2859648,15,1657408,True,29,215642,2112,19,63513
0.46892039258451473,811558,11,14162,1834,high_quality_architectural/1504,True,1577240,11,623603,True,28,107607,860,4,20310
1.9070321811680573,551212,9,11107,839,high_quality_architectural/2512,True,1342400,7,596891,True,31,162537,1600,3,20653
1.4138851802403205,2023433,5,7062,1498,high_quality_architectural/8320,True,3172764,13,959252,True,34,155276,2118,13,27741
2.2602472348731295,2660247,20,48990,1537,high_quality_architectural/5611,True,5339538,16,2262218,True,36,287234,3474,23,80849
1.3093220338983051,1711089,20,30727,1652,high_quality_architectural/8103,True,3573276,20,1578993,True,41,187238,2163,25,65229
1.0847602739726028,633382,7,11304,1168,high_quality_architectural/4795,True,1479856,6,633501,True,29,176627,1267,4,25042
0.9335570469798657,1188872,9,14828,1490,high_quality_architectural/8581,True,2072590,10,707148,True,22,130484,1391,6,31258
0.9561781609195402,568241,11,12021,1392,high_quality_architectural/538,True,1852752,10,1068563,True,26,134109,1331,7,69818
1.1626623376623377,7657081,22,55980,3080,high_quality_architectural/1707,True,11029480,20,2840138,True,62,351620,3581,45,124661
0.945518453427065,563119,9,10737,1138,high_quality_architectural/7675,True,1224488,6,554228,True,20,63056,1076,21,33348
1.1726579520697167,1485762,15,20281,1836,high_quality_architectural/6529,True,3952908,18,2062498,True,39,338678,2153,14,45689
1.3199566160520608,581419,11,9589,922,high_quality_architectural/8236,True,1122074,9,447156,True,24,65322,1217,11,18588
2.001597444089457,1520857,14,22827,1252,high_quality_architectural/3710,True,3137512,16,1353531,True,39,194318,2506,16,45979
1.00302343159486,1106917,5,9855,1323,high_quality_architectural/3080,True,1755621,6,525650,True,16,90839,1327,4,22360
0.5981697171381032,2059152,19,23959,2404,high_quality_architectural/3891,True,3456952,18,1116379,True,45,205130,1438,15,52332
1.184981684981685,718009,6,7531,1092,high_quality_architectural/3222,True,1413048,7,557442,True,18,103403,1294,7,26663
1.0734126984126984,1202223,10,22238,1512,high_quality_architectural/8231,True,2453976,11,974006,True,32,212367,1623,8,43142
0.9702643171806168,427788,4,4491,908,high_quality_architectural/1596,True,799948,6,315708,True,18,42581,881,2,9380
0.6353982300884956,1028940,11,12821,1695,high_quality_architectural/7924,True,1825515,9,672982,True,22,89338,1077,11,21434
1.408328154133002,2195021,12,25560,1609,high_quality_architectural/407,True,3645994,13,1170391,True,21,195901,2266,17,59121
1.0178875638841567,692666,5,10094,1174,high_quality_architectural/1166,True,1402930,5,581298,True,15,92437,1195,4,26435
1.1391509433962264,260991,6,7200,848,high_quality_architectural/8213,True,819168,9,454948,True,12,73035,966,10,22994
2.232843137254902,1641083,13,19022,1224,high_quality_architectural/5501,True,3345192,13,1399572,True,34,224498,2733,32,61017
1.052570768341999,1543595,15,22271,1731,high_quality_architectural/6225,True,3153882,17,1285873,True,37,256508,1822,12,45635
0.5564253098499674,334223,10,21017,1533,high_quality_architectural/736,True,1307649,9,813351,True,20,113087,853,7,25971
0.8275058275058275,238414,3,3740,858,high_quality_architectural/1746,True,609180,5,310980,True,12,45120,710,3,10926
0.5480427046263345,516214,2,7644,1686,high_quality_architectural/913,True,1557864,1,973953,True,11,55113,924,3,4940
0.9781420765027322,1884259,15,18156,2013,high_quality_architectural/2005,True,3963597,17,1745275,True,50,310416,1969,4,5491
2.3407134071340714,3587407,16,28259,1626,high_quality_architectural/5958,True,6188556,20,2199640,True,27,301883,3806,23,71367
2.13625450180072,4388767,12,25261,1666,high_quality_architectural/6151,True,5929294,11,1281808,True,28,190670,3559,16,42788
2.5510718789407316,805524,6,9882,793,high_quality_architectural/7854,True,1604239,6,649211,True,17,117947,2023,4,21675
1.4207968901846453,481268,8,11309,1029,high_quality_architectural/3008,True,1504398,10,843648,True,26,144169,1462,5,24004
0.6458157227387996,375229,6,8590,1183,high_quality_architectural/9348,True,903812,7,434730,True,15,68659,764,4,16604
0.8446771378708552,1225623,12,16867,1719,high_quality_architectural/1405,True,2495988,13,1074524,True,22,151354,1452,10,27620
1.2821052631578946,7307388,21,53768,2850,high_quality_architectural/4699,True,10413900,20,2567211,True,43,362180,3654,30,123353
1.4928503336510963,1049380,4,6990,1049,high_quality_architectural/4748,True,1642734,3,482908,True,16,78628,1566,8,24828
0.5901319003419638,1451851,11,16593,2047,high_quality_architectural/3621,True,2472776,13,836426,True,23,132388,1208,7,35518
2.2104072398190047,2701510,12,19213,1326,high_quality_architectural/5861,True,3886506,9,1014212,True,28,104506,2931,14,47065
0.7353198948290973,262597,5,8532,1141,high_quality_architectural/9648,True,957299,7,580203,True,18,86062,839,4,19905
0.5357548240635641,932572,9,12534,1762,high_quality_architectural/3590,True,1663328,11,607328,True,22,95024,944,4,15870
2.066031746031746,1945520,24,39765,1575,high_quality_architectural/9238,True,5125050,27,2702412,True,37,357025,3254,16,80328
1.043421052631579,1172702,10,13655,1520,high_quality_architectural/8638,True,2410720,11,1017211,True,29,173887,1586,11,33265
1.1087144089732528,653612,7,10648,1159,high_quality_architectural/3724,True,1489315,8,687606,True,20,114029,1285,5,23420
1.7034090909090909,581418,6,8700,880,high_quality_architectural/8805,True,1319120,5,604282,True,13,111085,1499,3,13635
1.6446629213483146,305572,6,5209,712,high_quality_architectural/4726,True,833752,5,439509,True,17,72059,1171,3,11403
2.2529976019184654,668899,8,8998,834,high_quality_architectural/2001,True,1567086,10,773241,True,48,94155,1879,20,21793
1.9958592132505175,2457220,12,14211,1449,high_quality_architectural/6228,True,4190508,14,1466146,True,38,188812,2892,15,64119
1.4138655462184875,9025868,21,30279,2856,high_quality_architectural/980,True,11532528,22,2056064,True,57,357085,4038,11,63232
0.6307989690721649,637472,7,10358,1552,high_quality_architectural/9588,True,1519408,10,725054,True,22,117918,979,5,28606
1.448300795372379,886169,15,27345,1383,high_quality_architectural/3150,True,2770149,15,1596527,True,30,205625,2003,17,54483
1.4056224899598393,262134,5,5242,747,high_quality_architectural/4907,True,784350,6,437596,True,19,60136,1050,7,19242
1.0882749326145553,1262503,13,16060,1484,high_quality_architectural/9783,True,2396660,14,910596,True,29,174992,1615,11,32509
1.4293085655314757,484903,8,10976,969,high_quality_architectural/1195,True,1342065,12,725578,True,25,104000,1385,4,16608
2.0375,312103,5,8800,640,high_quality_architectural/3032,True,834560,7,413337,True,17,81467,1304,6,18853
1.2742044685172647,1083262,13,25388,1477,high_quality_architectural/753,True,2779714,15,1464241,True,35,151412,1882,24,55411
1.3669291338582676,1069467,10,12686,1270,high_quality_architectural/752,True,2204720,10,940844,True,33,147209,1736,6,34514
0.936141304347826,983968,12,15537,1472,high_quality_architectural/353,True,2028416,15,877015,True,26,121112,1378,6,30784
2.470205307961943,5500050,26,72846,1997,high_quality_architectural/7042,True,9851201,24,3550152,True,49,594838,4933,28,133315
1.5146443514644352,654774,7,6145,956,high_quality_architectural/1524,True,1384288,6,629951,True,17,79756,1448,3,13662
1.565149136577708,955973,15,25870,1274,high_quality_architectural/859,True,2540356,15,1346276,True,29,171807,1994,10,40430
0.4744162940884252,1048218,11,15040,2013,high_quality_architectural/5564,True,1922415,9,720194,True,33,109730,955,7,29233
1.0,2295218,13,18105,2042,high_quality_architectural/6184,True,4169764,17,1547041,True,50,277496,2042,14,31904
2.9865771812080535,147919,3,5352,447,high_quality_architectural/3926,True,596745,4,360130,True,7,70106,1335,2,13238
0.970736629667003,2204441,14,26975,1982,high_quality_architectural/1202,True,3813368,14,1330502,True,27,193986,1924,15,57464
1.9342969776609724,366349,7,7209,761,high_quality_architectural/9222,True,1120192,7,652722,True,18,82902,1472,5,11010
0.9272727272727272,245168,5,6658,825,high_quality_architectural/6307,True,631125,4,321717,True,16,44321,765,2,13261
1.2456896551724137,519421,6,4558,928,high_quality_architectural/1437,True,1072768,6,458057,True,20,80372,1156,3,10360
1.3368121442125238,820044,8,10922,1054,high_quality_architectural/2596,True,1485086,7,513477,True,19,118648,1409,4,21995
0.6419354838709678,525904,9,13273,1550,high_quality_architectural/1365,True,1542250,11,884423,True,24,97471,995,5,21179
0.705409029950827,1917268,17,30671,2237,high_quality_architectural/7005,True,3529986,17,1318823,True,34,205546,1578,13,57678
1.5813449023861172,793822,7,8452,922,high_quality_architectural/6394,True,1344276,6,447844,True,15,72374,1458,3,21784
1.2427184466019416,247890,7,6171,824,high_quality_architectural/6507,True,843776,6,497529,True,17,79996,1024,3,12190
0.987152034261242,2244887,16,27384,1868,high_quality_architectural/1903,True,3444592,15,959587,True,30,180216,1844,8,32518
0.9529715762273901,1763601,14,28128,1935,high_quality_architectural/4619,True,3568140,15,1450336,True,38,247576,1844,26,78499
1.3977777777777778,1346118,11,18986,1350,high_quality_architectural/7910,True,2547450,13,961437,True,32,187754,1887,8,33155
0.44325290437890974,1480327,8,10167,2238,high_quality_architectural/989,True,2220096,9,620935,True,26,90668,992,6,17999
1.604991861096039,3334499,16,19046,1843,high_quality_architectural/8327,True,5451594,14,1763986,True,50,272559,2958,41,61504
1.7168458781362008,4045673,18,40014,1953,high_quality_architectural/1402,True,6548409,17,2096591,True,39,268035,3353,26,98096
1.4995083579154376,832556,7,9110,1017,high_quality_architectural/1857,True,1550925,8,560753,True,26,117760,1525,5,30746
1.1880856760374832,1145453,14,21062,1494,high_quality_architectural/3667,True,2651850,17,1197372,True,31,252045,1775,6,35918
0.599435256151674,1193433,23,36341,2479,high_quality_architectural/8705,True,3683794,24,2076597,True,39,330913,1486,20,46510
1.0611295681063122,765373,12,21834,1505,high_quality_architectural/8663,True,2403485,13,1282851,True,38,301349,1597,5,32078
0.49000799360511593,323568,4,8783,1251,high_quality_architectural/1104,True,766863,6,354216,True,17,68464,613,2,11832
1.1971441731920773,4404561,10,13120,2171,high_quality_architectural/679,True,5642429,13,1060186,True,23,104545,2599,16,60017
1.0747227086981903,1548672,12,19895,1713,high_quality_architectural/9434,True,3153633,13,1365749,True,28,157272,1841,19,62045
0.9090909090909091,687100,10,11835,1386,high_quality_architectural/380,True,1746360,14,922793,True,20,106680,1260,8,17952
1.6572029442691902,706288,7,7343,951,high_quality_architectural/8729,True,1498776,7,698655,True,20,70641,1576,4,15849
0.8,1370644,8,12133,1650,high_quality_architectural/4683,True,2178000,8,678919,True,19,95714,1320,8,20590
1.805680119581465,303620,5,7917,669,high_quality_architectural/7571,True,808152,5,391389,True,13,94347,1208,3,10879
0.4454916745208922,2841199,18,17578,3183,high_quality_architectural/6142,True,4513494,18,1278353,True,57,327854,1418,5,48510
2.795221843003413,543382,11,16501,879,high_quality_architectural/843,True,2159703,10,1417550,True,28,148445,2457,14,33825
0.7927328556806551,1669236,13,23646,1954,high_quality_architectural/9309,True,3026746,14,1096902,True,21,177003,1549,12,59959
1.3724212812160694,275470,6,5528,921,high_quality_architectural/8109,True,1164144,7,780020,True,18,84300,1264,7,18826
1.0540816326530613,612477,4,5815,980,high_quality_architectural/7754,True,1012340,6,321125,True,16,61713,1033,3,11210
0.6225,371676,6,8156,1200,high_quality_architectural/162,True,896400,7,433400,True,11,73407,747,2,9761
1.2184615384615385,735302,8,14402,1300,high_quality_architectural/6441,True,2059200,10,1084422,True,25,175573,1584,8,49501
1.1526104417670682,830923,11,16571,1245,high_quality_architectural/8439,True,1786575,12,771332,True,32,142057,1435,5,25692
1.1898395721925135,929864,5,8918,1122,high_quality_architectural/6074,True,1497870,6,433775,True,17,97174,1335,4,28139
0.6115523465703971,425105,7,10372,1385,high_quality_architectural/856,True,1173095,9,624190,True,17,90308,847,4,23120
1.0829576194770063,585831,7,6936,1109,high_quality_architectural/9070,True,1331909,7,627050,True,14,89767,1201,9,22325
0.7067474048442907,3153522,5,11018,2312,high_quality_architectural/4739,True,3777808,7,490104,True,19,97710,1634,4,25454
0.9752066115702479,616217,13,14665,1452,high_quality_architectural/6043,True,2056032,13,1252211,True,30,143162,1416,8,29777
1.3179190751445087,1107645,6,7821,1211,high_quality_architectural/4517,True,1932756,7,651880,True,22,136878,1596,6,28532
0.9013333333333333,618030,3,2549,1125,high_quality_architectural/3520,True,1140750,5,474179,True,13,36543,1014,8,9449
0.7118307997356246,945300,5,5658,1513,high_quality_architectural/4579,True,1629501,6,581360,True,14,74803,1077,12,22380
0.5834542815674891,1891267,5,6515,2067,high_quality_architectural/6262,True,2492802,6,491466,True,21,88116,1206,3,15438
1.4144204851752022,2142168,10,22437,1484,high_quality_architectural/9243,True,3114916,8,752699,True,47,156451,2099,14,41161
1.8789189189189188,546561,10,13593,925,high_quality_architectural/6620,True,1607650,10,906055,True,23,119895,1738,5,21546
0.7666666666666667,457863,3,4875,1050,high_quality_architectural/708,True,845250,5,325776,True,11,48118,805,3,8618
1.2777292576419215,856335,7,9242,1145,high_quality_architectural/116,True,1675135,7,650886,True,23,130402,1463,9,28270
1.270973154362416,938454,8,13644,1192,high_quality_architectural/5589,True,1805880,7,678523,True,23,142280,1515,12,32979
1.2335381913959613,716508,8,8599,1139,high_quality_architectural/9611,True,1600295,8,765735,True,20,82672,1405,5,26781
1.2871452420701168,632440,6,8271,1198,high_quality_architectural/1648,True,1847316,8,1071725,True,20,112592,1542,16,22288
1.7037383177570093,932462,8,9697,1070,high_quality_architectural/5966,True,1950610,11,822392,True,34,161295,1823,20,24764
1.1466965285554311,461141,4,6984,893,high_quality_architectural/703,True,914432,7,373792,True,14,66103,1024,3,6412
0.40225563909774437,633912,9,9710,1862,high_quality_architectural/602,True,1394638,10,646047,True,19,88100,749,6,16869
1.1563266736768314,5755787,27,48331,2853,high_quality_architectural/3944,True,9412047,33,2991142,True,71,520261,3299,39,96526
1.0637149028077755,227399,5,7775,926,high_quality_architectural/6463,True,912110,8,564430,True,22,88588,985,3,23918
1.2589118198874296,638551,8,8976,1066,high_quality_architectural/7599,True,1430572,10,678074,True,20,81670,1342,4,23301
1.090974212034384,816326,14,21747,1396,high_quality_architectural/650,True,2126108,13,1084860,True,23,153951,1523,11,49224
1.4115549215406562,1204975,15,25341,1402,high_quality_architectural/7029,True,2774558,20,1339543,True,32,162580,1979,16,42119
1.4186046511627908,2353546,14,26076,1720,high_quality_architectural/9455,True,4196800,15,1431050,True,33,281523,2440,17,104605
0.7614790735473385,2490406,22,42278,2461,high_quality_architectural/6728,True,4611914,22,1765414,True,36,252732,1874,22,61084
0.52099533437014,969916,10,12890,1929,high_quality_architectural/5111,True,1938645,11,819538,True,30,112946,1005,6,23355
1.508646998982706,507191,8,8822,983,high_quality_architectural/4609,True,1457789,10,812946,True,28,105173,1483,5,23657
1.265979381443299,289540,3,4230,970,high_quality_architectural/8608,True,1191160,7,786840,True,17,78932,1228,7,31618
2.158125915080527,1797820,30,41368,1366,high_quality_architectural/6159,True,4026968,27,1831283,True,55,297024,2948,20,59473
1.25,3915944,30,47006,2328,high_quality_architectural/9421,True,6774480,26,2392990,True,91,343190,2910,31,75350
1.5202702702702702,994877,16,29226,1332,high_quality_architectural/16,True,2697300,15,1422179,True,30,196300,2025,14,54718
0.8705077010838562,1372070,9,16520,1753,high_quality_architectural/4549,True,2675078,11,1042459,True,30,182882,1526,10,61147
0.8218045112781955,482361,12,11264,1330,high_quality_architectural/183,True,1453690,12,834212,True,23,102206,1093,8,23647
1.6263736263736264,2566131,24,36273,1911,high_quality_architectural/3144,True,5939388,24,2894434,True,51,379995,3108,21,62555
1.8495440729483283,1472841,16,25912,1316,high_quality_architectural/288,True,3203144,17,1490014,True,32,158949,2434,18,55428
0.9304769603880356,700541,6,10449,1237,high_quality_architectural/3873,True,1423787,6,583756,True,12,108333,1151,4,20708
1.6666666666666667,1301923,18,22625,1317,high_quality_architectural/5523,True,2890815,18,1250914,True,53,293555,2195,11,21798
1.1537610619469028,2040416,12,30617,1808,high_quality_architectural/1666,True,3771488,15,1443627,True,32,180882,2086,9,75946
0.6073752711496746,240825,11,9923,1383,high_quality_architectural/6405,True,1161720,11,790843,True,24,103967,840,8,16162
0.5443629086057371,536855,6,9931,1499,high_quality_architectural/3912,True,1223184,8,558105,True,18,87727,816,7,30566
0.8576449912126538,1156217,14,14253,1707,high_quality_architectural/939,True,2499048,17,1046508,True,43,235628,1464,14,46442
0.5693127962085308,862387,7,9408,1688,high_quality_architectural/8070,True,1622168,7,629888,True,17,97951,961,7,22534
1.09,685650,8,8864,1300,high_quality_architectural/358,True,1842100,8,980630,True,26,119293,1417,6,47663
1.5675253708040593,1008355,12,15650,1281,high_quality_architectural/7688,True,2572248,14,1330105,True,45,171628,2008,13,46510
0.45243619489559167,1105359,14,15674,2155,high_quality_architectural/9960,True,2101125,12,869141,True,22,90975,975,8,19976
1.033431661750246,472146,3,4508,1017,high_quality_architectural/1102,True,1068867,6,477483,True,16,86350,1051,9,28380
1.0924635845471817,1308232,12,15588,1579,high_quality_architectural/7658,True,2723775,14,1247178,True,39,122085,1725,15,30692
0.4392985611510791,1196720,10,13177,2224,high_quality_architectural/7701,True,2172848,12,792718,True,27,131728,977,11,38505
1.318840579710145,591523,7,8729,1104,high_quality_architectural/6283,True,1607424,7,856718,True,17,115770,1456,12,34684
1.3366733466933867,644645,6,6446,998,high_quality_architectural/1533,True,1331332,7,579587,True,21,82606,1334,5,18048
0.843846949327818,411785,3,4097,967,high_quality_architectural/5810,True,789072,4,310859,True,30,53100,816,5,9231
0.7894736842105263,531432,4,7227,1159,high_quality_architectural/1859,True,1060485,6,402527,True,17,103571,915,4,15728
1.5136935603256847,978699,14,21846,1351,high_quality_architectural/9109,True,2762795,16,1520970,True,50,182776,2045,19,58504
1.8921694480102695,524909,6,7172,779,high_quality_architectural/150,True,1148246,6,498600,True,18,101513,1474,3,16052
1.4351395730706076,898020,10,16319,1218,high_quality_architectural/8264,True,2129064,13,1026507,True,26,125797,1748,10,62421
0.5123180291153415,912010,7,10084,1786,high_quality_architectural/247,True,1634190,8,611824,True,14,78526,915,5,21746
0.8956347215253387,2469144,11,15094,1993,high_quality_architectural/2172,True,3557505,11,891775,True,29,157494,1785,5,23998
1.6878238341968912,2166580,15,21223,1544,high_quality_architectural/1121,True,4023664,15,1567891,True,36,208900,2606,14,59070
1.153470526682944,6087783,24,59098,2867,high_quality_architectural/4063,True,9481169,21,2829191,True,54,425467,3307,23,79630
1.4442666666666666,2946057,22,33236,1875,high_quality_architectural/9330,True,5077500,21,1771383,True,56,267696,2708,23,59128
1.1245762711864407,3183150,15,30054,2360,high_quality_architectural/4963,True,6263440,19,2625569,True,52,408167,2654,5,16500
0.7670299727520435,149522,4,4441,734,high_quality_architectural/627,True,413242,6,217868,True,9,37156,563,2,4255
0.7854251012145749,282293,4,9358,988,high_quality_architectural/9479,True,766688,7,394559,True,11,65944,776,2,14534
0.7197802197802198,612855,5,8575,1274,high_quality_architectural/7095,True,1168258,8,440966,True,14,81387,917,4,24475
1.1747285291214216,389717,7,9430,1013,high_quality_architectural/9675,True,1205470,7,632475,True,21,120304,1190,8,53544
1.1437451437451438,1136283,5,6722,1287,high_quality_architectural/8596,True,1894464,8,644357,True,15,85602,1472,4,21500
1.8333333333333333,920253,3,8748,1050,high_quality_architectural/1020,True,2021250,4,914938,True,12,119295,1925,14,58016
0.6384309266628766,945202,10,13480,1759,high_quality_architectural/4855,True,1975357,14,873376,True,23,118408,1123,5,24891
1.0,889849,3,5524,1117,high_quality_architectural/2200,True,1247689,4,286278,True,9,59237,1117,2,6801
2.2793259883344135,3401466,15,28186,1543,high_quality_architectural/7694,True,5426731,16,1646275,True,30,272708,3517,15,78096
1.1024340770791075,525909,7,6264,986,high_quality_architectural/3976,True,1071782,7,430174,True,28,89355,1087,3,20080
1.3948194662480378,4399473,26,38542,2548,high_quality_architectural/3225,True,9055592,27,4003557,True,77,527098,3554,36,86922
1.3316326530612246,1672092,14,20150,1568,high_quality_architectural/6484,True,3273984,14,1377491,True,31,155223,2088,18,49028
1.2986577181208054,2520106,18,34829,1788,high_quality_architectural/9357,True,4151736,18,1243661,True,43,312494,2322,9,40646
1.2225,253735,5,8238,800,high_quality_architectural/7553,True,782400,6,415988,True,22,84891,978,2,19548
1.0434298440979954,4441301,17,52857,2694,high_quality_architectural/6209,True,7572834,18,2581959,True,34,427474,2811,20,69243
1.393162393162393,404976,6,8029,819,high_quality_architectural/5691,True,934479,6,444517,True,10,64382,1141,4,12575
0.9865196078431373,395701,3,2770,816,high_quality_architectural/904,True,656880,3,228306,True,7,26341,805,3,3762
1.1912568306010929,448359,5,7432,915,high_quality_architectural/6456,True,997350,6,437701,True,22,88346,1090,3,15512
1.3396004700352526,402946,4,5943,851,high_quality_architectural/3218,True,970140,5,434646,True,20,102921,1140,4,23684
0.7304283604135894,478138,8,9690,1354,high_quality_architectural/9089,True,1339106,9,737250,True,20,87650,989,8,26378
0.8912071535022354,2053677,13,22465,2013,high_quality_architectural/4942,True,3611322,12,1250882,True,30,242715,1794,10,41583
1.517741935483871,2635593,18,28811,1860,high_quality_architectural/8526,True,5250780,16,2094502,True,60,418145,2823,21,73729
2.5091819699499167,323872,6,5510,599,high_quality_architectural/3245,True,900297,6,483144,True,16,75957,1503,3,11814
0.8044280442804428,1130015,15,22938,1897,high_quality_architectural/3127,True,2894822,16,1471035,True,33,217722,1526,13,53112
0.6799698795180723,268507,11,10730,1328,high_quality_architectural/5112,True,1199184,12,769788,True,24,124786,903,5,25373
0.6138613861386139,1409394,11,16934,2121,high_quality_architectural/1346,True,2761542,11,1138376,True,16,144920,1302,13,51918
1.701793721973094,1087315,14,22452,1338,high_quality_architectural/6309,True,3046626,17,1692247,True,27,184304,2277,19,60308
1.425911559348332,1047903,8,9986,1289,high_quality_architectural/6041,True,2369182,12,1136327,True,36,136715,1838,22,38251
1.0179930795847751,973127,11,15135,1445,high_quality_architectural/9716,True,2125595,12,926457,True,30,173834,1471,8,37042
1.2265486725663717,335461,10,12407,1130,high_quality_architectural/9862,True,1566180,11,1065071,True,28,107392,1386,6,45849
1.0318318318318318,1111080,17,25143,1665,high_quality_architectural/7914,True,2860470,16,1500846,True,40,169428,1718,20,53973
0.9974160206718347,730621,9,8357,1161,high_quality_architectural/6454,True,1344438,8,536047,True,13,60437,1158,4,8976
0.8769230769230769,705346,8,12862,1365,high_quality_architectural/8604,True,1633905,9,750102,True,22,131490,1197,11,34105
0.6621196222455404,1314400,12,15436,1906,high_quality_architectural/799,True,2405372,13,913327,True,26,126653,1262,7,35556
0.44582685329186106,952883,8,13130,1929,high_quality_architectural/1004,True,1658940,9,569840,True,20,100051,860,6,23036
1.0104895104895104,426446,9,9398,1144,high_quality_architectural/687,True,1322464,9,759985,True,23,107564,1156,4,19071
0.6031379787724965,1817051,6,11569,2167,high_quality_architectural/7812,True,2832269,9,881365,True,18,98222,1307,4,24062
2.3302379570516543,3762475,19,26713,1723,high_quality_architectural/783,True,6917845,20,2781781,True,43,247627,4015,20,99249
0.6044098573281452,622095,8,8971,1542,high_quality_architectural/2523,True,1437144,11,704303,True,17,87569,932,4,14206
1.413633355393779,2099746,9,12018,1511,high_quality_architectural/8349,True,3227496,10,942325,True,31,149542,2136,5,23865
1.8608870967741935,2806832,10,10906,1488,high_quality_architectural/8755,True,4120272,10,1137939,True,57,136079,2769,17,28516
0.9274193548387096,927206,5,7559,1240,high_quality_architectural/6305,True,1426000,6,409748,True,17,69575,1150,3,11912
0.7140864714086471,614243,12,13852,1434,high_quality_architectural/4846,True,1468416,13,711766,True,27,97241,1024,12,31314
1.365174672489083,2269664,21,40595,1832,high_quality_architectural/9767,True,4581832,26,1856250,True,51,341022,2501,19,74301
0.6579710144927536,367523,4,5849,1035,high_quality_architectural/5058,True,704835,5,275912,True,12,48018,681,2,7533
0.6246458923512748,363561,9,9824,1412,high_quality_architectural/637,True,1245384,10,749097,True,21,97670,882,9,25232
1.9971570717839375,2276766,20,22114,1407,high_quality_architectural/7819,True,3953670,17,1387609,True,28,237766,2810,7,29415
1.3921334922526818,342822,5,8580,839,high_quality_architectural/6735,True,979952,6,529503,True,21,88189,1168,2,10858
0.7114604462474645,1356601,12,22554,1972,high_quality_architectural/1366,True,2766716,14,1170383,True,25,182201,1403,6,34977
1.0884016973125885,901100,10,12204,1414,high_quality_architectural/1630,True,2176146,10,1020212,True,35,183189,1539,8,59441
0.9011553273427471,1177409,11,17102,1558,high_quality_architectural/4735,True,2187432,11,816644,True,28,155638,1404,9,20639
1.424863387978142,1304373,16,25455,1464,high_quality_architectural/8354,True,3053904,15,1448858,True,29,222848,2086,17,52370
0.5873249815770081,359336,6,12937,1357,high_quality_architectural/1815,True,1081529,8,565802,True,19,117393,797,6,26061
1.6595570139458573,666353,14,17942,1219,high_quality_architectural/7098,True,2466037,16,1573924,True,40,159344,2023,17,48474
2.117605633802817,1906074,24,49320,1420,high_quality_architectural/176,True,4269940,23,1934134,True,47,291319,3007,16,89093
1.0873965041398344,994126,3,3840,1087,high_quality_architectural/6556,True,1284834,3,240664,True,19,35164,1182,7,11040
1.2023715415019762,690366,12,25528,1265,high_quality_architectural/6739,True,1924065,12,1025183,True,18,134167,1521,18,48821
2.0915347556779076,2497575,12,14452,1453,high_quality_architectural/1770,True,4415667,14,1651571,True,30,210945,3039,13,41124
1.028436018957346,375243,8,7568,1055,high_quality_architectural/6424,True,1144675,8,653407,True,29,83491,1085,9,24966
1.52,1927148,12,15903,1500,high_quality_architectural/1071,True,3420000,12,1247622,True,22,184687,2280,13,44640
2.300222386953299,1731305,15,19139,1349,high_quality_architectural/3690,True,4185947,16,2079877,True,38,306592,3103,17,49034
1.0,1354975,6,8981,1454,high_quality_architectural/6442,True,2114116,7,629430,True,22,88987,1454,9,31743
1.0201207243460764,375669,6,5902,994,high_quality_architectural/5082,True,1007916,4,519352,True,24,88300,1014,8,18693
1.9625912408759123,873871,11,17968,1096,high_quality_architectural/1677,True,2357496,13,1256918,True,25,164798,2151,10,43941
0.7075187969924812,405066,9,12090,1330,high_quality_architectural/7690,True,1251530,10,710485,True,21,102315,941,12,21574
1.0082644628099173,2866138,19,22966,2299,high_quality_architectural/5535,True,5329082,22,1984423,True,57,390422,2318,16,65133
0.8305263157894737,397466,4,5484,950,high_quality_architectural/8164,True,749550,6,301389,True,10,38057,789,6,7154
0.8080286168521462,3257990,14,28140,2516,high_quality_architectural/6126,True,5115028,14,1539315,True,26,239123,2033,13,50460
0.8284095507891542,1999524,20,29109,2471,high_quality_architectural/6235,True,5058137,21,2523638,True,72,450341,2047,22,55525
1.0862944162436547,524063,11,12113,1182,high_quality_architectural/3855,True,1517688,12,852404,True,34,96955,1284,8,32153
0.4733766233766234,584786,6,8967,1540,high_quality_architectural/4680,True,1122660,7,455439,True,18,66718,729,2,6750
0.7034857401539159,2106782,13,17441,2209,high_quality_architectural/3534,True,3432786,15,1145668,True,20,141601,1554,6,21294
0.5701191567369386,335570,4,15045,1091,high_quality_architectural/4787,True,678602,4,259254,True,13,60738,622,1,7995
0.7587719298245614,569340,11,11794,1368,high_quality_architectural/6191,True,1419984,10,719397,True,30,94083,1038,5,25370
1.8917102315160568,1712085,17,32706,1339,high_quality_architectural/23,True,3391687,18,1331165,True,31,269215,2533,9,46516
0.5002925687536571,763906,9,12671,1709,high_quality_architectural/5808,True,1461195,9,571005,True,25,93051,855,8,20562
0.8343313373253493,3976080,25,37778,3006,high_quality_architectural/6393,True,7539048,27,2958587,True,56,439760,2508,28,126843
0.6408163265306123,206088,2,2821,980,high_quality_architectural/9629,True,615440,5,357518,True,29,41334,628,5,7679
1.8830784410458805,5771976,13,27428,2027,high_quality_architectural/2560,True,7737059,11,1582001,True,27,238568,3817,34,117086
1.5908479138627187,276458,4,5448,743,high_quality_architectural/709,True,878226,6,493107,True,19,83697,1182,6,19516
0.8453815261044176,502531,1,1925,996,high_quality_architectural/6558,True,838632,4,275107,True,18,46608,842,5,12461
1.7915472779369628,1364193,20,28520,1396,high_quality_architectural/4948,True,3491396,21,1822187,True,41,227493,2501,19,49003
2.1678594664931685,2145866,26,51754,1537,high_quality_architectural/4914,True,5121284,24,2454803,True,55,358106,3332,35,110755
0.4564204923486361,393120,10,9089,1503,high_quality_architectural/8774,True,1031058,10,521161,True,21,90275,686,4,17413
2.1328021248339972,537262,4,6084,753,high_quality_architectural/4,True,1209318,4,559777,True,23,91312,1606,3,14883
1.7806563039723662,846782,12,20412,1158,high_quality_architectural/372,True,2387796,13,1304447,True,29,169354,2062,16,46801
1.3737244897959184,2035250,14,19224,1568,high_quality_architectural/4639,True,3377472,15,1124859,True,37,167695,2154,16,30444
1.5048426150121066,390514,4,7678,826,high_quality_architectural/1858,True,1026718,7,522737,True,25,93991,1243,4,11798
0.5160445317616241,535594,8,9626,1527,high_quality_architectural/490,True,1203276,9,546150,True,21,91299,788,5,20607
0.9232633279483037,718838,10,9526,1238,high_quality_architectural/4830,True,1415034,10,569948,True,33,94225,1143,10,22497
0.9643998174349612,2991428,10,18783,2191,high_quality_architectural/2600,True,4629583,14,1300794,True,53,257119,2113,13,61459
1.2209821428571428,436068,5,7834,896,high_quality_architectural/882,True,980224,5,442575,True,17,77187,1094,7,16560
1.3018480492813143,1684429,8,12095,1461,high_quality_architectural/5991,True,2778822,9,861046,True,22,145098,1902,10,76154
1.3728301886792453,1614276,5,6127,1325,high_quality_architectural/688,True,2410175,7,674986,True,42,102016,1819,6,12770
0.5361247947454844,189685,7,12193,1218,high_quality_architectural/9897,True,795354,5,500471,True,13,76199,653,3,16806
0.6027397260273972,433726,7,9967,1314,high_quality_architectural/3964,True,1040688,8,477714,True,20,105009,792,3,14272
1.3100172711571676,1115302,9,13292,1158,high_quality_architectural/747,True,1756686,10,509744,True,23,92119,1517,11,26229
1.8794326241134751,733605,5,7321,846,high_quality_architectural/8421,True,1345140,6,512450,True,12,75289,1590,5,16475
0.696700037078235,2010761,21,54097,2697,high_quality_architectural/6120,True,5067663,23,2463275,True,44,439612,1879,12,99918
0.9749019607843137,569111,11,17193,1275,high_quality_architectural/8343,True,1584825,10,832509,True,22,138382,1243,12,27630
0.8267254038179148,2119469,13,22808,2043,high_quality_architectural/8119,True,3450627,15,1044466,True,38,221709,1689,10,42175
1.9234935680433312,1961219,14,19930,1477,high_quality_architectural/8085,True,4196157,18,1855914,True,38,304536,2841,22,54558
1.8530042918454936,737426,7,7776,932,high_quality_architectural/8217,True,1609564,7,738263,True,21,102142,1727,5,23957
1.0914151772634046,10120292,18,37371,3413,high_quality_architectural/3759,True,12713425,18,2163058,True,54,306280,3725,28,86424
0.8841657810839533,1805144,12,18827,1882,high_quality_architectural/9248,True,3131648,13,1120832,True,18,142645,1664,10,44200
1.783289817232376,117065,8,11445,766,high_quality_architectural/6465,True,1046356,9,767719,True,20,113892,1366,4,36235
0.6370217166494312,1517432,12,12333,1934,high_quality_architectural/7535,True,2382688,13,713057,True,29,114197,1232,7,25669
1.9204275534441806,420908,11,12888,842,high_quality_architectural/8804,True,1361514,12,793510,True,24,108448,1617,5,25760
1.276887871853547,2016080,17,25613,1748,high_quality_architectural/9942,True,3901536,17,1501732,True,40,310763,2232,21,47348
0.5988023952095808,431768,6,8691,1336,high_quality_architectural/6427,True,1068800,7,513263,True,15,94405,800,5,20673
0.7235294117647059,143884,5,8809,850,high_quality_architectural/2143,True,522750,4,311138,True,8,51353,615,3,7566
1.537001897533207,917321,9,10936,1054,high_quality_architectural/2073,True,1707480,7,668926,True,26,91717,1620,4,18580
1.6476833976833978,1272442,5,9122,1036,high_quality_architectural/1461,True,1768452,6,387530,True,10,83688,1707,4,15670
1.3537117903930131,2436471,11,23235,1832,high_quality_architectural/5971,True,4543360,12,1716135,True,29,311425,2480,15,56094
0.8327571305099395,2472518,26,48435,2314,high_quality_architectural/9956,True,4459078,21,1580467,True,34,269970,1927,16,87688
0.7710018668326073,1027481,10,15455,1607,high_quality_architectural/9672,True,1991073,12,789037,True,23,140886,1239,6,18214
1.0728476821192052,1292669,13,20090,1661,high_quality_architectural/1286,True,2959902,17,1342366,True,33,247559,1782,11,57218
0.5121771217712177,303484,6,10881,1355,high_quality_architectural/1106,True,940370,7,533742,True,20,78621,694,6,13642
0.6194144838212635,308941,7,11089,1298,high_quality_architectural/7044,True,1043592,10,604590,True,15,98777,804,5,20195
1.1177625122669284,468229,6,7780,1019,high_quality_architectural/8358,True,1160641,7,553613,True,36,114858,1139,4,16161
1.3950207468879667,5624735,16,38541,2410,high_quality_architectural/6553,True,8102420,16,2076849,True,32,269937,3362,25,92358
0.9619903248099516,1072302,9,13649,1447,high_quality_architectural/832,True,2014224,12,796187,True,21,111949,1392,6,20137
0.6379211878926327,664562,13,17764,1751,high_quality_architectural/5905,True,1955867,14,1091110,True,18,144831,1117,7,37600
1.564102564102564,503733,7,12433,897,high_quality_architectural/1851,True,1258491,9,577872,True,22,131615,1403,5,32838
1.0340807174887892,722984,5,8403,1115,high_quality_architectural/9219,True,1285595,7,444362,True,19,93224,1153,6,16622
1.9310986964618249,3422910,13,18065,1611,high_quality_architectural/3573,True,5011821,15,1328776,True,43,191858,3111,19,50212
1.5137614678899083,2167866,19,35978,1744,high_quality_architectural/222,True,4604160,22,2109141,True,51,218778,2640,28,72397
1.796352583586626,293085,17,21840,987,high_quality_architectural/1924,True,1749951,16,1191399,True,41,185712,1773,14,57915
1.3157894736842106,3090617,19,33387,2033,high_quality_architectural/7118,True,5438275,22,1978830,True,28,259406,2675,15,76035
1.4117091595845137,736198,6,8450,1059,high_quality_architectural/8823,True,1583205,9,725731,True,17,93251,1495,4,19575
1.3861027190332327,2090205,17,29357,1655,high_quality_architectural/1812,True,3796570,20,1294767,True,51,336879,2294,12,45362
2.0206896551724136,3008973,13,16452,1595,high_quality_architectural/218,True,5140685,19,1793600,True,36,279666,3223,10,41994
0.7590604026845638,868891,6,11006,1490,high_quality_architectural/6047,True,1685190,7,660534,True,14,100911,1131,5,43848
0.9238095238095239,3845194,8,7245,2310,high_quality_architectural/675,True,4929540,8,933543,True,25,121094,2134,8,22464
1.3212472806381437,1322590,15,20910,1379,high_quality_architectural/7529,True,2512538,14,993581,True,30,129285,1822,16,46172
1.9988276670574443,282877,14,14357,853,high_quality_architectural/7876,True,1454365,14,973063,True,39,166456,1705,7,17612
1.0196656833824975,2296075,20,37077,2034,high_quality_architectural/9101,True,4218516,20,1593455,True,40,242243,2074,8,49666
1.9340592861464005,2773521,20,29338,1653,high_quality_architectural/6363,True,5284641,26,2165508,True,40,273219,3197,12,43055
1.0466321243523315,1020098,12,19169,1544,high_quality_architectural/4944,True,2495104,13,1201511,True,40,215870,1616,8,38456
0.7145735392881128,3045900,29,58726,2978,high_quality_architectural/7104,True,6337184,31,2562095,True,86,574179,2128,27,96284
1.9227397260273973,4725811,20,42439,1825,high_quality_architectural/5027,True,6403925,14,1393330,True,30,203677,3509,15,38668
1.4612068965517242,2903375,9,18336,1624,high_quality_architectural/3099,True,3853752,7,715525,True,17,171757,2373,13,44759
1.141747572815534,558796,6,8341,1030,high_quality_architectural/6001,True,1211280,7,530853,True,18,87390,1176,3,25900
1.0951276102088168,1559493,15,23104,1724,high_quality_architectural/824,True,3254912,17,1459537,True,32,170513,1888,11,42265
1.414860681114551,7735397,35,59888,2907,high_quality_architectural/518,True,11956491,33,3648904,True,62,399214,4113,40,113088
0.7923728813559322,286035,9,11407,1180,high_quality_architectural/5856,True,1103300,9,700341,True,23,70909,935,9,34608
1.4334257975034674,1093005,16,24475,1442,high_quality_architectural/3523,True,2980614,15,1614076,True,49,187067,2067,16,61991
0.9617346938775511,1475465,6,23794,1960,high_quality_architectural/11,True,3694600,12,1739122,True,23,425790,1885,5,30429
0.9611423220973783,1626916,24,25500,2136,high_quality_architectural/3087,True,4385208,27,2415383,True,47,273203,2053,34,44206
1.1381031613976706,1119106,5,8030,1202,high_quality_architectural/9689,True,1644336,6,417891,True,16,89730,1368,2,9579
0.5473309608540925,740053,3,6967,1405,high_quality_architectural/39,True,1080445,4,268728,True,13,50644,769,2,14053
1.8020477815699658,670420,5,5657,879,high_quality_architectural/7089,True,1392336,5,618520,True,16,72302,1584,13,25437
1.5968379446640317,695470,7,9019,1012,high_quality_architectural/951,True,1635392,6,755490,True,23,147297,1616,4,28116
1.26953125,1133540,7,18299,1280,high_quality_architectural/3656,True,2080000,7,712632,True,24,169020,1625,6,46509
0.4961618981158409,281392,7,9091,1433,high_quality_architectural/5756,True,1018863,10,617221,True,22,86672,711,6,24487
0.7757961783439491,163105,3,8662,785,high_quality_architectural/1854,True,478065,4,241521,True,6,54395,609,1,10382
0.8299099099099099,4361394,17,26444,2775,high_quality_architectural/643,True,6390825,19,1731185,True,46,202029,2303,22,69773
1.2844744455159114,280687,11,11436,1037,high_quality_architectural/6045,True,1381284,10,943760,True,16,126629,1332,6,18772
1.2230769230769232,1061299,17,30610,1560,high_quality_architectural/5592,True,2976480,17,1597024,True,32,237415,1908,11,50132
0.9408473221422862,869341,6,9465,1251,high_quality_architectural/3869,True,1472427,7,486735,True,15,94757,1177,2,12129
2.0771412365286444,3882351,20,38825,1763,high_quality_architectural/5727,True,6456106,23,2083846,True,36,383534,3662,25,67550
0.8347597103357473,1054524,8,10638,1519,high_quality_architectural/9852,True,1926092,9,728210,True,21,105603,1268,6,27117
1.1266968325791855,1060076,11,12251,1326,high_quality_architectural/8158,True,1981044,11,748123,True,31,137438,1494,10,23156
0.7087765957446809,791572,6,10982,1504,high_quality_architectural/8072,True,1603264,6,662059,True,17,111127,1066,9,27524
1.3389694041867954,735974,16,19123,1242,high_quality_architectural/1823,True,2065446,15,1125526,True,34,141707,1663,19,43116
1.5397316821465428,682388,7,6273,969,high_quality_architectural/9909,True,1445748,7,664753,True,16,80382,1492,4,11952
1.0065454545454546,1285731,7,11635,1375,high_quality_architectural/8548,True,1903000,8,450070,True,15,117640,1384,6,37924
1.5118110236220472,3074299,17,27082,1778,high_quality_architectural/8328,True,4779264,17,1457985,True,35,186173,2688,9,33725
1.1996753246753247,929915,8,9443,1232,high_quality_architectural/5779,True,1820896,9,759645,True,19,95747,1478,5,26146
2.140134529147982,840817,8,12575,892,high_quality_architectural/7763,True,1702828,9,699093,True,27,136505,1909,3,13838
0.8646803227808815,1210460,9,13706,1611,high_quality_architectural/7879,True,2244123,11,845453,True,20,140086,1393,7,34418
2.291793313069909,340092,7,12743,658,high_quality_architectural/157,True,992264,8,505217,True,14,114130,1508,4,20082
0.9979959919839679,1626730,5,8397,1497,high_quality_architectural/7065,True,2236518,7,472244,True,20,107590,1494,5,21557
1.262633996937213,1162169,12,13823,1306,high_quality_architectural/1111,True,2153594,12,843670,True,20,100210,1649,11,33722
0.9190600522193212,4511726,18,36011,2681,high_quality_architectural/1227,True,6605984,21,1655046,True,41,296263,2464,18,106938
1.4079273327828241,1179165,8,11638,1211,high_quality_architectural/1536,True,2064755,9,729051,True,29,116801,1705,7,28100
1.5974025974025974,982317,10,10761,1232,high_quality_architectural/1576,True,2424576,9,1225766,True,32,181303,1968,8,24429
1.5990712074303406,1297046,2,2436,1292,high_quality_architectural/571,True,2669272,7,1206210,True,44,143878,2066,17,19702
1.966958211856171,667073,13,14707,1029,high_quality_architectural/7861,True,2082696,16,1155853,True,36,204327,2024,11,40736
0.9263657957244655,522512,9,11256,1263,high_quality_architectural/569,True,1477710,10,780657,True,33,132938,1170,9,30347
1.260431654676259,1480232,7,12797,1390,high_quality_architectural/4525,True,2435280,9,762740,True,28,146909,1752,6,32602
1.3401187446988974,892539,8,9340,1179,high_quality_architectural/9725,True,1862820,6,833234,True,18,113429,1580,4,14278
0.7294973544973545,828424,7,6108,1512,high_quality_architectural/6637,True,1667736,8,704044,True,24,104577,1103,6,24583
0.4896755162241888,280926,6,6358,1356,high_quality_architectural/9154,True,900384,6,534863,True,9,64736,664,3,13501
1.330536912751678,813049,7,13869,1192,high_quality_architectural/4518,True,1890512,9,883017,True,21,145057,1586,8,35520
1.0455873758036236,1600103,15,26867,1711,high_quality_architectural/6279,True,3060979,17,1151811,True,32,220612,1789,13,61586
0.6383633963924329,1076772,16,31102,2273,high_quality_architectural/1232,True,3298123,18,1880203,True,32,233527,1451,13,76519
1.3815261044176708,662175,7,11240,996,high_quality_architectural/6581,True,1370496,6,568669,True,14,107389,1376,4,21023
1.7782608695652173,2371455,13,17225,1380,high_quality_architectural/1650,True,3386520,10,857159,True,27,109128,2454,13,31553
0.8471810089020771,968516,5,7152,1348,high_quality_architectural/3871,True,1539416,5,486708,True,9,67620,1142,2,9420
1.7608286252354048,363438,15,32103,1062,high_quality_architectural/9984,True,1985940,16,1370095,True,20,180946,1870,11,39358
1.337007874015748,783440,11,16174,1270,high_quality_architectural/9004,True,2156460,8,1140765,True,19,175746,1698,10,40335
1.0203694931312175,2558583,20,32593,2111,high_quality_architectural/9833,True,4547094,18,1657726,True,50,233018,2154,17,65174
0.7695004382120947,545965,4,4864,1141,high_quality_architectural/7048,True,1001798,6,383875,True,17,49109,878,7,17985
0.8482758620689655,434882,4,3957,1450,high_quality_architectural/1816,True,1783500,8,1172475,True,17,109807,1230,4,62379
1.2530413625304135,374878,6,9946,822,high_quality_architectural/2519,True,846660,7,351917,True,20,97661,1030,3,12258
0.8492252681764004,1004258,13,17321,1678,high_quality_architectural/5680,True,2391150,16,1187013,True,29,147246,1425,13,35312
1.6952296819787986,965372,12,14590,1132,high_quality_architectural/7051,True,2172308,13,1013611,True,48,129639,1919,35,49096
1.1601903251387788,776190,12,13483,1261,high_quality_architectural/7679,True,1844843,12,912752,True,26,104813,1463,9,37605
1.473566641846612,1197433,12,20625,1343,high_quality_architectural/1237,True,2657797,13,1228521,True,18,164032,1979,14,47186
1.4027972027972029,1351869,18,34848,1430,high_quality_architectural/334,True,2868580,17,1237265,True,31,187142,2006,12,57456
1.2231473771856787,952502,6,9469,1201,high_quality_architectural/5825,True,1764269,6,672182,True,17,120036,1469,5,10080
1.4070152217074785,1480933,16,21624,1511,high_quality_architectural/8400,True,3212386,16,1451461,True,31,208565,2126,19,49803
1.3060853769300635,709881,7,11069,1101,high_quality_architectural/3046,True,1583238,8,713300,True,17,111932,1438,5,37056
0.747843397478434,866812,9,9118,1507,high_quality_architectural/5940,True,1698389,11,689033,True,29,113159,1127,11,20267
2.2869296210363497,1780677,21,27070,1293,high_quality_architectural/7036,True,3823401,21,1719344,True,48,247550,2957,30,48760
2.698857736240914,1493246,9,15676,963,high_quality_architectural/1908,True,2502837,9,800959,True,26,136828,2599,28,56128
1.0,1078809,5,6605,1222,high_quality_architectural/6453,True,1493284,5,344296,True,11,53074,1222,4,10500
0.6846950517836594,941782,11,16431,1738,high_quality_architectural/6542,True,2068220,12,944494,True,26,140117,1190,5,25396
1.759297520661157,865492,6,7551,968,high_quality_architectural/2058,True,1648504,5,634817,True,14,125596,1703,3,15048
0.8088235294117647,1189414,10,15120,1700,high_quality_architectural/1745,True,2337500,11,965179,True,16,136121,1375,7,31666
1.0198347107438017,63616,4,3972,605,high_quality_architectural/9822,True,373285,5,256546,True,10,38877,617,2,10274
0.6089622641509433,1216672,9,19569,2120,high_quality_architectural/7756,True,2736920,12,1262944,True,21,178798,1291,14,58937
1.278084714548803,661682,8,11655,1086,high_quality_architectural/4685,True,1507368,8,692935,True,30,103657,1388,11,37439
1.07383100902379,681420,9,12112,1219,high_quality_architectural/6351,True,1595671,9,696240,True,23,181191,1309,4,24708
1.357916102841678,1366851,17,19857,1478,high_quality_architectural/4896,True,2966346,16,1404066,True,32,149208,2007,15,26364
0.48172258387581374,921259,10,12842,1997,high_quality_architectural/7013,True,1921114,11,849365,True,23,112640,962,10,25008
1.4252288911495423,659010,7,11693,983,high_quality_architectural/1840,True,1377183,9,555307,True,24,120018,1401,8,31155
0.7381121362668559,488658,5,8332,1409,high_quality_architectural/7556,True,1465360,6,826011,True,19,115325,1040,11,27034
2.58373786407767,4141394,19,27444,1648,high_quality_architectural/5965,True,7017184,23,2400312,True,71,381804,4258,16,66230
1.2264957264957266,6019813,22,40656,2808,high_quality_architectural/3619,True,9670752,27,3174873,True,66,325849,3444,44,109561
1.3378226711560044,209298,11,7576,891,high_quality_architectural/8002,True,1062072,12,766534,True,26,66995,1192,12,11669
1.1895332390381896,174619,3,9652,707,high_quality_architectural/2117,True,594587,4,338427,True,10,69306,841,1,2583
1.5385826771653544,1139891,21,31484,1270,high_quality_architectural/7724,True,2481580,20,1125122,True,42,156997,1954,17,28086
1.2542141230068338,2971632,20,45429,2195,high_quality_architectural/1192,True,6042835,22,2501044,True,54,415711,2753,27,109019
0.7622699386503068,749195,5,7464,1304,high_quality_architectural/8028,True,1296176,8,432255,True,24,94534,994,4,12728
1.2975014526438118,1909955,13,25712,1721,high_quality_architectural/1216,True,3842993,14,1641710,True,26,203295,2233,13,62321
1.7124928693667998,2851466,19,44788,1753,high_quality_architectural/2589,True,5262506,16,1923278,True,47,349857,3002,22,93117
1.3631713554987213,410741,3,3836,782,high_quality_architectural/188,True,833612,4,348334,True,9,60149,1066,4,10552
0.47997032640949555,317303,5,9389,1348,high_quality_architectural/9640,True,872156,6,423006,True,16,89600,647,6,32858
0.5125868055555556,1669294,9,13041,2304,high_quality_architectural/1109,True,2721024,11,917109,True,22,101118,1181,7,20462
0.9454390451832907,419248,8,13192,1173,high_quality_architectural/9537,True,1300857,8,708270,True,23,123033,1109,4,37114
1.1328388401888065,777935,13,19713,1483,high_quality_architectural/3252,True,2491440,15,1461291,True,27,184106,1680,9,48395
1.057110862262038,1993148,5,9657,1786,high_quality_architectural/600,True,3371968,6,1235614,True,16,116879,1888,6,16670
1.1693635382955772,1708890,17,40018,1854,high_quality_architectural/4862,True,4019472,19,1905532,True,44,277018,2168,27,88014
1.6909620991253644,2515654,26,42391,1715,high_quality_architectural/9825,True,4973500,23,2076143,True,43,275122,2900,12,64190
1.4690721649484537,1264155,24,32043,1552,high_quality_architectural/1472,True,3538560,21,1893228,True,52,300322,2280,17,48812
1.503617945007236,1108918,18,31289,1382,high_quality_architectural/6085,True,2871796,18,1496072,True,33,173443,2078,12,62074
1.3780744905130007,1245531,15,23512,1423,high_quality_architectural/9351,True,2790503,17,1283110,True,37,197518,1961,11,40832
1.6083916083916083,610362,17,28159,1287,high_quality_architectural/8022,True,2664090,19,1771467,True,27,187944,2070,21,66158
0.6965715458838021,13467079,20,63156,4871,high_quality_architectural/4967,True,16527303,20,2480811,True,42,391682,3393,22,124575
1.411825726141079,638109,6,10582,964,high_quality_architectural/1847,True,1312004,7,550393,True,21,100460,1361,2,12460
1.070921985815603,449692,3,4912,846,high_quality_architectural/7714,True,766476,3,254003,True,15,46829,906,4,11040
0.7286698463169051,1422798,12,15416,1887,high_quality_architectural/7915,True,2594625,12,944202,True,36,174586,1375,11,37623
0.9300100704934542,2011058,36,42563,1986,high_quality_architectural/59,True,3668142,24,1418002,True,55,152931,1847,19,43588
1.6835978835978835,819810,8,8722,945,high_quality_architectural/745,True,1503495,8,560026,True,22,102977,1591,4,11960
1.4286410131514857,3340169,24,34244,2053,high_quality_architectural/9106,True,6021449,26,2335192,True,29,239792,2933,10,72052
0.6648829431438127,663579,8,8834,1495,high_quality_architectural/9367,True,1486030,10,689077,True,21,100565,994,7,23975
1.3660377358490565,821086,6,9699,1060,high_quality_architectural/7607,True,1534880,7,590319,True,25,100826,1448,3,12950
1.279495990836197,454199,6,6371,873,high_quality_architectural/8059,True,975141,6,422995,True,21,78890,1117,5,12686
1.27017841971113,883601,8,11091,1177,high_quality_architectural/5661,True,1759615,8,700780,True,25,142431,1495,7,21712
1.382608695652174,1567408,13,18888,1495,high_quality_architectural/6273,True,3090165,14,1312332,True,28,149453,2067,9,42084
0.6046394351991932,1126103,12,16560,1983,high_quality_architectural/9606,True,2377617,15,1042749,True,21,163462,1199,6,28743
1.5265917602996255,1554687,11,15177,1335,high_quality_architectural/7575,True,2720730,12,998229,True,21,114356,2038,13,38281
0.9805054151624548,628536,10,11996,1385,high_quality_architectural/4877,True,1880830,11,1046555,True,40,167660,1358,8,26083
0.762589928057554,551535,11,13537,1390,high_quality_architectural/520,True,1473400,11,760329,True,20,120708,1060,9,27291
2.3836285888821016,3662622,28,50964,1637,high_quality_architectural/7627,True,6387574,28,2048048,True,81,487764,3902,28,138176
0.9328813559322033,1051498,11,15655,1475,high_quality_architectural/494,True,2029600,9,809660,True,19,129172,1376,6,23615
1.8571428571428572,453493,5,7626,833,high_quality_architectural/81,True,1288651,8,681754,True,25,107005,1547,5,38773
1.1783644558918223,1869426,12,24485,1553,high_quality_architectural/6580,True,2841990,12,766046,True,24,143218,1830,13,38815
0.6796296296296296,829834,8,12506,1620,high_quality_architectural/6207,True,1783620,9,812262,True,17,100421,1101,8,28597
1.877079107505071,7714647,31,46817,2465,high_quality_architectural/384,True,11405555,35,2933882,True,85,634047,4627,24,76162
1.2112676056338028,538326,14,20788,1207,high_quality_architectural/8452,True,1764634,14,973534,True,30,197318,1462,12,34668
0.8227752639517345,568617,8,9374,1326,high_quality_architectural/7557,True,1446666,8,730130,True,23,115985,1091,3,22560
1.8535469107551488,667914,7,7964,874,high_quality_architectural/7877,True,1415880,7,628569,True,18,89061,1620,6,22372
1.4599383667180277,1347474,10,22428,1298,high_quality_architectural/1876,True,2459710,11,869020,True,27,160711,1895,13,60077
1.4142480211081794,1679660,15,22626,1516,high_quality_architectural/1960,True,3250304,13,1316802,True,31,150842,2144,28,80374
1.116780045351474,3890971,32,57056,2646,high_quality_architectural/9028,True,7818930,27,3187247,True,70,580241,2955,20,103415
0.5565559932470456,803347,11,16446,1777,high_quality_architectural/9758,True,1757453,12,803089,True,28,112414,989,8,22157
1.6347897774113767,1103171,8,13337,1213,high_quality_architectural/9135,True,2405379,10,1060172,True,25,159476,1983,18,69223
0.8958475153165418,801651,8,11283,1469,high_quality_architectural/8713,True,1933204,11,920796,True,27,156559,1316,7,42915
0.9384376616658044,2088896,14,16834,1933,high_quality_architectural/8039,True,3506462,15,1238330,True,24,133602,1814,10,28800
1.31044957472661,1627281,15,23633,1646,high_quality_architectural/8544,True,3550422,17,1619384,True,42,220133,2157,19,59991
1.1901172529313233,2883832,30,83760,2388,high_quality_architectural/3819,True,6786696,28,2906889,True,64,783648,2842,32,128567
1.4327956989247312,14466864,38,56395,3720,high_quality_architectural/4697,True,19827600,36,4604463,True,101,577789,5330,47,122089
2.547807332854062,2193194,17,32911,1391,high_quality_architectural/2103,True,4929704,16,2343024,True,43,271675,3544,22,88900
1.8733096085409253,2486903,10,16416,1405,high_quality_architectural/9304,True,3697960,11,1037175,True,23,121104,2632,22,36362
1.6320317670416942,1698672,13,19104,1511,high_quality_architectural/5503,True,3726126,19,1610019,True,38,353443,2466,18,44888
0.8758480325644504,866314,21,21099,1474,high_quality_architectural/7798,True,1902934,18,862456,True,42,120975,1291,23,32090
1.3654104979811574,1341385,19,24169,1486,high_quality_architectural/4874,True,3015094,20,1369009,True,42,233345,2029,17,47186
1.2710592160133445,670715,9,14841,1199,high_quality_architectural/4727,True,1827276,11,977172,True,26,141696,1524,6,22852
1.5968379446640317,695470,7,9019,1012,high_quality_architectural/7578,True,1635392,6,755490,True,23,147297,1616,4,28116
2.003841229193342,443651,7,8543,781,high_quality_architectural/811,True,1222265,6,638038,True,16,116583,1565,3,15450
1.1748400852878464,1517585,6,7856,1407,high_quality_architectural/3960,True,2325771,6,689687,True,18,98403,1653,8,12240
1.0531154239019407,905456,4,5025,979,high_quality_architectural/6443,True,1009349,0,0,True,19,98868,1031,0,0
0.4449418084153984,217705,3,7740,1117,high_quality_architectural/4786,True,555149,4,246598,True,10,68154,497,2,14952
0.6826309067688378,846627,12,18582,1566,high_quality_architectural/4636,True,1674054,11,683629,True,18,98776,1069,8,26440
1.05620287868403,982836,14,21570,1459,high_quality_architectural/6162,True,2248319,14,1059497,True,22,143809,1541,7,40607
1.4727272727272727,787964,5,5933,990,high_quality_architectural/5770,True,1443420,5,549794,True,15,86620,1458,6,13109
0.5264084507042254,361724,2,1923,1136,high_quality_architectural/9439,True,679328,4,269710,True,9,39325,598,2,6646
1.1638795986622072,744152,11,14208,1196,high_quality_architectural/7961,True,1664832,9,785928,True,14,97606,1392,8,22938
0.6518858307849134,1784309,8,11685,1962,high_quality_architectural/9286,True,2509398,9,590462,True,22,106570,1279,7,16372
0.5873269435569755,1289173,7,11952,1878,high_quality_architectural/263,True,2071434,10,644288,True,21,107862,1103,4,18159
1.699616858237548,1237763,15,31494,1305,high_quality_architectural/3913,True,2894490,18,1345493,True,33,217297,2218,9,62443
0.8103448275862069,643692,10,9684,1334,high_quality_architectural/6251,True,1442054,10,643947,True,27,114015,1081,11,30716
1.65947242206235,336414,8,10883,834,high_quality_architectural/1520,True,1154256,8,693200,True,19,88781,1384,6,24978
1.1969057665260197,321108,4,3923,711,high_quality_architectural/7893,True,605061,5,241129,True,13,28992,851,8,9909
1.0959944751381216,1305217,11,11811,1448,high_quality_architectural/9350,True,2297976,10,840304,True,21,107569,1587,9,33075
1.6846846846846846,1082937,13,21658,1332,high_quality_architectural/551,True,2989008,13,1643310,True,35,181217,2244,24,59886
1.5774647887323943,656121,14,17082,1207,high_quality_architectural/6712,True,2298128,14,1434535,True,33,149912,1904,17,40478
0.6294256490952006,442429,5,8979,1271,high_quality_architectural/130,True,1016800,6,446685,True,14,97366,800,3,21341
1.0751928020565553,1177274,18,25885,1556,high_quality_architectural/797,True,2603188,15,1198005,True,22,168439,1673,8,33585
0.627906976744186,1136087,10,8665,1892,high_quality_architectural/8216,True,2247696,10,987352,True,23,95812,1188,6,19780
0.7761904761904762,1306900,13,16731,1890,high_quality_architectural/6306,True,2772630,14,1204092,True,42,190319,1467,12,54588
1.1206120612061206,714529,3,9882,1111,high_quality_architectural/7955,True,1383195,2,568320,True,7,81905,1245,4,8559
0.6280931586608443,528244,7,9012,1374,high_quality_architectural/7534,True,1185762,8,545059,True,28,93694,863,2,9753
1.5113566605279312,1704600,16,37607,1629,high_quality_architectural/3031,True,4010598,20,1888329,True,44,272450,2462,35,107612
1.5667034178610806,598552,8,6820,907,high_quality_architectural/9072,True,1288847,7,519697,True,29,137504,1421,4,26274
0.7023633677991138,462559,11,13771,1354,high_quality_architectural/164,True,1287654,11,680816,True,22,109056,951,4,21452
0.8378170637970792,397222,8,7769,1301,high_quality_architectural/7598,True,1418090,13,874080,True,24,121098,1090,7,17921
2.5288053365676166,3779268,14,26280,1649,high_quality_architectural/2566,True,6876330,19,2573106,True,44,312103,4170,36,185573
0.7105263157894737,280225,5,6378,1064,high_quality_architectural/9140,True,804384,7,410775,True,19,89218,756,8,17788
1.1794392523364485,1800011,16,18167,1605,high_quality_architectural/7509,True,3038265,16,1045887,True,28,145089,1893,9,29111
1.350597609561753,1735736,16,21048,1506,high_quality_architectural/4968,True,3063204,18,1144956,True,32,148200,2034,5,13264
1.5964730290456433,962113,6,10040,964,high_quality_architectural/8321,True,1483596,7,408307,True,15,83301,1539,5,19835
0.5567200986436498,842012,6,7882,1622,high_quality_architectural/1478,True,1464666,6,500475,True,19,89006,903,6,25291
1.3381770145310437,150346,4,3739,757,high_quality_architectural/4993,True,766841,6,530938,True,12,68454,1013,3,13364
1.8887362637362637,157366,8,13467,728,high_quality_architectural/5066,True,1001000,8,699808,True,19,108342,1375,4,22017
2.0312944523470837,384440,5,5790,703,high_quality_architectural/3671,True,1003884,6,517086,True,22,81076,1428,3,15492
0.8373048479868529,278196,11,14496,1217,high_quality_architectural/4561,True,1240123,12,826863,True,23,101850,1019,5,18718
1.3953013278855975,781025,12,12793,979,high_quality_architectural/10000,True,1337314,9,414437,True,27,107021,1366,4,22038
0.7051215726849457,2180909,7,9292,1933,high_quality_architectural/10001,True,2634679,10,350368,True,22,76749,1363,5,17361
0.5975155279503106,2285028,10,16893,2415,high_quality_architectural/10002,True,3484845,12,1017388,True,19,141116,1443,7,24420
0.8087628865979382,1818019,12,14659,1940,high_quality_architectural/10006,True,3043860,12,1062127,True,20,119227,1569,9,29828
0.4249161073825503,1143534,10,15452,2384,high_quality_architectural/10007,True,2414992,11,1093081,True,18,137239,1013,7,25686
1.2670720299345182,3209694,20,45107,2138,high_quality_architectural/10008,True,5791842,21,2130093,True,56,331217,2709,19,75731
1.881852048962214,4415128,18,29117,1879,high_quality_architectural/10013,True,6644144,15,1790664,True,47,342553,3536,24,66682
1.2570969469737547,2131357,17,33095,1867,high_quality_architectural/10016,True,4381849,17,1883907,True,40,263081,2347,22,70409
0.9744637385086823,448866,6,8663,979,high_quality_architectural/10018,True,933966,7,391266,True,18,74476,954,6,10695
0.9066213921901528,746001,4,7220,1178,high_quality_architectural/10019,True,1258104,4,410055,True,11,85512,1068,3,9316
0.6280918727915195,308538,4,7205,1132,high_quality_architectural/10020,True,804852,6,403779,True,16,72730,711,2,12600
1.4140730717185386,10259406,17,27938,2956,high_quality_architectural/10022,True,12356080,19,1825784,True,40,172414,4180,24,70538
0.7070641607258588,1004065,9,11887,1543,high_quality_architectural/10023,True,1683413,10,553032,True,19,94113,1091,4,20316
1.2327089337175792,1296616,10,17344,1388,high_quality_architectural/10025,True,2374868,8,821325,True,36,189610,1711,9,49973
1.2897196261682242,732672,7,7449,1070,high_quality_architectural/10026,True,1476600,6,631277,True,17,90328,1380,4,14874
0.6618075801749271,330263,3,4731,1029,high_quality_architectural/10028,True,700749,4,302731,True,13,53641,681,3,9383
1.3258317025440314,428812,11,14336,1022,high_quality_architectural/10029,True,1384810,13,803504,True,26,108630,1355,13,29528
1.5789473684210527,594015,6,6716,912,high_quality_architectural/10034,True,1313280,6,593906,True,17,101435,1440,3,17208
1.5258764607679465,672614,13,19422,1198,high_quality_architectural/10035,True,2189944,16,1277713,True,25,174459,1828,9,45736
2.1442652329749103,1151549,32,41960,1116,high_quality_architectural/10036,True,2670588,25,1256180,True,46,187106,2393,10,33793
1.1456822676334872,938855,15,21881,1517,high_quality_architectural/10039,True,2636546,16,1437380,True,34,187340,1738,19,51090
0.7255546425636812,490133,7,6733,1217,high_quality_architectural/10043,True,1074611,10,492876,True,22,71293,883,4,13576
1.1609482220835932,1491232,14,18593,1603,high_quality_architectural/10044,True,2983183,14,1246492,True,33,164392,1861,18,62474
0.8769513314967861,566320,5,7356,1089,high_quality_architectural/10045,True,1039995,6,385552,True,17,67743,955,2,13024
0.49851455733808675,507719,11,12428,1683,high_quality_architectural/10046,True,1412037,12,757653,True,26,106969,839,12,27268
0.8726287262872628,4538477,12,20731,2583,high_quality_architectural/10047,True,5822082,13,1021369,True,27,188132,2254,16,53373
1.3643461288223813,1437114,17,32025,1537,high_quality_architectural/10054,True,3223089,16,1488403,True,32,211738,2097,21,53809
1.5770975056689343,2983685,16,22724,1764,high_quality_architectural/10058,True,4907448,18,1607396,True,50,232965,2782,20,60678
0.9865689865689866,181369,7,9185,819,high_quality_architectural/10059,True,661752,5,376846,True,15,78248,808,3,16104
1.437941473259334,3215302,16,26943,1982,high_quality_architectural/10063,True,5648700,17,2095613,True,42,234130,2850,33,76712
1.5538922155688624,932464,17,27770,1336,high_quality_architectural/10069,True,2773536,18,1580559,True,41,166798,2076,29,65945
0.531390134529148,270828,4,5808,1338,high_quality_architectural/10070,True,951318,3,643839,True,6,30843,711,0,0
2.734168406402227,2974415,16,25490,1437,high_quality_architectural/10074,True,5645973,21,2261842,True,38,346952,3929,11,37274
0.9893711248892826,661866,5,10220,1129,high_quality_architectural/10075,True,1261093,6,462962,True,16,101685,1117,4,24360
0.7637362637362637,291024,4,6064,910,high_quality_architectural/10080,True,632450,6,275848,True,18,49224,695,3,10290
1.6841530054644809,3342254,14,22790,1830,high_quality_architectural/10082,True,5640060,17,2006745,True,26,231955,3082,10,36316
1.414985590778098,1788880,7,8772,1388,high_quality_architectural/10084,True,2726032,8,766038,True,20,134050,1964,7,28292
1.1985515992757996,1479709,29,31460,1657,high_quality_architectural/10088,True,3290802,28,1496109,True,71,216307,1986,21,67217
0.6209912536443148,1575644,9,16518,2058,high_quality_architectural/10089,True,2630124,10,869873,True,21,147045,1278,9,21044
1.0521346469622332,3578577,22,34505,2436,high_quality_architectural/10092,True,6243468,18,2208183,True,59,354907,2563,28,67296
1.6848107827890098,3985380,19,37457,1929,high_quality_architectural/10093,True,6269250,19,1876715,True,37,304910,3250,17,64788
1.1171950048030739,663324,8,6863,1041,high_quality_architectural/10095,True,1210683,7,453323,True,23,79790,1163,3,7383
0.8802083333333334,213199,4,3888,768,high_quality_architectural/10096,True,519168,5,244501,True,14,41067,676,4,16513
1.2594440484675695,853823,13,26451,1403,high_quality_architectural/10097,True,2479101,15,1354004,True,33,182646,1767,7,62177
0.6611479028697572,1221747,11,17314,1812,high_quality_architectural/10102,True,2170776,11,763948,True,17,134179,1198,6,33588
0.6454183266932271,583541,10,13166,1506,high_quality_architectural/10105,True,1463832,11,749538,True,27,98417,972,8,19170
0.7292899408284024,3216612,16,26015,2704,high_quality_architectural/10108,True,5332288,19,1778803,True,53,271294,1972,22,39564
1.0441334768568353,480580,3,4611,929,high_quality_architectural/10113,True,901130,4,322111,True,18,67114,970,5,26714
0.9873278236914601,1993106,13,19550,1815,high_quality_architectural/10114,True,3252480,13,1014412,True,28,178256,1792,9,47156
0.6553956834532374,465305,8,11035,1390,high_quality_architectural/10116,True,1266290,9,664865,True,26,105816,911,7,19269
1.256140350877193,557806,13,13260,1140,high_quality_architectural/10118,True,1632480,13,848647,True,36,177074,1432,5,35693
1.144041450777202,334570,8,11780,965,high_quality_architectural/10119,True,1065360,9,599752,True,20,92666,1104,7,26592
1.5160955347871237,624421,8,10733,963,high_quality_architectural/10122,True,1405980,7,619615,True,25,121732,1460,4,29479
1.7454448017148982,3659801,17,28014,1866,high_quality_architectural/10125,True,6077562,17,2021879,True,54,297904,3257,30,69964
1.796414852752881,264490,6,7502,781,high_quality_architectural/10126,True,1095743,7,716013,True,16,85333,1403,5,22405
0.553742802303263,250093,3,6867,1042,high_quality_architectural/10127,True,601234,5,281523,True,7,55391,577,1,7360
1.9635416666666667,807473,8,14358,960,high_quality_architectural/10128,True,1809600,8,816835,True,18,124593,1885,8,46341
1.9534653465346534,988393,8,14589,1010,high_quality_architectural/10129,True,1992730,8,814546,True,19,125316,1973,9,49886
1.489252814738997,537637,9,12319,977,high_quality_architectural/10130,True,1421535,10,723318,True,26,113828,1455,10,34433
1.6766233766233767,384080,6,7282,770,high_quality_architectural/10131,True,994070,5,508112,True,17,79368,1291,4,15228
1.477438136826783,1298562,9,12599,1374,high_quality_architectural/10136,True,2789220,10,1199880,True,32,211480,2030,19,66699
0.5708727070594775,1109055,7,12028,1799,high_quality_architectural/10139,True,1847573,8,604500,True,20,105012,1027,4,16978
0.5456431535269709,1198708,10,13727,1928,high_quality_architectural/10140,True,2028256,10,673647,True,18,123496,1052,6,18678
0.7072378138847858,7121857,11,13050,3385,high_quality_architectural/10141,True,8103690,12,800823,True,31,136163,2394,7,31797
1.5356762513312034,731886,7,6212,939,high_quality_architectural/10142,True,1354038,8,499082,True,16,96436,1442,5,20422
0.6531509526135808,1401022,15,23736,2047,high_quality_architectural/10143,True,2736839,14,1071773,True,28,208604,1337,6,31704
1.6418439716312057,1040888,8,11195,1128,high_quality_architectural/10146,True,2089056,9,877165,True,25,133268,1852,6,26540
1.2249560632688927,266469,12,10850,1138,high_quality_architectural/10147,True,1586372,12,1053009,True,32,211038,1394,6,45006
0.7495395948434622,860776,9,14798,1629,high_quality_architectural/10149,True,1989009,13,946290,True,20,127097,1221,8,40048
1.4140786749482401,1824852,8,14451,1449,high_quality_architectural/10150,True,2969001,11,964666,True,18,128426,2049,7,36606
0.596764705882353,4009540,21,29504,3400,high_quality_architectural/10151,True,6898600,20,2468118,True,53,326853,2029,28,64585
0.4680989583333333,246318,2,2210,1536,high_quality_architectural/10152,True,1104384,3,801720,True,8,50171,719,2,3965
0.724561403508772,482951,5,6601,1140,high_quality_architectural/10153,True,941640,5,373311,True,17,69669,826,2,9108
1.108935128518972,1350435,3,8976,1634,high_quality_architectural/10155,True,2960808,4,1534766,True,12,61027,1812,3,5604
0.94543063773833,1186942,10,9844,1521,high_quality_architectural/10156,True,2187198,11,815505,True,28,153310,1438,7,21597
1.3267080745341615,372270,5,9498,805,high_quality_architectural/10158,True,859740,5,381213,True,15,86481,1068,3,10278
0.3889423076923077,1034137,6,10093,2080,high_quality_architectural/10159,True,1682720,7,539573,True,15,80940,809,4,17977
0.36310025273799496,1226676,6,11770,2374,high_quality_architectural/10160,True,2046388,7,675140,True,20,113614,862,5,19188
0.37544757033248083,782235,6,9860,1955,high_quality_architectural/10161,True,1434970,7,537718,True,16,89865,734,4,15292
0.465288035450517,1067548,7,11550,2031,high_quality_architectural/10162,True,1919295,8,694231,True,19,127540,945,10,18426
1.447520184544406,323164,8,10547,867,high_quality_architectural/10163,True,1088085,6,629364,True,17,100842,1255,7,24168
0.7320916905444126,579513,6,10765,1396,high_quality_architectural/10167,True,1426712,7,679434,True,21,107042,1022,11,49958
1.30622009569378,572351,6,11651,1045,high_quality_architectural/10170,True,1426425,7,689154,True,15,117363,1365,4,35906
0.4871645274212369,730633,9,11639,1714,high_quality_architectural/10172,True,1431190,11,582075,True,24,89984,835,5,16859
1.132608695652174,1901645,25,33281,1840,high_quality_architectural/10176,True,3834560,21,1647310,True,44,224153,2084,15,28171
0.7759815242494227,790319,3,4716,1299,high_quality_architectural/10179,True,1309392,5,425575,True,10,77082,1008,2,11700
1.8395926161680458,2397471,14,22367,1571,high_quality_architectural/10180,True,4540190,14,1759131,True,51,284015,2890,30,77206
0.9692307692307692,267091,4,5761,845,high_quality_architectural/10182,True,692055,5,348415,True,13,51429,819,5,19359
0.8352941176470589,227944,5,5275,935,high_quality_architectural/10186,True,730235,6,415857,True,17,66747,781,3,14412
1.1002405773857258,883225,8,11313,1247,high_quality_architectural/10187,True,1710884,8,668604,True,25,109505,1372,8,38237
1.2011278195488722,640018,8,9096,1064,high_quality_architectural/10190,True,1359792,8,607973,True,15,77825,1278,6,24880
0.7491749174917491,885956,22,46846,2121,high_quality_architectural/10195,True,3370269,22,1965737,True,45,393127,1589,20,78603
1.1010989010989012,468421,4,4044,910,high_quality_architectural/10196,True,911820,5,354834,True,13,66031,1002,2,18490
2.3413461538461537,863007,14,16835,1040,high_quality_architectural/10200,True,2532400,20,1400228,True,43,227860,2435,9,24470
0.5947293447293447,594171,8,6711,1404,high_quality_architectural/10203,True,1172340,6,486767,True,23,70285,835,4,14406
0.9665825977301387,714075,12,11596,1586,high_quality_architectural/10209,True,2431338,13,1476611,True,34,172274,1533,20,56782
0.8647435897435898,839511,11,15530,1560,high_quality_architectural/10211,True,2104440,11,1034218,True,36,159505,1349,21,55676
1.5398956002982849,1142932,14,18509,1341,high_quality_architectural/10212,True,2769165,18,1395672,True,38,155462,2065,11,56590
0.6327960756832516,444932,8,12702,1427,high_quality_architectural/10213,True,1288581,8,700760,True,16,109076,903,7,21111
1.874384236453202,313159,10,8982,812,high_quality_architectural/10216,True,1235864,8,796396,True,18,101179,1522,4,16148
0.8676122931442081,244385,5,5386,846,high_quality_architectural/10217,True,620964,6,301631,True,13,59322,734,2,10240
0.8590078328981723,449768,7,9767,1149,high_quality_architectural/10218,True,1134063,5,574124,True,16,81465,987,3,18939
2.327894327894328,1974414,14,25357,1287,high_quality_architectural/10219,True,3855852,14,1559619,True,38,252057,2996,12,44405
1.023963133640553,858736,3,10474,1085,high_quality_architectural/10220,True,1205435,3,266496,True,8,63673,1111,2,6056
1.3016917293233083,762670,7,8110,1064,high_quality_architectural/10222,True,1473640,6,597859,True,16,87344,1385,6,17657
1.235638921453693,341655,5,7376,853,high_quality_architectural/10224,True,899062,6,456690,True,17,78776,1054,5,14565
0.6350028785261946,1042898,8,10759,1737,high_quality_architectural/10225,True,1915911,7,709884,True,23,127030,1103,5,25340
1.2307692307692308,1859954,22,39011,1768,high_quality_architectural/10228,True,3847168,16,1698884,True,30,196886,2176,15,52433
0.6331316187594553,392919,7,8644,1322,high_quality_architectural/10230,True,1106514,9,587161,True,27,96932,837,5,20858
0.6921226698737222,919250,6,12471,1663,high_quality_architectural/10231,True,1914113,7,840823,True,12,114891,1151,9,26678
0.6189889025893958,722082,10,11885,1622,high_quality_architectural/10234,True,1628488,11,747276,True,29,117317,1004,14,29928
1.6254512635379061,495556,13,15801,1108,high_quality_architectural/10236,True,1995508,15,1305707,True,31,141052,1801,19,37392
1.4490620490620492,10923775,24,42155,3465,high_quality_architectural/10237,True,17397765,25,5782791,True,54,542093,5021,19,106951
1.495114006514658,3183672,17,21190,1842,high_quality_architectural/10238,True,5072868,16,1620977,True,38,198783,2754,18,48246
1.455160744500846,916621,6,6148,1182,high_quality_architectural/10240,True,2033040,9,937324,True,37,155121,1720,8,17826
0.5273311897106109,296454,8,13834,1555,high_quality_architectural/10242,True,1275100,10,807818,True,20,132802,820,4,24192
1.6210526315789473,1139252,6,6130,1045,high_quality_architectural/10249,True,1770230,5,540705,True,13,73232,1694,3,10911
0.849680170575693,254285,4,5262,938,high_quality_architectural/10251,True,747586,8,422552,True,21,55877,797,6,9610
0.7815884476534296,1110590,7,12104,1662,high_quality_architectural/10252,True,2158938,9,878424,True,19,131280,1299,9,26540
2.0501193317422435,654136,7,6696,838,high_quality_architectural/10254,True,1439684,7,661320,True,18,91976,1718,6,25556
0.9558275678552421,1848442,12,14876,1879,high_quality_architectural/10255,True,3374684,17,1297944,True,38,182175,1796,8,31247
1.5741789354473386,468808,6,7488,883,high_quality_architectural/10260,True,1227370,9,632414,True,25,96673,1390,5,21987
1.6162436548223351,1081064,3,2870,985,high_quality_architectural/10262,True,1568120,5,416889,True,32,60269,1592,7,7028
2.1695778748180494,2393036,12,19565,1374,high_quality_architectural/10263,True,4095894,13,1387729,True,31,244407,2981,13,51157
0.6746136865342164,1447733,23,26633,2265,high_quality_architectural/10267,True,3460920,22,1722266,True,48,215182,1528,12,49106
0.5487514863258026,853376,2,2325,1682,high_quality_architectural/10271,True,1552486,3,654174,True,8,38006,923,2,4605
1.6591422121896162,3560889,17,21554,1772,high_quality_architectural/10272,True,5209680,18,1348833,True,40,251664,2940,7,26740
0.8783873099801719,1350676,4,1543,1513,high_quality_architectural/10274,True,2010777,11,549936,True,51,88354,1329,8,20268
2.060693641618497,330592,6,5971,692,high_quality_architectural/10275,True,986792,7,536324,True,24,82593,1426,4,31312
0.9636937647987371,460928,12,12168,1267,high_quality_architectural/10276,True,1547007,12,932810,True,32,105839,1221,7,35262
1.1704615384615384,1489771,14,19658,1625,high_quality_architectural/10278,True,3090750,16,1311852,True,31,221193,1902,10,48276
1.2951432129514322,301521,7,10520,803,high_quality_architectural/10280,True,835120,6,434548,True,21,76351,1040,3,12180
0.8929142248268513,1922466,14,18468,1877,high_quality_architectural/10283,True,3145852,14,991176,True,31,178573,1676,7,35169
2.54642166344294,694751,19,24198,1034,high_quality_architectural/10285,True,2722522,21,1696855,True,32,231328,2633,18,75390
0.7054662379421222,670721,11,14259,1555,high_quality_architectural/10288,True,1705835,12,864175,True,24,123946,1097,7,32734
1.5976190476190477,1003782,13,19332,1260,high_quality_architectural/10289,True,2536380,16,1297433,True,25,179443,2013,15,36390
0.9961240310077519,1141619,12,20871,1806,high_quality_architectural/10290,True,3248994,16,1685737,True,37,351840,1799,16,48927
1.959723820483314,895789,6,9157,869,high_quality_architectural/10291,True,1479907,5,470053,True,20,89780,1703,3,15128
1.6767337807606264,3261068,13,18235,1788,high_quality_architectural/10295,True,5360424,14,1735334,True,29,271700,2998,16,74087
0.40404040404040403,216492,6,4480,1287,high_quality_architectural/10298,True,669240,8,372303,True,25,57318,520,4,18647
1.131769575715764,5264427,29,64743,2899,high_quality_architectural/10301,True,9511619,31,3496958,True,93,550263,3281,43,135228
0.8788093550673282,655663,10,8199,1411,high_quality_architectural/10302,True,1749640,10,954553,True,23,104721,1240,10,26504
1.1852986217457886,1329595,4,6830,1306,high_quality_architectural/10303,True,2021688,6,561892,True,17,78595,1548,9,44776
1.525027808676307,287933,11,16338,899,high_quality_architectural/10304,True,1232529,10,787270,True,21,119764,1371,8,21224
0.6862361382909328,959613,3,5836,1533,high_quality_architectural/10311,True,1612716,6,542914,True,26,84596,1052,6,19757
0.8408104196816208,672893,7,9106,1382,high_quality_architectural/10319,True,1605884,9,773333,True,26,120117,1162,7,30435
0.6854911384800241,4311669,26,38286,3329,high_quality_architectural/10321,True,7596778,34,2657405,True,87,439124,2282,44,150294
1.2442972774098602,789284,13,16049,1359,high_quality_architectural/10323,True,2298069,15,1315895,True,24,146012,1691,10,30829
0.526344676180022,980570,10,11584,1822,high_quality_architectural/10328,True,1747298,10,615913,True,31,119109,959,7,20122
1.7476038338658146,881434,6,8079,939,high_quality_architectural/10330,True,1540899,7,533181,True,21,96337,1641,7,21868
0.7070124879923151,4881735,16,21875,3123,high_quality_architectural/10335,True,6895584,16,1713307,True,35,227001,2208,15,51666
0.7345709984947315,1339803,11,17853,1993,high_quality_architectural/10340,True,2917752,15,1286784,True,39,209335,1464,13,63977
1.4134615384615385,899711,9,9446,1144,high_quality_architectural/10341,True,1849848,12,765341,True,36,149794,1617,9,25556
1.7956989247311828,336473,8,8611,744,high_quality_architectural/10345,True,993984,6,520571,True,23,110813,1336,6,17516
0.7251851851851852,797497,4,8397,1350,high_quality_architectural/10348,True,1321650,4,419131,True,18,67589,979,6,29036
1.5577078288942696,1068366,13,13837,1239,high_quality_architectural/10349,True,2391270,14,1119866,True,32,137056,1930,15,52145
0.9578544061302682,362879,5,8902,1044,high_quality_architectural/10350,True,1044000,7,569714,True,21,96830,1000,2,5675
0.8915094339622641,764540,7,6072,1484,high_quality_architectural/10351,True,1963332,10,1000155,True,28,134716,1323,7,57849
0.3732433951658235,459368,8,12523,1779,high_quality_architectural/10352,True,1181256,10,587034,True,19,102152,664,5,20179
0.6140613313388182,520329,6,10970,1337,high_quality_architectural/10353,True,1097677,7,467873,True,21,80685,821,6,17820
0.947289156626506,215112,3,3042,664,high_quality_architectural/10354,True,417656,3,167162,True,7,27205,629,5,5135
0.6795131845841785,350236,4,4961,986,high_quality_architectural/10359,True,660620,3,246972,True,13,50573,670,2,7878
0.921697549312612,835390,11,12510,1673,high_quality_architectural/10361,True,2579766,12,1514835,True,33,184460,1542,6,32571
0.8931101094655506,1210598,11,14985,1553,high_quality_architectural/10363,True,2154011,13,755793,True,29,150593,1387,7,22042
1.2660300136425648,1384006,12,16768,1466,high_quality_architectural/10365,True,2720896,13,1107153,True,24,169378,1856,9,43591
0.6590909090909091,404183,3,5716,1100,high_quality_architectural/10366,True,797500,4,299012,True,9,81224,725,3,7365
1.199203187250996,284589,3,4914,753,high_quality_architectural/10368,True,679959,4,324900,True,14,55056,903,3,10500
0.3902439024390244,560068,7,9252,1599,high_quality_architectural/10369,True,997776,8,338202,True,21,80360,624,3,9894
0.7941483803552769,138315,6,7103,957,high_quality_architectural/10370,True,727320,6,490160,True,10,72032,760,3,19710
1.345291479820628,1259269,20,31954,1561,high_quality_architectural/10372,True,3278100,18,1727110,True,38,216237,2100,12,43530
0.8045830681094844,1259435,7,10045,1571,high_quality_architectural/10378,True,1985744,7,615290,True,25,77603,1264,10,23371
0.5589203423304806,445076,9,8698,1519,high_quality_architectural/10380,True,1289631,11,732440,True,23,88122,849,7,15295
1.5837606837606837,1469854,5,5563,1170,high_quality_architectural/10381,True,2168010,5,596137,True,14,79314,1853,3,17142
1.013323464100666,846691,12,11891,1351,high_quality_architectural/10389,True,1849519,10,858309,True,23,97374,1369,8,35254
0.7770842621489077,2640402,16,19919,2243,high_quality_architectural/10393,True,3909549,18,1041767,True,35,172593,1743,9,34868
1.264982373678026,9392395,72,132475,3404,high_quality_architectural/10394,True,14657624,50,4071085,True,138,813618,4306,38,248051
2.5451073985680193,8391206,21,42216,2095,high_quality_architectural/10396,True,11170540,20,2283632,True,55,376997,5332,22,76489
0.8689361702127659,429493,8,9387,1175,high_quality_architectural/10397,True,1199675,11,656300,True,28,85870,1021,7,18625
0.557504873294347,468665,10,11379,1539,high_quality_architectural/10401,True,1320462,10,719938,True,19,101314,858,5,19166
0.6559679037111334,262874,4,5428,997,high_quality_architectural/10404,True,652038,6,316619,True,13,60000,654,2,7117
1.669700910273082,2312698,18,32981,1538,high_quality_architectural/10409,True,3949584,17,1371587,True,33,172511,2568,15,59807
0.6685979142526072,173750,7,4376,863,high_quality_architectural/10410,True,497951,8,223427,True,25,85235,577,1,11163
0.6814988290398126,149215,7,4686,854,high_quality_architectural/10411,True,497028,7,258366,True,28,79541,582,1,5220
0.4264516129032258,552314,7,8186,1550,high_quality_architectural/10415,True,1024550,8,390912,True,21,61086,661,4,12052
1.028116213683224,404820,8,8295,1067,high_quality_architectural/10419,True,1170499,8,645589,True,21,85970,1097,4,25825
1.2161943319838058,876136,8,8268,1235,high_quality_architectural/10420,True,1854970,10,822128,True,28,113558,1502,9,34880
0.5268456375838926,404890,8,10874,1490,high_quality_architectural/10421,True,1169650,10,620649,True,26,113444,785,5,19793
0.5055350553505535,942864,3,3873,1897,high_quality_architectural/10424,True,1819223,5,610699,True,17,239523,959,5,22264
0.3769309989701339,839614,8,8572,1942,high_quality_architectural/10427,True,1421544,9,492047,True,22,63916,732,6,17395
0.6237234878240377,416867,6,9107,1273,high_quality_architectural/10428,True,1010762,7,495771,True,14,68185,794,6,20832
0.9571788413098237,671652,6,7429,1191,high_quality_architectural/10429,True,1357740,10,559345,True,19,100956,1140,4,18358
0.6627906976744186,209993,9,11918,1204,high_quality_architectural/10432,True,960792,7,641536,True,16,75771,798,4,21574
1.067509145327569,6171258,26,51540,3007,high_quality_architectural/10433,True,9652470,26,2856690,True,63,383769,3210,25,189213
1.3625954198473282,1561876,15,32904,1572,high_quality_architectural/10434,True,3367224,15,1510675,True,33,209948,2142,14,51821
1.361169102296451,410745,7,8026,958,high_quality_architectural/10435,True,1249232,11,681305,True,20,91010,1304,3,58146
1.3753196930946292,1993069,8,13403,1564,high_quality_architectural/10436,True,3364164,15,1037857,True,41,201813,2151,29,118022
1.9996408045977012,11990944,25,36140,2784,high_quality_architectural/10437,True,15498528,21,2948958,True,82,378633,5567,56,143853
0.8341013824884793,1590344,8,9236,1736,high_quality_architectural/10438,True,2513728,9,759999,True,25,122528,1448,9,31621
0.6756756756756757,195753,4,6164,962,high_quality_architectural/10440,True,625300,7,343315,True,17,64608,650,5,15460
1.3215085884988798,7183905,14,24710,2678,high_quality_architectural/10450,True,9477442,14,1863799,True,25,332812,3539,21,72216
1.3985185185185185,1210194,12,23480,1350,high_quality_architectural/10465,True,2548800,12,1107591,True,22,159378,1888,6,48157
2.128502415458937,1115949,14,15686,1035,high_quality_architectural/10468,True,2280105,15,933450,True,27,170442,2203,15,44578
0.9074626865671642,449422,4,5792,1005,high_quality_architectural/10478,True,916560,6,377926,True,18,72012,912,2,11408
0.7011041009463722,430531,7,9339,1268,high_quality_architectural/10479,True,1127252,9,604992,True,18,72310,889,2,10080
2.372354497354497,2777476,16,28561,1512,high_quality_architectural/10483,True,5423544,17,2130355,True,56,350840,3587,41,136312
0.9168734491315137,145753,2,3446,806,high_quality_architectural/10487,True,595634,6,344611,True,14,84898,739,2,16926
1.0524899057873487,1734596,6,7079,1486,high_quality_architectural/10489,True,2324104,6,484292,True,16,86917,1564,2,11220
1.1385302879841113,2783044,15,25489,2014,high_quality_architectural/10490,True,4618102,15,1587576,True,24,171820,2293,11,50173
1.3125,946787,16,19838,1312,high_quality_architectural/10491,True,2259264,16,1098833,True,28,159084,1722,14,34722
2.032142857142857,4042132,16,21555,1680,high_quality_architectural/10492,True,5735520,17,1392579,True,39,242613,3414,19,36641
0.7002985074626865,1202468,7,11610,1675,high_quality_architectural/10495,True,1964775,9,634890,True,19,98068,1173,7,17739
0.9327548806941431,401111,4,4773,922,high_quality_architectural/10497,True,792920,6,319253,True,14,56171,860,3,11612
1.5762376237623763,1750609,13,21276,1515,high_quality_architectural/10498,True,3617820,13,1601417,True,25,161144,2388,20,83374
1.223069590085796,451836,12,13779,1049,high_quality_architectural/10499,True,1345867,12,759327,True,21,96078,1283,11,24847
0.8696485623003195,1023370,12,16032,1565,high_quality_architectural/10500,True,2129965,12,924557,True,22,130115,1361,10,35891
1.0377697841726619,558274,8,9332,1112,high_quality_architectural/10507,True,1283248,9,589105,True,23,104877,1154,5,21660
0.49308084486525855,322660,5,9519,1373,high_quality_architectural/10510,True,929521,8,485498,True,16,88569,677,4,23275
0.9081866870696251,757249,7,12241,1307,high_quality_architectural/10512,True,1551409,8,617747,True,26,128162,1187,5,36010
0.9900709219858156,1296577,13,9859,1410,high_quality_architectural/10514,True,1968360,14,517496,True,36,118584,1396,4,25844
1.471774193548387,3518593,22,39825,1984,high_quality_architectural/10515,True,5793280,22,1858997,True,46,293262,2920,29,82603
1.7666666666666666,426090,7,7228,840,high_quality_architectural/10516,True,1246560,6,687745,True,19,110137,1484,4,15360
1.1114599686028257,55932,3,3274,637,high_quality_architectural/10526,True,450996,5,324319,True,12,57851,708,4,9620
1.9867654843832716,5244954,15,24595,1889,high_quality_architectural/10530,True,7089417,17,1508646,True,41,240622,3753,11,70600
1.6249134948096886,1912079,14,31308,1445,high_quality_architectural/10533,True,3392860,13,1202765,True,30,172188,2348,21,74520
1.240764331210191,242108,4,4870,785,high_quality_architectural/10539,True,764590,5,417513,True,12,83731,974,3,16368
1.2895299145299146,596047,4,7478,936,high_quality_architectural/10540,True,1129752,5,421080,True,9,88185,1207,3,16962
1.3281632653061224,844500,9,14321,1225,high_quality_architectural/10542,True,1993075,10,926328,True,27,154706,1627,10,53220
1.400312744331509,1127613,11,11598,1279,high_quality_architectural/10543,True,2290689,9,935701,True,32,157239,1791,9,58538
0.5434909515469936,498190,8,12707,1713,high_quality_architectural/10545,True,1594803,10,887177,True,30,152772,931,6,43957
1.8764629388816645,358512,6,9471,769,high_quality_architectural/10546,True,1109667,7,600513,True,19,105535,1443,7,35636
1.5540386803185438,633102,4,5986,879,high_quality_architectural/10547,True,1200714,5,455374,True,14,94012,1366,2,12240
1.1142546245919478,445910,5,9096,919,high_quality_architectural/10548,True,941056,5,391638,True,8,77721,1024,2,16691
0.4792358803986711,317120,3,5208,1204,high_quality_architectural/10549,True,694708,4,285184,True,16,80024,577,1,7172
1.3357879234167893,1013814,9,11801,1358,high_quality_architectural/10550,True,2463412,12,1201369,True,32,202751,1814,9,33677
1.0096551724137932,192162,4,4427,725,high_quality_architectural/10553,True,530700,5,278425,True,14,45120,732,4,10566
1.4017232094776522,2699709,14,20636,1857,high_quality_architectural/10557,True,4833771,19,1885812,True,29,198200,2603,11,29414
0.9966777408637874,1716643,12,17017,1806,high_quality_architectural/10560,True,3250800,14,1364898,True,19,128437,1800,10,23805
0.7061889250814333,1198842,4,7325,1535,high_quality_architectural/10565,True,1663940,6,379006,True,10,66618,1084,4,12149
1.7425213675213675,697832,5,6429,936,high_quality_architectural/10567,True,1526616,6,682996,True,22,104009,1631,5,35350
1.5587996755879967,885916,14,25706,1233,high_quality_architectural/10569,True,2369826,12,1240148,True,29,160184,1922,21,57872
1.1254811393379522,912625,6,11114,1299,high_quality_architectural/10570,True,1899138,7,781283,True,33,106922,1462,12,87194
1.8365180467091295,742867,7,6074,942,high_quality_architectural/10571,True,1629660,6,650867,True,21,196213,1730,4,33639
0.996802557953637,980440,5,10789,1251,high_quality_architectural/10572,True,1559997,7,459363,True,21,86742,1247,5,22663
0.9864801864801864,2693417,17,35432,2145,high_quality_architectural/10575,True,4538820,15,1403724,True,43,292735,2116,19,113512
1.3923611111111112,1490527,8,10765,1152,high_quality_architectural/10576,True,1847808,6,260010,True,16,74779,1604,2,11727
0.9264538198403649,1581324,14,14670,1754,high_quality_architectural/10578,True,2850250,14,1059289,True,27,174035,1625,7,20932
0.9480642115203022,497658,4,6727,1059,high_quality_architectural/10579,True,1063236,6,461375,True,18,72932,1004,6,24544
1.0852059925093633,722693,5,8662,1068,high_quality_architectural/10580,True,1237812,7,409925,True,20,80246,1159,3,16286
0.7084444444444444,3203617,5,6652,2250,high_quality_architectural/10581,True,3586500,6,304840,True,14,61327,1594,2,10064
0.5347826086956522,266891,4,8493,1150,high_quality_architectural/10584,True,707250,4,343485,True,19,75347,615,2,13034
1.832535885167464,2269045,19,30890,1672,high_quality_architectural/10588,True,5123008,20,2423092,True,47,346233,3064,19,53748
1.0705716302046577,5722281,27,39290,2834,high_quality_architectural/10589,True,8598356,25,2424803,True,73,345857,3034,39,66125
1.6844396082698585,817982,9,10143,919,high_quality_architectural/10595,True,1422612,9,497319,True,18,83745,1548,4,13423
1.3216332378223496,1339513,10,19785,1396,high_quality_architectural/10599,True,2575620,10,1006423,True,32,172975,1845,8,36924
1.665871121718377,296761,8,6082,838,high_quality_architectural/10605,True,1169848,10,729755,True,23,116884,1396,5,20366
0.744916820702403,248373,4,13365,1082,high_quality_architectural/10614,True,872092,5,523340,True,16,71647,806,3,15367
1.230880230880231,1109938,12,18782,1386,high_quality_architectural/10616,True,2364516,12,1060551,True,18,136311,1706,15,38934
0.8510078878177038,258483,8,7503,1141,high_quality_architectural/10618,True,1107911,7,737261,True,21,88572,971,4,16092
1.7691453940066593,588960,9,8082,901,high_quality_architectural/10619,True,1436194,10,731835,True,28,90497,1594,4,16820
1.861561119293078,236905,6,4299,679,high_quality_architectural/10620,True,858256,5,547842,True,18,54427,1264,5,14783
1.046972860125261,2123497,4,7694,1916,high_quality_architectural/10624,True,3843496,9,1421731,True,20,261851,2006,9,28723
0.7644110275689223,2957585,12,19939,2394,high_quality_architectural/10626,True,4381020,11,1195746,True,30,171885,1830,15,35865
0.5918367346938775,899066,10,10571,1764,high_quality_architectural/10628,True,1841616,10,808423,True,23,106444,1044,5,17112
1.4138303619665047,3054239,17,21996,1851,high_quality_architectural/10630,True,4844067,16,1596791,True,31,126268,2617,22,44773
1.810916179337232,1069201,5,10074,1026,high_quality_architectural/10632,True,1906308,6,671862,True,17,130755,1858,11,24416
1.0047978067169294,1106837,10,10824,1459,high_quality_architectural/10634,True,2138894,8,856798,True,16,129227,1466,9,35208
0.7596656217345873,2085385,8,12729,1914,high_quality_architectural/10636,True,2782956,10,553700,True,18,106802,1454,7,24340
0.8639744952178533,350143,4,6086,941,high_quality_architectural/10638,True,765033,4,290557,True,17,100019,813,4,18228
0.7948463825569871,392581,4,7779,1009,high_quality_architectural/10639,True,809218,4,305407,True,17,88131,802,4,15320
1.031496062992126,260173,8,9040,762,high_quality_architectural/10640,True,598932,7,263173,True,18,56556,786,2,9990
0.7031199742682535,3859163,19,28040,3109,high_quality_architectural/10641,True,6796274,24,2373043,True,54,453579,2186,19,82449
1.6540832049306626,1735997,8,19945,1298,high_quality_architectural/10643,True,2786806,7,814525,True,20,169082,2147,10,47257
0.7899159663865546,529286,11,14769,1428,high_quality_architectural/10644,True,1610784,12,913395,True,28,125141,1128,7,28193
1.4635488308115543,210526,5,6167,727,high_quality_architectural/10646,True,773528,8,462462,True,19,77402,1064,5,16971
1.2131754256106588,919986,12,16725,1351,high_quality_architectural/10647,True,2214289,10,1102957,True,32,122904,1639,7,51717
1.245003223726628,1432003,11,16638,1551,high_quality_architectural/10649,True,2994981,13,1293538,True,39,192285,1931,10,60517
1.2830349531116794,625775,10,12754,1173,high_quality_architectural/10650,True,1765365,9,970170,True,20,125287,1505,12,31379
1.57240099009901,2435260,23,30259,1616,high_quality_architectural/10659,True,4106256,24,1310836,True,49,275194,2541,21,54707
1.4799176107106076,791829,2,5662,971,high_quality_architectural/10662,True,1395327,8,489406,True,20,88404,1437,4,20026
0.8143160878809355,614544,8,12646,1411,high_quality_architectural/10668,True,1621239,9,813214,True,30,148074,1149,6,32761
1.2785956964892413,287831,5,4810,883,high_quality_architectural/10670,True,996907,6,551219,True,25,118094,1129,3,34953
1.185786802030457,536692,7,5601,985,high_quality_architectural/10672,True,1150480,8,527381,True,22,67540,1168,3,13266
1.75,348205,7,8770,840,high_quality_architectural/10678,True,1234800,6,758389,True,19,101154,1470,4,18282
0.9748031496062992,1140734,3,6402,1270,high_quality_architectural/10685,True,1572260,6,342625,True,17,71663,1238,3,10836
0.5155195681511471,639620,6,8898,1482,high_quality_architectural/10690,True,1132248,8,380708,True,23,88261,764,4,14761
0.6862745098039216,385533,6,8601,1122,high_quality_architectural/10692,True,863940,7,391850,True,16,66126,770,2,11830
0.8181456426581775,3489629,15,18750,2513,high_quality_architectural/10695,True,5166728,16,1430643,True,27,173288,2056,17,54418
1.9380421313506815,494964,10,12394,807,high_quality_architectural/10697,True,1262148,7,634250,True,17,98317,1564,8,22223
0.7959509856153436,1698418,13,15454,1877,high_quality_architectural/10699,True,2804238,14,934355,True,33,131719,1494,8,24292
1.3763837638376384,294199,3,4107,813,high_quality_architectural/10700,True,909747,5,469522,True,19,117870,1119,3,24049
0.8626609442060086,2420260,16,22296,2330,high_quality_architectural/10702,True,4683300,16,1930601,True,37,276914,2010,11,33229
0.556695464362851,919488,10,16077,1852,high_quality_architectural/10705,True,1909412,11,816302,True,24,128076,1031,8,29469
0.7071823204419889,972364,8,11005,1629,high_quality_architectural/10707,True,1876608,7,752078,True,16,113039,1152,4,28122
0.9498299319727891,576926,7,9876,1176,high_quality_architectural/10712,True,1313592,8,606094,True,28,109626,1117,3,11070
2.1078147612156295,2703961,12,14831,1382,high_quality_architectural/10714,True,4025766,12,1112255,True,30,152401,2913,10,42318
1.1127450980392157,496735,7,9361,1020,high_quality_architectural/10715,True,1157700,7,544080,True,19,87796,1135,4,19728
0.569377990430622,476349,7,12968,1463,high_quality_architectural/10717,True,1218679,8,591790,True,19,116687,833,4,20885
2.827445652173913,3498653,21,27721,1472,high_quality_architectural/10718,True,6126464,22,2147910,True,60,327684,4162,20,124496
1.2403846153846154,278251,9,9671,936,high_quality_architectural/10719,True,1086696,9,677127,True,31,97507,1161,6,24140
1.3255499153976311,7644946,22,45728,2955,high_quality_architectural/10723,True,11574735,26,3159128,True,53,560597,3917,29,164336
0.4932806324110672,2054800,10,12342,2530,high_quality_architectural/10726,True,3157440,12,942352,True,28,119928,1248,7,28018
0.6742301458670988,266307,5,6625,1234,high_quality_architectural/10727,True,1026688,7,619932,True,25,105539,832,7,28285
1.347864768683274,898359,4,20583,1124,high_quality_architectural/10728,True,1702860,4,653533,True,7,101923,1515,4,28462
1.0615384615384615,288431,9,10281,975,high_quality_architectural/10730,True,1009125,9,585348,True,25,103496,1035,6,21569
1.2264150943396226,1896744,20,30746,1696,high_quality_architectural/10731,True,3527680,18,1307329,True,52,259462,2080,18,33399
0.8705776981639051,2449849,15,21340,2233,high_quality_architectural/10732,True,4340952,16,1600103,True,29,221687,1944,16,47973
1.7040816326530612,875232,7,6927,980,high_quality_architectural/10733,True,1636600,7,640580,True,19,92568,1670,4,21293
0.48489795918367345,190906,7,10338,1225,high_quality_architectural/10735,True,727650,9,438529,True,19,75462,594,2,12415
1.0044296788482836,351100,4,7838,903,high_quality_architectural/10736,True,819021,6,361211,True,20,82208,907,4,16664
0.8962818003913894,448172,5,7151,1022,high_quality_architectural/10737,True,936152,7,368863,True,20,91365,916,5,20601
1.3474178403755868,642552,2,2808,852,high_quality_architectural/10738,True,978096,4,259284,True,11,60802,1148,2,12650
0.67003367003367,205595,2,3600,891,high_quality_architectural/10739,True,531927,4,255893,True,10,57635,597,2,9204
0.7146198830409357,165426,2,3477,855,high_quality_architectural/10740,True,522405,5,281017,True,11,62985,611,2,9500
1.1483113069016153,162009,3,11747,681,high_quality_architectural/10741,True,532542,5,285093,True,11,67301,782,1,6392
1.5102739726027397,1655677,10,12925,1460,high_quality_architectural/10742,True,3219300,16,1326860,True,33,183284,2205,11,40554
0.7106382978723405,938072,9,17078,1645,high_quality_architectural/10745,True,1923005,11,803295,True,17,137416,1169,7,27144
0.7577679137603044,1318370,5,8572,1577,high_quality_architectural/10746,True,1884515,6,429026,True,21,103412,1195,5,25135
1.1130434782608696,394079,4,7938,920,high_quality_architectural/10749,True,942080,6,425980,True,20,94514,1024,4,19569
1.185786802030457,536692,7,5601,985,high_quality_architectural/10750,True,1150480,8,527381,True,22,67540,1168,3,13266
0.6867924528301886,1950493,11,14687,2120,high_quality_architectural/10752,True,3086720,14,940248,True,29,160045,1456,7,21247
1.5499286733238231,1549369,15,21538,1402,high_quality_architectural/10754,True,3046546,15,1257025,True,35,159528,2173,17,59086
1.266431924882629,303856,7,6735,852,high_quality_architectural/10755,True,919308,6,519993,True,12,71516,1079,4,17208
0.6523955147808359,204391,5,6113,981,high_quality_architectural/10756,True,627840,6,331325,True,16,69886,640,3,16125
1.5827956989247312,804424,6,5113,930,high_quality_architectural/10759,True,1368960,6,474023,True,19,71299,1472,3,14101
0.6991701244813278,716217,6,11517,1446,high_quality_architectural/10762,True,1461906,7,590825,True,16,114530,1011,4,28817
0.8453177257525084,373863,8,11398,1196,high_quality_architectural/10765,True,1209156,9,690289,True,20,108706,1011,5,24900
0.4469219583131362,1069220,10,14146,2063,high_quality_architectural/10767,True,1902086,11,693506,True,29,108195,922,8,17019
1.4113283884018881,3041424,25,4780,1483,high_quality_architectural/10768,True,3103919,29,76,True,116,49275,2093,26,8364
1.9968354430379747,1593673,9,21129,1264,high_quality_architectural/10769,True,3190336,11,1207276,True,23,323593,2524,9,44665
0.6093990755007704,480028,5,7023,1298,high_quality_architectural/10770,True,1026718,6,446372,True,20,83945,791,4,9350
2.291866028708134,2986902,14,27485,1463,high_quality_architectural/10771,True,4905439,11,1600383,True,24,241808,3353,14,48861
1.5786948176583493,911084,8,10624,1042,high_quality_architectural/10772,True,1714090,7,633602,True,21,126434,1645,4,32346
0.7071732721912872,4995462,8,10348,3053,high_quality_architectural/10775,True,6591427,13,1393289,True,17,161292,2159,10,31036
0.5691202872531418,658700,12,16581,1671,high_quality_architectural/10778,True,1589121,13,757618,True,40,134624,951,5,21598
1.8365921787709498,303856,6,6642,716,high_quality_architectural/10779,True,941540,6,512799,True,26,100326,1315,3,17917
1.4140414041404141,4188188,22,35641,2222,high_quality_architectural/10781,True,6981524,15,2359824,True,44,298475,3142,15,99396
0.9282051282051282,221428,4,3829,780,high_quality_architectural/10782,True,564720,6,280842,True,11,49365,724,4,9256
0.5294408708560119,981910,9,10296,2021,high_quality_architectural/10783,True,2162470,12,1019120,True,18,131722,1070,4,19422
1.4034334763948497,1293961,9,11623,1398,high_quality_architectural/10786,True,2742876,12,1230017,True,25,168800,1962,17,38475
1.0380577427821522,163925,5,4311,762,high_quality_architectural/10787,True,602742,6,369404,True,13,52439,791,2,12663
0.8542986425339366,234052,8,10370,1105,high_quality_architectural/11000,True,1043120,9,670431,True,15,101729,944,4,26538
0.6429924242424242,202508,5,6099,1056,high_quality_architectural/11001,True,717024,7,418306,True,14,78617,679,2,11494
0.529296875,129244,5,6190,1024,high_quality_architectural/11002,True,555008,5,339677,True,10,72345,542,2,7552
0.643510054844607,214636,6,8021,1094,high_quality_architectural/11003,True,770176,7,447251,True,14,87899,704,2,12369
0.5294117647058824,127124,5,7032,1020,high_quality_architectural/11004,True,550800,5,337638,True,9,70481,540,2,8525
0.473491773308958,182546,5,4850,1094,high_quality_architectural/11005,True,566692,5,306030,True,14,63489,518,2,9777
0.4739249771271729,147804,5,7772,1093,high_quality_architectural/11006,True,566174,5,325038,True,10,74029,518,2,11531
0.8408551068883611,118011,4,6912,842,high_quality_architectural/11007,True,596136,3,399731,True,12,59965,708,2,11517
0.8361244019138756,121683,4,7584,836,high_quality_architectural/11008,True,584364,4,390248,True,10,53051,699,2,11798
0.777027027027027,151737,4,6075,888,high_quality_architectural/11009,True,612720,5,384666,True,12,60411,690,2,9831
0.7281067556296914,283192,6,9578,1199,high_quality_architectural/11010,True,1046727,5,643657,True,17,89324,873,4,20976
0.7721410146173688,320093,6,8934,1163,high_quality_architectural/11011,True,1044374,4,608991,True,16,85955,898,4,20401
0.838748495788207,111096,4,7467,831,high_quality_architectural/11012,True,579207,4,391906,True,10,57730,697,2,11008
0.6237970253718286,207916,6,9552,1143,high_quality_architectural/11013,True,814959,6,483938,True,17,91947,713,4,21606
0.4074367088607595,199262,5,10338,1264,high_quality_architectural/11014,True,650960,5,358484,True,10,68429,515,3,14447
0.4079563182527301,212658,4,8101,1282,high_quality_architectural/11015,True,670486,5,366905,True,14,67175,523,3,15647
0.408,186684,5,9365,1250,high_quality_architectural/11016,True,637500,5,358077,True,12,69566,510,2,13808
0.40794809407948096,207117,5,9368,1233,high_quality_architectural/11017,True,620199,5,322824,True,12,68180,503,2,12710
0.9594594594594594,346135,4,7529,962,high_quality_architectural/11018,True,887926,3,429597,True,17,93805,923,4,10860
1.0429887410440122,413777,4,9664,977,high_quality_architectural/11019,True,995563,3,464627,True,13,95271,1019,2,12224
0.7373913043478261,533129,5,12097,1150,high_quality_architectural/11020,True,975200,4,336784,True,15,80052,848,3,13138
0.7371575342465754,500710,4,9821,1168,high_quality_architectural/11021,True,1005648,3,401255,True,16,78955,861,4,14907
0.7367965367965368,450502,4,8014,1155,high_quality_architectural/11022,True,982905,3,432519,True,16,77524,851,4,14346
0.7374551971326165,585128,3,9115,1116,high_quality_architectural/11023,True,918468,1,242865,True,12,74846,823,2,6514
0.7403508771929824,408382,4,9578,1140,high_quality_architectural/11024,True,962160,3,448546,True,14,80774,844,4,14880
0.49278499278499277,536780,3,9488,1386,high_quality_architectural/11025,True,946638,2,312947,True,12,79886,683,2,7537
0.36055923473142015,322254,3,7748,1359,high_quality_architectural/11026,True,665910,2,260878,True,9,70506,490,1,4524
0.6771472392638037,732214,5,10379,1304,high_quality_architectural/11027,True,1151432,4,315977,True,16,82356,883,3,10506
0.6781778104335048,698356,4,10129,1361,high_quality_architectural/11028,True,1256203,3,452962,True,12,80460,923,3,14296
0.8254716981132075,1080218,8,5965,1484,high_quality_architectural/11029,True,1817900,8,620079,True,26,94895,1225,4,16743
1.377865094957433,1445276,18,32765,1527,high_quality_architectural/11032,True,3212808,15,1488827,True,29,187968,2104,17,57972
1.3333333333333333,1430666,7,10805,1353,high_quality_architectural/11033,True,2440812,7,841189,True,30,128545,1804,5,29607
1.0237324703344122,1456363,15,24095,1854,high_quality_architectural/11034,True,3518892,15,1747045,True,46,202146,1898,26,89243
1.7715827338129497,2787515,22,35194,1668,high_quality_architectural/11035,True,4928940,23,1732122,True,48,318900,2955,18,55209
1.4904270986745214,1127957,15,21917,1358,high_quality_architectural/11041,True,2748592,16,1357752,True,42,180151,2024,10,60815
0.6971201588877854,194126,6,8763,1007,high_quality_architectural/11046,True,706914,8,414562,True,17,75603,702,4,13860
0.5729657027572294,584508,8,10869,1487,high_quality_architectural/11048,True,1266924,9,565795,True,22,82996,852,7,22756
1.331439393939394,529984,9,9399,1056,high_quality_architectural/11049,True,1484736,9,828373,True,23,95388,1406,5,21592
1.891566265060241,241559,2,5359,581,high_quality_architectural/11051,True,638519,5,312426,True,20,49635,1099,8,29540
2.8367799113737076,3333044,14,20492,1354,high_quality_architectural/11053,True,5200714,17,1563425,True,31,220128,3841,25,63625
1.1622786022020106,3634647,15,15897,2089,high_quality_architectural/11055,True,5072092,21,1172625,True,41,204364,2428,12,44559
0.7739637305699482,914374,9,15359,1544,high_quality_architectural/11056,True,1845080,13,782382,True,23,106407,1195,7,26558
0.8361981799797775,156513,8,11377,989,high_quality_architectural/11058,True,817903,8,532686,True,16,92755,827,4,24572
1.951276102088167,3348784,15,21516,1724,high_quality_architectural/11059,True,5799536,16,2074545,True,35,280124,3364,23,74567
1.8951911220715167,420155,6,8415,811,high_quality_architectural/11061,True,1246507,6,703322,True,14,96032,1537,7,18583
2.0003027550711474,19344616,18,32103,3303,high_quality_architectural/11062,True,21822921,21,2094184,True,51,301054,6607,22,50964
0.5017921146953405,65531,3,7242,837,high_quality_architectural/11063,True,351540,4,224498,True,7,49569,420,1,4700
2.3403781979977754,1289407,7,10669,899,high_quality_architectural/11066,True,1891496,8,490255,True,21,82039,2104,7,19126
1.8783303730017762,1086604,11,15054,1126,high_quality_architectural/11067,True,2381490,13,1071682,True,24,173074,2115,8,35076
1.2505910165484633,827782,9,10948,1269,high_quality_architectural/11068,True,2013903,10,1015756,True,24,134531,1587,5,24886
0.8398617511520737,2661615,21,27066,2604,high_quality_architectural/11069,True,5694948,26,2598719,True,60,319984,2187,29,87564
1.6415094339622642,620595,18,25806,1166,high_quality_architectural/11071,True,2231724,17,1358291,True,39,175209,1914,21,51823
1.1429475015812778,1753707,10,17311,1581,high_quality_architectural/11072,True,2856867,11,903128,True,19,140763,1807,10,41958
0.5648369132856006,347802,5,7383,1257,high_quality_architectural/11079,True,892470,6,448036,True,15,81189,710,3,8060
0.7014125669751583,1784337,15,15442,2053,high_quality_architectural/11080,True,2956320,15,972241,True,32,155185,1440,14,29115
1.6874135546334716,191392,4,5994,723,high_quality_architectural/11081,True,882060,6,569734,True,16,92124,1220,7,22816
1.5460251046025104,484191,8,10920,956,high_quality_architectural/11083,True,1412968,10,768922,True,24,129878,1478,4,19057
0.705,251727,5,9114,1000,high_quality_architectural/11084,True,705000,5,346453,True,20,78709,705,5,18997
1.5178764897074757,453929,9,8046,923,high_quality_architectural/11085,True,1293123,9,702050,True,26,112454,1401,5,16644
0.7945318972659486,582458,6,7374,1207,high_quality_architectural/11086,True,1157513,7,470903,True,26,80196,959,6,16582
0.6125143513203215,1299405,6,6537,1742,high_quality_architectural/11089,True,1858714,5,475371,True,22,68986,1067,3,8415
0.9233983286908078,130290,4,4468,718,high_quality_architectural/11096,True,476034,5,291789,True,8,43535,663,2,5952
0.5572217837411207,358071,5,10656,1267,high_quality_architectural/11098,True,894502,6,418584,True,16,90873,706,4,16318
1.828804347826087,298248,7,6473,736,high_quality_architectural/11100,True,990656,7,589564,True,16,81759,1346,4,14612
0.7279503105590062,123225,5,5526,805,high_quality_architectural/11101,True,471730,6,282849,True,16,52822,586,2,7308
1.1178992497320472,451874,6,7438,933,high_quality_architectural/11108,True,973119,7,414839,True,18,73692,1043,3,25276
1.8109048723897911,500412,8,9027,862,high_quality_architectural/11109,True,1345582,8,709166,True,22,112926,1561,4,14051
2.5335276967930027,798521,11,19573,1029,high_quality_architectural/11110,True,2682603,14,1592402,True,44,218850,2607,21,53257
1.6119760479041916,307336,7,8605,835,high_quality_architectural/11112,True,1123910,7,693583,True,16,94680,1346,4,19706
0.8039816232771823,725650,3,7226,1306,high_quality_architectural/11118,True,1371300,5,548463,True,16,77640,1050,5,12321
1.290289256198347,271929,4,7883,968,high_quality_architectural/11121,True,1209032,7,821882,True,23,95914,1249,4,11424
1.0680851063829788,2300245,13,21010,1880,high_quality_architectural/11122,True,3775040,15,1243668,True,23,148472,2008,14,61645
0.4532462229481421,1526025,8,12123,2449,high_quality_architectural/11123,True,2718390,10,1033498,True,22,102251,1110,8,44493
0.4200913242009132,747305,12,19271,1971,high_quality_architectural/11125,True,1631988,13,738278,True,25,102136,828,4,24998
0.9208222306813856,3564736,23,29713,2627,high_quality_architectural/11127,True,6354713,27,2289376,True,59,400155,2419,20,70733
1.9282648681790313,2257653,25,43725,1631,high_quality_architectural/11130,True,5129495,30,2407988,True,57,335393,3145,18,84736
0.822061191626409,425969,4,5427,1242,high_quality_architectural/11133,True,1268082,6,652431,True,18,165711,1021,2,18544
1.212557603686636,2054650,9,14667,1736,high_quality_architectural/11136,True,3654280,14,1291884,True,29,262428,2105,10,30651
2.051978277734678,1641878,11,18033,1289,high_quality_architectural/11140,True,3409405,15,1457753,True,23,212991,2645,19,78750
0.5928358208955223,795410,12,15598,1675,high_quality_architectural/11141,True,1663275,11,729598,True,24,103403,993,4,19266
1.378001549186677,1243237,6,7867,1291,high_quality_architectural/11142,True,2296689,9,883308,True,23,125481,1779,7,36796
1.1192443919716648,268905,6,6458,847,high_quality_architectural/11144,True,802956,5,448899,True,15,64582,948,3,14112
2.3117893476959903,3671298,19,36377,1671,high_quality_architectural/11145,True,6455073,18,2356305,True,51,292977,3863,30,98116
0.9719953325554259,267389,5,5796,857,high_quality_architectural/11152,True,713881,5,360005,True,10,74373,833,2,6318
1.162348877374784,576220,9,9026,1158,high_quality_architectural/11153,True,1558668,6,831583,True,22,119907,1346,4,21932
1.4408133623819899,1270493,10,14517,1377,high_quality_architectural/11154,True,2731968,13,1087550,True,27,283264,1984,13,76144
2.293404094010614,2806881,13,17147,1319,high_quality_architectural/11158,True,3989975,16,966104,True,38,153767,3025,15,46076
1.8026969481902058,1433263,18,39062,1409,high_quality_architectural/11159,True,3578860,19,1686238,True,35,328953,2540,16,91344
0.4796173044925125,1960899,10,15890,2404,high_quality_architectural/11160,True,2771812,11,651427,True,22,125964,1153,3,17632
1.3066509711595056,2147418,14,23566,1699,high_quality_architectural/11163,True,3771780,15,1360753,True,37,187998,2220,15,52045
0.7510822510822511,934437,4,7700,1386,high_quality_architectural/11168,True,1442826,5,388991,True,15,82675,1041,7,29023
0.9332096474953617,633527,4,9468,1078,high_quality_architectural/11169,True,1084468,5,348036,True,14,64765,1006,6,28672
0.7288288288288288,502347,4,8112,1110,high_quality_architectural/11171,True,897990,5,307706,True,13,63578,809,3,16247
0.763901549680948,534620,4,9014,1097,high_quality_architectural/11172,True,919286,5,298450,True,11,61538,838,3,15664
0.8237608182533438,814942,4,9936,1271,high_quality_architectural/11173,True,1330737,5,385576,True,14,85849,1047,6,34434
0.8072378138847858,952420,4,6733,1354,high_quality_architectural/11174,True,1479922,5,409903,True,15,84997,1093,7,25869
0.5517751479289941,538888,4,9614,1352,high_quality_architectural/11176,True,1008592,6,363370,True,14,78046,746,3,18674
0.8237885462555066,272319,4,6382,908,high_quality_architectural/11177,True,679184,5,325413,True,14,60318,748,3,14752
1.2465838509316771,2411306,8,9851,1610,high_quality_architectural/11178,True,3231270,8,706168,True,30,85024,2007,14,18921
0.5778894472361809,995188,4,10534,1592,high_quality_architectural/11180,True,1464640,6,352221,True,12,93827,920,2,12870
1.1979088872292756,1382994,7,8180,1339,high_quality_architectural/11181,True,2147756,8,655581,True,41,79485,1604,13,21516
1.8293768545994065,158696,6,9604,674,high_quality_architectural/11182,True,831042,6,535315,True,17,109705,1233,4,17722
0.8203445447087777,483218,11,11194,1219,high_quality_architectural/11184,True,1219000,9,600010,True,20,103230,1000,5,21348
1.832391713747646,2356892,21,32564,1593,high_quality_architectural/11185,True,4649967,20,1903008,True,52,267137,2919,36,90366
1.4033195020746887,1323414,9,11712,1205,high_quality_architectural/11189,True,2037655,7,584510,True,25,102851,1691,3,15168
1.5724275724275725,792513,7,9379,1001,high_quality_architectural/11200,True,1575574,10,648036,True,25,101908,1574,7,23738
0.5442127965492451,473264,8,10158,1391,high_quality_architectural/11201,True,1052987,9,472442,True,26,78848,757,5,18275
1.265852239674229,1709553,16,25278,1719,high_quality_architectural/11202,True,3740544,17,1649656,True,35,252412,2176,24,103645
1.9954648526077097,3834459,16,35751,1764,high_quality_architectural/11204,True,6209280,17,1977513,True,46,302494,3520,31,59063
0.9023081052066559,1771970,13,18714,1863,high_quality_architectural/11206,True,3131703,15,1128562,True,29,173061,1681,8,39396
0.5683297180043384,168974,2,3610,922,high_quality_architectural/11209,True,483128,3,282986,True,6,27558,524,0,0
1.7181372549019607,526069,5,4396,816,high_quality_architectural/11213,True,1144032,5,522938,True,17,72531,1402,3,18098
0.7807153965785381,555687,6,10194,1286,high_quality_architectural/11218,True,1291144,6,624212,True,11,79878,1004,4,21173
0.7455595026642984,2693321,11,15472,2252,high_quality_architectural/11220,True,3781108,12,929769,True,21,118946,1679,8,23600
0.7438905180840665,237372,5,6592,1023,high_quality_architectural/11224,True,778503,6,449837,True,19,74292,761,2,10410
1.0,2809642,17,19548,2089,high_quality_architectural/11227,True,4363921,19,1355153,True,32,158088,2089,12,21490
2.111477572559367,2802218,12,18847,1516,high_quality_architectural/11230,True,4852716,15,1689304,True,32,295281,3201,15,47066
2.0538461538461537,420070,8,8483,780,high_quality_architectural/11232,True,1249560,9,696525,True,20,102334,1602,4,22148
1.2286729857819905,345463,7,8855,844,high_quality_architectural/11237,True,875228,6,428472,True,17,77292,1037,3,15146
0.448925909688733,1615558,10,11203,2281,high_quality_architectural/11238,True,2335744,12,611541,True,19,80786,1024,7,16656
1.1748135874067938,5143114,15,21245,2414,high_quality_architectural/11241,True,6846104,18,1374318,True,42,266038,2836,9,41389
1.0906906906906908,2421711,10,13444,1665,high_quality_architectural/11242,True,3023640,10,493067,True,18,80512,1816,6,14906
1.1643952299829643,540150,7,12554,1174,high_quality_architectural/11243,True,1604858,7,845216,True,29,158148,1367,6,48790
1.2777777777777777,1747787,9,7923,1620,high_quality_architectural/11244,True,3353400,11,1362025,True,38,202417,2070,17,33248
1.0972078593588417,418100,6,7535,967,high_quality_architectural/11248,True,1025987,9,486344,True,19,88964,1061,7,25044
1.2542483660130719,1748445,12,18778,1530,high_quality_architectural/11250,True,2936070,11,913604,True,36,191724,1919,24,63519
1.0406232609905397,1814784,13,20436,1797,high_quality_architectural/11251,True,3360390,14,1304603,True,24,164009,1870,13,56558
0.6921898928024502,436258,9,12323,1306,high_quality_architectural/11252,True,1180624,9,620098,True,18,86350,904,8,25595
1.33843797856049,914914,14,14894,1306,high_quality_architectural/11257,True,2282888,13,1174806,True,30,144596,1748,11,33678
0.912066438690767,3181763,10,13400,2047,high_quality_architectural/11258,True,3821749,13,428618,True,45,171434,1867,6,26534
1.2255717255717256,439096,5,8740,962,high_quality_architectural/11268,True,1134198,6,561947,True,20,103339,1179,5,21076
1.510941960038059,796670,6,7193,1051,high_quality_architectural/11279,True,1668988,6,742395,True,15,101297,1588,5,21433
0.6779661016949152,2015770,8,15422,2124,high_quality_architectural/11280,True,3058560,9,861015,True,19,138385,1440,7,27968
1.832425068119891,199081,8,8096,734,high_quality_architectural/11281,True,987230,6,678597,True,17,82808,1345,4,18648
0.618978102189781,547985,6,9494,1370,high_quality_architectural/11282,True,1161760,7,502384,True,19,81968,848,7,19929
0.8589065255731922,249400,10,11362,1134,high_quality_architectural/11284,True,1104516,9,724740,True,23,93352,974,12,25662
2.276470588235294,1987501,17,23657,1360,high_quality_architectural/11285,True,4210560,18,1858245,True,65,258069,3096,23,83088
0.9656862745098039,976684,5,9914,1428,high_quality_architectural/11287,True,1969212,4,788933,True,18,172149,1379,8,21532
1.0385802469135803,814724,14,12396,1296,high_quality_architectural/11297,True,1744416,11,786754,True,43,124589,1346,4,5953
1.0609675281643471,5533704,19,30698,3018,high_quality_architectural/11298,True,9663636,23,3607639,True,37,425728,3202,19,65867
1.649616368286445,829016,14,23713,1173,high_quality_architectural/11299,True,2269755,14,1221329,True,25,138637,1935,11,57060
1.7903415783274441,558078,6,11918,849,high_quality_architectural/11300,True,1290480,5,579160,True,17,119925,1520,3,21399
0.7939369111020074,1974402,18,33972,2441,high_quality_architectural/11301,True,4730658,20,2323425,True,50,339995,1938,18,58864
0.6750756811301716,137438,9,6757,991,high_quality_architectural/11302,True,662979,8,430476,True,39,82208,669,2,6100
1.25,250343,2,3889,792,high_quality_architectural/11303,True,784080,5,357144,True,14,158502,990,2,14202
0.9674887892376681,231082,3,5322,892,high_quality_architectural/11304,True,769796,6,450610,True,16,63046,863,3,19736
1.697049180327869,1803707,12,22200,1525,high_quality_architectural/11308,True,3946700,16,1879815,True,37,198677,2588,12,42301
0.9676308539944903,863524,10,15428,1452,high_quality_architectural/11309,True,2040060,12,952933,True,31,154167,1405,7,54008
1.4517102615694164,476327,10,10742,994,high_quality_architectural/11310,True,1434342,8,815471,True,23,110490,1443,5,21312
0.8168865435356201,1532094,11,17582,1895,high_quality_architectural/11311,True,2933460,11,1185691,True,18,146787,1548,11,51306
2.13322632423756,5000625,26,46423,1869,high_quality_architectural/11315,True,7451703,31,1975592,True,42,352991,3987,18,76072
0.6110638297872341,530095,4,10193,1175,high_quality_architectural/11319,True,843650,4,217966,True,14,72384,718,3,13012
0.75,1083820,4,10354,1368,high_quality_architectural/11320,True,1403568,4,221633,True,13,74873,1026,3,12888
1.4135388739946382,1708861,14,23302,1492,high_quality_architectural/11321,True,3146628,13,1226570,True,26,156716,2109,10,31179
1.1512455516014235,865948,6,8666,1124,high_quality_architectural/11327,True,1454456,2,474420,True,17,85684,1294,3,19738
1.0271625574592562,3835582,17,27403,2393,high_quality_architectural/11330,True,5881994,20,1658640,True,41,270571,2458,19,89798
1.3188307273963291,1968792,13,16219,1471,high_quality_architectural/11331,True,2853740,13,728252,True,27,114695,1940,9,25782
1.4207792207792207,2037713,12,19139,1540,high_quality_architectural/11335,True,3369520,13,1132738,True,21,136442,2188,12,43488
1.4140066698427822,4497221,16,26255,2099,high_quality_architectural/11339,True,6229832,19,1442386,True,37,206720,2968,14,57250
0.5637963544940289,665564,10,12201,1591,high_quality_architectural/11340,True,1427127,12,637745,True,21,97288,897,3,14329
1.1248817407757805,852076,5,4587,1057,high_quality_architectural/11345,True,1256773,8,343430,True,38,47958,1189,7,8722
1.2869281045751635,1403444,19,22719,1530,high_quality_architectural/11347,True,3012570,19,1351977,True,40,181212,1969,23,53218
1.4171348314606742,3907487,18,33514,2136,high_quality_architectural/11348,True,6465672,18,2109226,True,54,351938,3027,21,63507
1.152889539136796,1156381,8,10707,1367,high_quality_architectural/11351,True,2154392,9,799874,True,28,151048,1576,9,36382
0.5513848396501457,2685478,13,19629,2744,high_quality_architectural/11353,True,4151672,14,1185897,True,24,229756,1513,8,30912
1.487964989059081,563116,5,5245,914,high_quality_architectural/11354,True,1243040,4,546553,True,19,97363,1360,5,30763
1.494125777470629,1592482,13,17003,1447,high_quality_architectural/11356,True,3128414,15,1233084,True,51,233062,2162,26,52783
0.638758231420508,1919315,13,17285,2126,high_quality_architectural/11358,True,2887108,13,801098,True,28,113263,1358,8,36147
1.038915913829048,1456711,7,8681,1439,high_quality_architectural/11359,True,2151305,10,569615,True,26,88456,1495,7,27842
3.400990099009901,2359729,18,27284,1212,high_quality_architectural/11361,True,4995864,19,2102241,True,45,446424,4122,10,60186
1.0893574297188755,2736367,14,22666,1992,high_quality_architectural/11368,True,4322640,14,1326372,True,32,194264,2170,12,42971
0.6627296587926509,671326,9,14075,1524,high_quality_architectural/11369,True,1539240,10,709212,True,28,114634,1010,6,29993
0.7505226480836237,1132771,4,6615,1435,high_quality_architectural/11374,True,1545495,5,327004,True,11,68801,1077,2,10304
1.0798929663608563,4725625,21,43057,2616,high_quality_architectural/11375,True,7390200,23,2120396,True,51,444589,2825,11,56533
1.3535427319211104,1138279,10,15017,1369,high_quality_architectural/11376,True,2536757,12,1173831,True,26,164215,1853,12,45415
0.9707602339181286,2120303,15,21122,1881,high_quality_architectural/11378,True,3434706,15,1092567,True,39,168511,1826,8,32203
0.9856418918918919,603766,6,11370,1184,high_quality_architectural/11380,True,1381728,7,643736,True,20,99686,1167,4,23170
1.4972443355786895,2278600,16,20150,1633,high_quality_architectural/11381,True,3992685,16,1437114,True,34,206224,2445,11,50597
1.697465681098205,2878206,26,38554,1894,high_quality_architectural/11382,True,6089210,20,2531793,True,90,523673,3215,17,116984
1.811397282498479,34426728,23,54289,4931,high_quality_architectural/11383,True,44043692,25,8595410,True,48,852285,8932,14,114980
1.6682408500590318,528813,6,6465,847,high_quality_architectural/11386,True,1196811,5,553614,True,18,92541,1413,3,15378
0.5645484949832776,591995,6,10987,1495,high_quality_architectural/11390,True,1261780,7,533924,True,25,104714,844,6,20160
1.9355581127733026,453899,10,13383,869,high_quality_architectural/11401,True,1461658,7,845086,True,23,118901,1682,5,30389
1.486789960369881,2117987,10,13196,1514,high_quality_architectural/11404,True,3408014,12,1051688,True,30,176081,2251,6,49062
2.4761904761904763,1434159,6,9580,987,high_quality_architectural/11406,True,2412228,8,827946,True,22,97935,2444,5,42608
1.7584985835694051,2280225,8,12785,1412,high_quality_architectural/11407,True,3505996,10,1005256,True,31,159047,2483,9,48683
1.8444444444444446,743562,6,5222,855,high_quality_architectural/11408,True,1348335,6,486838,True,17,100242,1577,4,12471
0.4346694429984383,1009213,4,8484,1921,high_quality_architectural/11409,True,1604035,4,486764,True,11,76474,835,3,23100
2.3237668161434977,1672888,7,13164,1115,high_quality_architectural/11410,True,2888965,8,992298,True,24,155674,2591,7,54941
1.1142241379310345,589767,2,3097,928,high_quality_architectural/11411,True,959552,5,290326,True,10,63034,1034,2,13328
1.384780278670954,554732,8,9252,933,high_quality_architectural/11412,True,1205436,6,524852,True,11,93100,1292,5,23500
1.462947543713572,1244129,7,10215,1201,high_quality_architectural/11418,True,2110157,9,719497,True,31,110087,1757,4,26229
0.6467251160391955,1644981,10,10996,1939,high_quality_architectural/11420,True,2431506,10,647193,True,25,108182,1254,5,20154
1.9165487977369164,395874,6,6711,707,high_quality_architectural/11421,True,957985,6,479599,True,19,58523,1355,3,17278
0.8357894736842105,1973953,11,14176,1900,high_quality_architectural/11426,True,3017200,13,849213,True,31,147887,1588,18,31971
1.4072790294627382,3095839,12,16505,1731,high_quality_architectural/11428,True,4216716,13,931206,True,30,151235,2436,8,21931
1.264982373678026,9392395,72,132475,3404,high_quality_architectural/11430,True,14657624,50,4071085,True,138,813618,4306,38,248051
0.5656174334140436,1279733,10,12060,2065,high_quality_architectural/11438,True,2411920,14,957865,True,33,142282,1168,7,19980
1.14434250764526,10202445,15,27782,3270,high_quality_architectural/11439,True,12236340,18,1671723,True,31,268074,3742,13,66316
0.7464342313787639,1760438,12,11853,1893,high_quality_architectural/11440,True,2674809,12,776659,True,24,102897,1413,4,22962
1.2133168927250308,1944180,12,19444,1622,high_quality_architectural/11447,True,3192096,14,1005989,True,37,194909,1968,6,27574
0.4519981626090951,1214860,8,12062,2177,high_quality_architectural/11449,True,2142168,10,780413,True,27,113393,984,4,21440
0.5508241758241759,454108,7,9905,1456,high_quality_architectural/11450,True,1167712,8,596174,True,16,89936,802,5,17589
1.284796573875803,807424,15,39997,1401,high_quality_architectural/11451,True,2521800,15,1395103,True,31,208885,1800,9,70391
0.9154030327214685,740742,7,12892,1253,high_quality_architectural/11452,True,1437191,7,563346,True,17,100603,1147,3,19608
1.2603025560772039,3105735,15,20243,1917,high_quality_architectural/11453,True,4631472,14,1247337,True,39,214684,2416,16,43473
0.9468879668049792,483537,6,11497,1205,high_quality_architectural/11460,True,1374905,7,741865,True,15,120123,1141,7,17883
0.9602076124567474,562325,5,5815,1156,high_quality_architectural/11461,True,1283160,6,604378,True,14,93714,1110,6,16928
0.6644373364350101,5724760,20,32348,3439,high_quality_architectural/11462,True,7858115,23,1751993,True,56,303290,2285,10,45724
1.285103349964362,1743719,5,7369,1403,high_quality_architectural/11465,True,2529609,9,580333,True,25,158619,1803,13,39569
0.8791691047396138,9443307,8,18454,3418,high_quality_architectural/11475,True,10271090,9,632546,True,20,156692,3005,3,20091
0.6297376093294461,468005,8,16966,1372,high_quality_architectural/11476,True,1185408,9,544865,True,23,138161,864,3,17411
0.8105590062111802,1828381,9,17126,1932,high_quality_architectural/11477,True,3025512,11,998902,True,15,142951,1566,10,38152
0.8488453463960812,737703,9,17163,1429,high_quality_architectural/11478,True,1733377,10,801693,True,24,152677,1213,5,24141
0.4920285871357889,970456,7,18776,1819,high_quality_architectural/11479,True,1628005,7,487697,True,20,137703,895,2,13373
0.8791836734693877,4083559,12,31398,2450,high_quality_architectural/11480,True,5277300,14,938665,True,29,181201,2154,11,42477
1.134010152284264,392294,5,8483,985,high_quality_architectural/11486,True,1100245,6,575945,True,19,99834,1117,4,23689
1.4774236387782205,1490693,12,18095,1506,high_quality_architectural/11487,True,3350850,13,1634109,True,20,168849,2225,8,39104
1.2170385395537526,1237376,10,12380,1479,high_quality_architectural/11488,True,2662200,11,1244584,True,23,137151,1800,10,30709
2.040595399188092,455448,7,9018,739,high_quality_architectural/11491,True,1114412,8,521562,True,18,106294,1508,4,22090
0.5229966808914177,1171163,12,13640,2109,high_quality_architectural/11493,True,2326227,14,1000311,True,29,129753,1103,8,11360
0.9230769230769231,506095,8,7995,988,high_quality_architectural/11494,True,901056,8,311802,True,20,66957,912,2,8207
0.7122015915119363,959158,5,8259,1508,high_quality_architectural/11506,True,1619592,7,513562,True,26,105821,1074,5,32792
0.8398731668648435,4434140,7,9093,2523,high_quality_architectural/11508,True,5346237,7,764500,True,18,115611,2119,4,22893
1.1771004942339374,940823,4,3829,1214,high_quality_architectural/11511,True,1734806,8,690755,True,15,84301,1429,4,15098
1.7407407407407407,620953,4,5620,837,high_quality_architectural/11512,True,1219509,4,502432,True,12,65409,1457,3,25095
0.710427135678392,964742,9,11963,1592,high_quality_architectural/11514,True,1800552,10,689679,True,22,110425,1131,4,23743
1.1341368584758942,5422679,15,20774,2572,high_quality_architectural/11515,True,7502524,18,1702041,True,48,302477,2917,12,54553
1.3432518597236982,607496,5,5570,941,high_quality_architectural/11520,True,1189424,5,470810,True,13,90353,1264,5,15195
0.5892740353172008,699866,7,11906,1529,high_quality_architectural/11525,True,1377629,9,560088,True,21,85244,901,7,20525
1.4863849765258217,643229,8,11801,1065,high_quality_architectural/11526,True,1685895,11,783659,True,38,212807,1583,4,34399
1.1975071907957815,296736,11,12227,1043,high_quality_architectural/11529,True,1302707,9,835357,True,24,122102,1249,8,36285
1.559202813599062,550827,6,11269,853,high_quality_architectural/11530,True,1134490,6,463599,True,13,90898,1330,5,17897
1.280600068189567,8430082,18,33456,2933,high_quality_architectural/11533,True,11016348,18,2155118,True,38,307173,3756,18,90519
0.9161415414444983,1772268,15,18745,2063,high_quality_architectural/11536,True,3899070,21,1750071,True,43,328514,1890,13,29472
1.5496389891696751,1092572,10,8484,1108,high_quality_architectural/11542,True,1902436,8,701563,True,19,81500,1717,4,18317
0.8208469055374593,1953700,12,15791,1842,high_quality_architectural/11545,True,2785104,11,671266,True,20,119555,1512,6,24792
0.4505716207128447,390004,7,9559,1487,high_quality_architectural/11551,True,996290,8,504406,True,16,75396,670,6,16925
1.0615384615384615,264266,5,5650,910,high_quality_architectural/11554,True,879060,5,520311,True,32,75413,966,3,13420
0.7722987672226251,670896,8,12452,1379,high_quality_architectural/11556,True,1468635,9,657050,True,19,107784,1065,10,20453
1.197226502311248,184111,2,2205,649,high_quality_architectural/11557,True,504273,5,262419,True,9,40338,777,2,15200
1.71824480369515,494035,7,6732,866,high_quality_architectural/11559,True,1288608,10,672528,True,26,99290,1488,4,16023
1.7315175097276265,388158,6,6214,771,high_quality_architectural/11563,True,1029285,7,515931,True,24,83483,1335,4,35499
1.3976801988400995,1143279,9,7512,1207,high_quality_architectural/11566,True,2036209,9,751704,True,27,103934,1687,5,29780
0.5912793483469094,1919477,10,11289,2087,high_quality_architectural/11567,True,2575358,10,530129,True,21,99189,1234,4,15274
0.7452258965999069,2470321,11,19722,2147,high_quality_architectural/11572,True,3435200,10,754419,True,23,138793,1600,10,51945
0.6275752773375595,341208,10,15945,1262,high_quality_architectural/11575,True,999504,8,545613,True,25,82076,792,8,14662
1.4786729857819905,5523086,13,22970,2321,high_quality_architectural/11577,True,7965672,19,1998887,True,46,365788,3432,21,54941
0.6967840735068913,424298,8,7271,1306,high_quality_architectural/11580,True,1188460,11,549803,True,38,183688,910,3,23400
1.2819843342036554,751857,6,7533,1149,high_quality_architectural/11587,True,1692477,6,823840,True,17,81825,1473,8,27422
1.6375,510327,6,7798,880,high_quality_architectural/11593,True,1268080,5,637062,True,16,99793,1441,5,13100
0.438953488372093,856968,9,12822,2064,high_quality_architectural/11594,True,1869984,11,845458,True,25,128139,906,14,26597
1.1765913757700206,2299192,18,42760,1948,high_quality_architectural/11599,True,4464816,21,1772720,True,37,311461,2292,8,38683
1.1878322504430006,1837558,15,27521,1693,high_quality_architectural/11601,True,3404623,16,1237150,True,37,269614,2011,12,32780
0.9122632103688934,379429,5,8366,1003,high_quality_architectural/11602,True,917745,7,425474,True,25,89568,915,7,14908
0.8192170818505338,616447,10,14401,1405,high_quality_architectural/11604,True,1617155,11,815655,True,22,130041,1151,11,40611
1.0786186627479795,1350490,8,10423,1361,high_quality_architectural/11606,True,1997948,8,532772,True,17,79312,1468,8,24951
0.5931907463989524,1986007,12,14015,2291,high_quality_architectural/11612,True,3113469,15,928642,True,32,148864,1359,7,35941
0.7907761529808774,270781,5,9258,889,high_quality_architectural/11615,True,624967,6,277816,True,16,67112,703,0,0
1.8112286411716843,2068342,4,4809,1229,high_quality_architectural/11616,True,2735754,6,556331,True,29,86818,2226,9,19454
1.2136200716845877,1011061,10,21129,1395,high_quality_architectural/11621,True,2361735,11,1158168,True,30,138450,1693,8,32927
1.0769230769230769,409395,13,15360,1209,high_quality_architectural/11623,True,1574118,12,949370,True,45,176495,1302,5,23498
0.8645640074211502,1090902,9,10585,1617,high_quality_architectural/11624,True,2260566,9,993016,True,24,138379,1398,5,27684
0.7959697732997482,356766,9,6516,1191,high_quality_architectural/11625,True,1129068,13,679913,True,31,70502,948,19,15371
1.0349040139616057,672256,6,10368,1146,high_quality_architectural/11638,True,1359156,7,552829,True,21,104870,1186,3,18833
1.002911208151383,1248246,6,8583,1374,high_quality_architectural/11639,True,1893372,6,518384,True,18,86023,1378,5,32136
0.9041878172588832,1744381,6,8837,1576,high_quality_architectural/11642,True,2245800,6,408345,True,14,64442,1425,5,19795
0.7070683111954459,9869901,20,38132,4216,high_quality_architectural/11643,True,12567896,21,2196159,True,48,358243,2981,13,105461
1.0055161544523246,646432,10,10395,1269,high_quality_architectural/11644,True,1619244,12,793240,True,30,142003,1276,8,27174
0.7074607329842932,945112,9,10134,1528,high_quality_architectural/11645,True,1651768,9,592325,True,17,88989,1081,4,15208
0.7921270718232044,722336,7,10740,1448,high_quality_architectural/11647,True,1660856,8,774499,True,35,122980,1147,5,30301
1.346730653869226,2016671,16,20850,1667,high_quality_architectural/11648,True,3742415,20,1445929,True,36,212397,2245,7,46568
0.5557491289198606,812152,11,13331,1722,high_quality_architectural/11650,True,1647954,12,704796,True,24,96603,957,4,21072
1.273469387755102,1900988,19,26211,1715,high_quality_architectural/11651,True,3745560,21,1541357,True,44,214545,2184,20,62459
1.4773333333333334,714570,9,18170,1125,high_quality_architectural/11653,True,1869750,9,927462,True,27,153040,1662,7,56508
1.5223266745005875,2798410,16,21361,1702,high_quality_architectural/11654,True,4409882,16,1388690,True,32,156369,2591,10,45052
1.9179964539007093,6026972,19,30898,2256,high_quality_architectural/11655,True,9761712,16,3345455,True,45,261508,4327,37,96879
0.8881818181818182,624642,4,6029,1100,high_quality_architectural/11656,True,1074700,6,369473,True,16,65305,977,2,9251
1.247711670480549,2295723,14,20342,1748,high_quality_architectural/11659,True,3812388,15,1254776,True,35,185418,2181,22,56129
1.0936573799644338,1233907,13,34811,1687,high_quality_architectural/11661,True,3112515,13,1387567,True,39,384916,1845,8,71314
1.3245283018867924,1839870,10,13556,1590,high_quality_architectural/11662,True,3348540,12,1250968,True,32,205208,2106,15,38938
1.8586839266450916,453417,15,15635,927,high_quality_architectural/11663,True,1597221,15,845866,True,45,233509,1723,5,48794
2.0790312300828555,3021184,22,31600,1569,high_quality_architectural/11674,True,5118078,18,1692428,True,54,255422,3262,26,117444
1.372093023255814,1859626,12,24950,1634,high_quality_architectural/11677,True,3663428,14,1479023,True,35,253789,2242,9,46040
1.0309882747068677,848102,5,9991,1194,high_quality_architectural/11678,True,1469814,5,437797,True,21,149390,1231,3,24534
0.7071524966261808,867481,11,11257,1482,high_quality_architectural/11679,True,1553136,9,535799,True,28,113031,1048,5,25568
2.0717241379310343,488795,6,5514,725,high_quality_architectural/11683,True,1088950,6,500003,True,18,82622,1502,5,12016
1.2869281045751635,1403444,19,22719,1530,high_quality_architectural/11684,True,3012570,19,1351977,True,40,181212,1969,23,53218
1.3447350771294433,969397,21,32503,1491,high_quality_architectural/11689,True,2989455,21,1738274,True,50,189728,2005,14,59553
1.2059748427672956,64137,2,2887,636,high_quality_architectural/11691,True,487812,4,331274,True,14,73765,767,5,15749
1.0950846091861401,851921,5,7227,1241,high_quality_architectural/11692,True,1686519,6,675584,True,18,113852,1359,8,37935
1.742757821552723,716325,6,6031,863,high_quality_architectural/11693,True,1297952,7,487580,True,18,74252,1504,5,13764
2.132394366197183,304732,4,7138,710,high_quality_architectural/11694,True,1074940,6,606338,True,17,121148,1514,6,35584
0.7615023474178404,301295,5,6276,1065,high_quality_architectural/11696,True,863715,5,461480,True,10,77983,811,5,16681
0.3136593591905565,454721,4,8150,1779,high_quality_architectural/11697,True,992682,5,446854,True,9,73607,558,3,9350
1.7369033760186263,413963,8,10260,859,high_quality_architectural/11699,True,1281628,7,722151,True,18,116432,1492,4,18822
0.7212962962962963,1503199,14,15834,2160,high_quality_architectural/11702,True,3365280,15,1605196,True,37,202936,1558,17,38115
0.94129763130793,244017,9,9306,971,high_quality_architectural/11708,True,887494,10,532066,True,29,86087,914,5,16018
1.47319587628866,667835,15,10297,970,high_quality_architectural/11709,True,1386130,5,602184,True,28,88783,1429,3,17031
1.5255681818181819,217624,3,3225,704,high_quality_architectural/11714,True,756096,4,459279,True,17,67820,1074,6,8148
1.4635488308115543,210526,5,6167,727,high_quality_architectural/11716,True,773528,8,462462,True,19,77402,1064,5,16971
1.1520223152022315,234946,5,6904,717,high_quality_architectural/11718,True,592242,4,284928,True,11,53176,826,4,12288
1.647769028871391,3084026,27,44022,1905,high_quality_architectural/11721,True,5979795,25,2327922,True,49,414573,3139,19,109252
1.4814814814814814,175477,5,5287,756,high_quality_architectural/11722,True,846720,7,534327,True,22,89568,1120,8,42061
1.2237977805178792,1759573,16,28909,1622,high_quality_architectural/11723,True,3219670,12,1138598,True,34,217124,1985,18,75466
0.7601265822784811,1064994,9,11816,1580,high_quality_architectural/11724,True,1897580,11,695615,True,19,99299,1201,6,25856
1.1056179775280899,356245,7,6519,890,high_quality_architectural/11727,True,875760,6,435948,True,13,67628,984,3,9420
1.5632126921170055,3717570,21,32058,2017,high_quality_architectural/11730,True,6359601,20,2135483,True,68,357000,3153,41,117490
1.5405405405405406,675839,8,7199,962,high_quality_architectural/11731,True,1425684,8,631112,True,27,94265,1482,6,17269
1.4992897727272727,1180245,20,22468,1408,high_quality_architectural/11740,True,2972288,19,1543747,True,34,171398,2111,33,54430
1.120353982300885,3336669,17,22085,2260,high_quality_architectural/11742,True,5722320,18,1973406,True,42,347186,2532,16,42974
0.34610917537746805,1364761,9,10118,2583,high_quality_architectural/11743,True,2309202,10,802944,True,25,113613,894,8,17766
0.8989037758830695,140441,5,5650,821,high_quality_architectural/11746,True,605898,7,386094,True,17,52803,738,5,20910
0.7331002331002331,1223939,10,12497,1716,high_quality_architectural/11749,True,2158728,13,784346,True,23,120088,1258,4,17858
1.3997469955724224,1664655,16,24492,1581,high_quality_architectural/11754,True,3498753,18,1576272,True,28,191439,2213,15,41895
1.6834701055099648,454364,8,10170,853,high_quality_architectural/11756,True,1224908,7,631258,True,13,99182,1436,4,29934
0.5531120331950208,2212119,13,17652,2410,high_quality_architectural/11758,True,3212530,12,798478,True,25,152693,1333,17,31588
1.0309698451507743,4115686,16,23745,2454,high_quality_architectural/11761,True,6208620,19,1761122,True,96,254623,2530,19,53444
0.8991053677932406,1760140,17,23367,2012,high_quality_architectural/11762,True,3639708,17,1619459,True,52,166344,1809,25,70398
1.456661316211878,1047366,9,18214,1246,high_quality_architectural/11765,True,2261490,11,1009740,True,21,150967,1815,11,35203
0.5978511128165771,374723,8,13203,1303,high_quality_architectural/11766,True,1015037,11,521344,True,20,87112,779,3,18655
1.1714520098441346,536289,17,17710,1219,high_quality_architectural/11769,True,1740732,15,1046017,True,25,121044,1428,9,19672
1.1390324095819633,3605221,20,23948,2129,high_quality_architectural/11777,True,5162825,16,1330966,True,41,158722,2425,12,43968
0.49077733860342554,498664,8,11017,1518,high_quality_architectural/11779,True,1130910,9,507076,True,23,95043,745,5,19110
1.120127569099929,16692570,53,149089,5644,high_quality_architectural/11784,True,35681368,38,17812049,True,60,816097,6322,41,211563
0.7070663811563169,2355084,19,39299,2335,high_quality_architectural/11786,True,3855085,18,1142952,True,31,252062,1651,15,65688
1.646129541864139,1597960,10,10039,1266,high_quality_architectural/11787,True,2638344,9,858430,True,27,145843,2084,5,26072
1.035027133695116,1626210,15,18919,2027,high_quality_architectural/11792,True,4252646,18,2268046,True,46,320213,2098,4,19258
1.3833333333333333,631501,3,5630,960,high_quality_architectural/11800,True,1274880,5,526532,True,15,77045,1328,11,34172
1.1356655290102389,870040,9,9472,1172,high_quality_architectural/11801,True,1559932,8,541126,True,17,116346,1331,4,22948
0.7418831168831169,528949,5,9534,1232,high_quality_architectural/11802,True,1126048,6,474320,True,18,88244,914,6,25001
0.5299055613850997,1116235,7,11697,1906,high_quality_architectural/11807,True,1925060,8,662742,True,14,111080,1010,5,23306
1.4478957915831663,608119,7,11366,998,high_quality_architectural/11809,True,1442110,7,679281,True,24,121360,1445,4,21984
1.011461318051576,129925,6,8341,698,high_quality_architectural/11810,True,492788,4,299735,True,15,45789,706,2,8998
1.1355397951142632,690384,18,18123,1269,high_quality_architectural/11811,True,1828629,16,918663,True,36,144672,1441,7,56787
2.239854633555421,3516314,26,29194,1651,high_quality_architectural/11814,True,6105398,23,2196315,True,61,290350,3698,34,73225
1.7780821917808218,345879,5,4916,730,high_quality_architectural/11815,True,947540,5,502604,True,12,75697,1298,6,18444
1.5977312390924956,1421594,6,8036,1146,high_quality_architectural/11816,True,2098326,5,569297,True,15,84389,1831,5,15010
2.999449035812672,7282102,19,40385,1815,high_quality_architectural/11825,True,9880860,17,2186698,True,46,310184,5444,24,61491
1.597966728280961,1265099,6,7026,1082,high_quality_architectural/11826,True,1870778,5,503033,True,14,81950,1729,5,13670
1.1641151255358237,1734709,13,20299,1633,high_quality_architectural/11827,True,3104333,13,1141107,True,36,146740,1901,27,61478
0.8143157894736842,3151246,13,24660,2375,high_quality_architectural/11828,True,4593250,14,1099846,True,38,267278,1934,11,50220
0.4015215553677092,1324365,12,15119,2366,high_quality_architectural/11832,True,2247700,13,772713,True,32,117173,950,5,18330
1.5962180200222469,593771,7,6312,899,high_quality_architectural/11833,True,1290065,7,580381,True,24,109601,1435,0,0
1.4173010380622837,1791421,8,9772,1445,high_quality_architectural/11837,True,2959360,10,994768,True,30,141772,2048,7,21627
1.1206467661691542,371775,3,4824,804,high_quality_architectural/11841,True,724404,6,300179,True,21,37426,901,7,10200
1.4113545816733069,551035,8,9248,1004,high_quality_architectural/11845,True,1422668,13,732532,True,23,98346,1417,5,31507
0.6698207171314741,1743110,9,11732,2008,high_quality_architectural/11846,True,2700760,10,801635,True,28,120779,1345,5,23504
0.6144842721287491,374718,7,8976,1367,high_quality_architectural/11849,True,1148280,6,639865,True,20,107306,840,3,17415
2.0190703218116806,780052,5,6760,839,high_quality_architectural/11851,True,1421266,6,508982,True,27,109247,1694,3,16225
1.6744759556103577,467720,6,9093,811,high_quality_architectural/11852,True,1101338,8,503400,True,18,105215,1358,6,15910
1.3516148689823277,1925184,17,31216,1641,high_quality_architectural/11853,True,3639738,17,1317754,True,41,294353,2218,21,71231
1.0088202866593163,470591,3,3280,907,high_quality_architectural/11854,True,829905,5,301240,True,11,39620,915,2,15174
2.6366459627329193,1205152,12,17177,966,high_quality_architectural/11856,True,2460402,14,993854,True,27,208887,2547,8,35332
0.8567164179104477,352821,5,8814,1005,high_quality_architectural/11860,True,865305,6,412751,True,17,76270,861,6,14649
1.0523731587561376,897154,6,7529,1222,high_quality_architectural/11862,True,1571492,6,562612,True,17,82305,1286,4,21892
1.3672496025437202,1513054,5,6942,1258,high_quality_architectural/11865,True,2163760,6,523141,True,14,106828,1720,6,13795
0.43771885942971483,1019437,10,14652,1999,high_quality_architectural/11866,True,1749125,10,594477,True,18,104772,875,5,15787
1.7704122877930477,938432,16,22740,1237,high_quality_architectural/11868,True,2709030,16,1526051,True,32,175685,2190,11,46122
1.5460385438972162,660583,5,4999,934,high_quality_architectural/11869,True,1348696,5,590292,True,13,79859,1444,6,12963
1.177801724137931,344226,6,7291,928,high_quality_architectural/11874,True,1014304,5,556574,True,20,89367,1093,5,16846
0.7210473313192346,279993,4,6634,993,high_quality_architectural/11875,True,710988,6,353512,True,16,60916,716,5,9933
1.2626811594202898,714125,8,8210,1104,high_quality_architectural/11877,True,1538976,7,714094,True,18,80375,1394,10,22172
0.7554969217238346,412238,5,8453,1137,high_quality_architectural/11878,True,976683,6,462154,True,15,80695,859,3,13143
0.5609397944199707,1217899,12,13790,2043,high_quality_architectural/11880,True,2341278,12,929021,True,28,156182,1146,7,24386
0.772316384180791,1650080,10,12845,1770,high_quality_architectural/11883,True,2419590,10,630826,True,21,90055,1367,7,35784
1.1199111769059955,812649,9,9327,1351,high_quality_architectural/11885,True,2044063,10,1030181,True,27,159124,1513,8,32782
1.6178438661710037,1875012,9,14436,1345,high_quality_architectural/11888,True,2926720,10,820465,True,23,178395,2176,5,38412
0.8576991150442478,4527621,18,33900,2825,high_quality_architectural/11889,True,6844975,19,1921844,True,56,274738,2423,30,86872
1.5421853388658369,1299822,14,18975,1446,high_quality_architectural/11891,True,3224580,17,1614930,True,34,220473,2230,14,70380
1.0065217391304349,171371,6,14579,920,high_quality_architectural/11892,True,851920,6,509749,True,17,135677,926,2,20544
2.1093057607090104,336388,5,5101,677,high_quality_architectural/11900,True,966756,5,537248,True,16,68676,1428,3,19343
1.2383599722029186,854877,11,12540,1439,high_quality_architectural/11917,True,2564298,17,1361760,True,60,281242,1782,8,53879
0.7968561064087062,196097,4,4680,827,high_quality_architectural/11919,True,544993,5,291825,True,12,45747,659,2,6644
1.536149471974005,1673874,5,7342,1231,high_quality_architectural/11921,True,2327821,5,535306,True,11,88067,1891,5,23232
1.7078774617067833,601963,7,8691,914,high_quality_architectural/11925,True,1426754,6,704374,True,16,91773,1561,7,19953
1.7508982035928145,400001,9,11846,835,high_quality_architectural/11926,True,1220770,8,638070,True,25,130685,1462,7,40168
1.2713815789473684,2858514,15,18958,1824,high_quality_architectural/11930,True,4229856,15,1173221,True,41,142049,2319,15,37114
1.0834236186348862,385112,6,5281,923,high_quality_architectural/11931,True,923000,6,466068,True,13,54968,1000,3,11571
1.759953161592506,791526,3,2778,854,high_quality_architectural/11932,True,1283562,6,412580,True,12,63441,1503,3,13237
0.9537953795379538,344956,5,6994,909,high_quality_architectural/11947,True,788103,6,365138,True,17,59359,867,3,11656
0.502476999292286,413924,8,9012,1413,high_quality_architectural/11948,True,1003230,9,479414,True,29,82851,710,6,18029
0.5032875074716079,657283,11,11057,1673,high_quality_architectural/11949,True,1408666,10,636994,True,13,83460,842,7,19872
1.5533898305084746,768961,16,24527,1180,high_quality_architectural/11950,True,2162940,14,1111485,True,27,214513,1833,12,43454
2.6631382316313825,3672188,26,55786,1606,high_quality_architectural/11951,True,6868862,30,2564340,True,74,493305,4277,23,83243
1.2486376021798364,1166624,16,20968,1468,high_quality_architectural/11953,True,2690844,15,1208329,True,40,254266,1833,8,40657
1.1786120591581342,430418,5,5306,879,high_quality_architectural/11957,True,910644,6,389521,True,23,69474,1036,9,15925
0.6287726358148893,1386153,10,13936,1988,high_quality_architectural/11959,True,2485000,13,925121,True,27,119093,1250,16,40697
1.2203136669156087,968752,13,24653,1339,high_quality_architectural/11965,True,2187926,14,1010208,True,31,142200,1634,10,42113
1.1515151515151516,1567733,13,16234,1551,high_quality_architectural/11967,True,2770086,14,986279,True,30,147983,1786,11,51857
1.6632522407170294,309811,7,11457,781,high_quality_architectural/11971,True,1014519,8,564991,True,22,98791,1299,5,29469
1.066315789473684,504786,5,6858,950,high_quality_architectural/11975,True,962350,5,369014,True,18,70175,1013,4,11517
1.300187617260788,493427,6,8187,1066,high_quality_architectural/11977,True,1477476,7,833976,True,17,109369,1386,11,32517
1.5335149863760218,3650686,9,14463,1835,high_quality_architectural/11978,True,5163690,14,1238057,True,23,225988,2814,7,34496
0.45558739255014324,198817,3,6567,1047,high_quality_architectural/12007,True,499419,4,232569,True,9,55811,477,1,5655
0.5246195165622203,330937,3,7631,1117,high_quality_architectural/12008,True,654562,4,245581,True,9,63963,586,1,6450
1.67247565351102,3473177,25,50613,1951,high_quality_architectural/12009,True,6366113,23,2365891,True,60,383362,3263,19,93070
0.5595854922279793,77642,3,6892,772,high_quality_architectural/12012,True,333504,4,198170,True,9,43663,432,1,7137
1.0581068416119963,468384,7,10443,1067,high_quality_architectural/12014,True,1204643,7,588162,True,27,105309,1129,4,32345
0.4692802808660035,699772,7,10179,1709,high_quality_architectural/12019,True,1370618,8,533018,True,22,108625,802,4,19024
0.7032799389778794,569217,7,7987,1311,high_quality_architectural/12020,True,1208742,7,524492,True,21,91263,922,5,15783
0.5968992248062015,283081,4,7561,1161,high_quality_architectural/12022,True,804573,5,416550,True,11,82520,693,5,14861
0.9897540983606558,2462920,13,19116,1952,high_quality_architectural/12023,True,3771264,15,1067967,True,33,193562,1932,11,27699
0.5507593924860112,271616,8,11503,1251,high_quality_architectural/12027,True,861939,8,469117,True,24,94745,689,5,14958
1.1390675241157557,639557,12,16930,1244,high_quality_architectural/12029,True,1762748,10,857401,True,30,206043,1417,6,42817
1.9293119698397738,1095497,8,11494,1061,high_quality_architectural/12034,True,2171867,10,863285,True,27,156260,2047,7,45331
1.5775356244761107,1444327,5,7554,1193,high_quality_architectural/12036,True,2245226,8,656858,True,24,94252,1882,4,42235
0.5287994448299792,331202,8,11169,1441,high_quality_architectural/12040,True,1098042,9,636079,True,21,102414,762,4,17178
2.4927536231884058,1640397,25,22137,1242,high_quality_architectural/12041,True,3845232,27,1908301,True,61,249804,3096,13,24593
1.7548387096774194,446776,6,6651,775,high_quality_architectural/12042,True,1054000,5,520869,True,11,66084,1360,4,13620
2.1359678499665105,2117075,18,24180,1493,high_quality_architectural/12044,True,4761177,20,2276693,True,42,230776,3189,43,112453
0.6762962962962963,400246,10,13000,1350,high_quality_architectural/12045,True,1232550,11,691299,True,28,103921,913,8,24084
0.9509870660313138,922582,12,14599,1469,high_quality_architectural/12046,True,2052193,13,931878,True,29,159584,1397,13,23550
1.1312625250501003,541122,4,5300,998,high_quality_architectural/12048,True,1126742,5,483292,True,12,86303,1129,3,10725
1.971687429218573,888575,5,5766,883,high_quality_architectural/12049,True,1537303,6,522349,True,25,106725,1741,3,13888
1.0584144645340752,3490985,13,21451,2157,high_quality_architectural/12050,True,4924431,15,1186357,True,30,176793,2283,10,48845
1.7199341021416803,898167,19,25550,1214,high_quality_architectural/12051,True,2534832,17,1408726,True,40,158532,2088,15,43857
1.0882237101220953,4629137,23,47019,2539,high_quality_architectural/12052,True,7015257,21,1824678,True,101,458536,2763,17,55887
0.7668016194331984,362273,6,7938,1235,high_quality_architectural/12055,True,1169545,7,686152,True,18,86954,947,9,26228
1.0576701268742792,1772604,11,11327,1734,high_quality_architectural/12057,True,3180156,11,1211112,True,30,149367,1834,11,35746
0.5817972350230415,136239,2,3871,868,high_quality_architectural/12059,True,438340,4,211816,True,11,74220,505,1,12194
0.8394241417497231,330680,3,4914,903,high_quality_architectural/12062,True,684474,3,288309,True,8,47753,758,5,12818
1.9150606709493219,1620676,25,33020,1401,high_quality_architectural/12063,True,3758883,19,1857797,True,46,174983,2683,30,72407
1.2241975308641975,3395561,14,21409,2025,high_quality_architectural/12064,True,5019975,20,1300242,True,39,264877,2479,9,37886
2.37910699241786,1481525,17,19630,1187,high_quality_architectural/12071,True,3352088,18,1631097,True,47,190003,2824,18,29833
0.4826418289585097,329201,3,6879,1181,high_quality_architectural/12073,True,673170,5,260475,True,13,58849,570,3,17766
0.9596541786743515,894343,10,12781,1388,high_quality_architectural/12074,True,1848816,11,792355,True,28,123377,1332,6,25960
0.39572192513368987,585416,10,10288,1870,high_quality_architectural/12075,True,1383800,12,671002,True,30,99970,740,5,17124
0.7328119908765071,4528996,20,32437,3069,high_quality_architectural/12077,True,6902181,20,2024435,True,40,263704,2249,18,52609
2.451798561151079,1565281,28,41591,1390,high_quality_architectural/12079,True,4737120,24,2719464,True,63,355405,3408,26,55379
0.4344718030182685,204383,3,8183,1259,high_quality_architectural/12082,True,688673,4,357800,True,12,97673,547,2,20634
0.5969773299748111,514551,9,11199,1588,high_quality_architectural/12083,True,1505424,12,812740,True,23,151209,948,2,15725
1.4163887565507385,4654987,14,16365,2099,high_quality_architectural/12084,True,6240327,15,1358463,True,23,170285,2973,8,40227
0.7017543859649122,345704,13,16521,1368,high_quality_architectural/12085,True,1313280,13,810975,True,38,111947,960,6,28133
0.9984848484848485,666519,8,15159,1320,high_quality_architectural/12089,True,1739760,11,865460,True,30,163689,1318,5,28933
0.7559681697612732,471766,6,10000,1131,high_quality_architectural/12093,True,967005,7,396587,True,12,70506,855,4,18146
1.3388608507570297,1532670,14,17695,1387,high_quality_architectural/12101,True,2575659,16,820437,True,39,183619,1857,7,21238
1.20023282887078,338975,3,3436,859,high_quality_architectural/12103,True,885629,4,396045,True,18,120797,1031,4,26376
0.9688454489920586,1361425,10,17271,1637,high_quality_architectural/12106,True,2596282,12,1029531,True,24,152705,1586,7,35350
0.8702250130821559,1916068,11,17907,1911,high_quality_architectural/12107,True,3177993,13,1060913,True,27,148419,1663,7,34686
1.411764705882353,1693698,12,34623,1666,high_quality_architectural/12108,True,3918432,13,1867867,True,29,275939,2352,13,46305
0.7069943289224953,1657830,12,23437,2116,high_quality_architectural/12115,True,3165536,11,1235428,True,68,217811,1496,7,31030
2.1985230234578625,10172144,12,22947,2302,high_quality_architectural/12117,True,11650422,12,1193698,True,24,195057,5061,9,66576
1.2896341463414633,641962,4,6941,984,high_quality_architectural/12119,True,1248696,8,494616,True,16,84373,1269,6,20804
1.8685770750988142,5683538,15,25641,2024,high_quality_architectural/12120,True,7654768,18,1562578,True,44,323940,3782,21,59071
0.5092186128182616,376447,4,5060,1139,high_quality_architectural/12121,True,660620,5,231144,True,10,40169,580,2,7800
2.8283433133732534,219405,4,5040,501,high_quality_architectural/12125,True,709917,4,402967,True,15,69700,1417,2,12805
1.7223796033994334,1465431,20,38579,1412,high_quality_architectural/12127,True,3433984,21,1669315,True,49,201626,2432,22,59033
0.7070393374741201,336742,3,6579,966,high_quality_architectural/12135,True,659778,4,249345,True,10,58625,683,1,8487
0.8368617683686177,1422435,5,8745,1606,high_quality_architectural/12142,True,2158464,8,587268,True,20,114322,1344,6,25694
0.8778443113772455,125574,6,10137,835,high_quality_architectural/12145,True,612055,6,397827,True,13,71557,733,2,6960
0.7050970873786407,86942,2,1906,824,high_quality_architectural/12146,True,478744,3,308970,True,12,54638,581,1,26288
1.4903225806451612,2032536,6,8943,1395,high_quality_architectural/12152,True,2900205,7,681481,True,27,133323,2079,12,43922
1.3158878504672897,2310168,8,12812,1605,high_quality_architectural/12157,True,3389760,10,894252,True,25,137839,2112,10,34689
0.4780814853017019,987977,8,14435,1939,high_quality_architectural/12158,True,1797453,9,658007,True,24,119509,927,3,17525
1.4040311497938616,6070062,6,9987,2183,high_quality_architectural/12162,True,6690895,6,478617,True,19,111572,3065,4,20657
1.3333333333333333,228719,8,10933,876,high_quality_architectural/12165,True,1023168,9,618435,True,27,134667,1168,4,30414
1.560475161987041,421623,9,9847,926,high_quality_architectural/12166,True,1338070,7,798745,True,19,83879,1445,4,23976
0.4781919111816019,324955,4,8778,1261,high_quality_architectural/12167,True,760383,6,343671,True,15,75713,603,2,7266
0.9153439153439153,793167,11,13179,1512,high_quality_architectural/12171,True,2092608,10,1077557,True,25,159069,1384,6,49636
0.9467625899280575,602931,10,19860,1390,high_quality_architectural/12176,True,1829240,10,891690,True,30,243316,1316,7,71443
2.0431328036322363,4034291,17,33911,1762,high_quality_architectural/12177,True,6343200,15,1939792,True,27,285708,3600,15,49498
0.7073807968647943,795285,8,8341,1531,high_quality_architectural/12179,True,1658073,9,735618,True,15,97960,1083,11,20869
1.0244457077885163,1737315,12,21638,1759,high_quality_architectural/12187,True,3169718,13,1205963,True,31,163786,1802,12,41016
0.5508637236084453,554732,8,9850,1563,high_quality_architectural/12188,True,1345743,9,679562,True,25,87404,861,4,14195
0.45345345345345345,286772,7,8272,1332,high_quality_architectural/12192,True,804528,6,419434,True,19,78030,604,3,12020
2.3305555555555557,502425,5,8151,720,high_quality_architectural/12198,True,1208160,7,529915,True,23,97881,1678,10,69788
1.499441340782123,462425,8,12524,895,high_quality_architectural/12201,True,1201090,7,604177,True,19,97897,1342,4,24067
0.8180636777128005,613288,2,4371,1539,high_quality_architectural/12203,True,1937601,12,1148578,True,26,146956,1259,8,24408
1.8160493827160493,586956,5,7963,810,high_quality_architectural/12206,True,1191510,5,486240,True,12,91233,1471,3,19118
0.5032509752925878,486267,6,11353,1538,high_quality_architectural/12208,True,1190412,8,558082,True,20,104415,774,7,30295
0.47828673408685307,694865,6,10486,1681,high_quality_architectural/12209,True,1351524,8,523110,True,24,98182,804,6,24881
2.20536756126021,713808,7,11446,857,high_quality_architectural/12210,True,1619730,8,715644,True,27,130797,1890,10,48035
2.33264675592173,1262486,8,12991,971,high_quality_architectural/12211,True,2199315,9,735149,True,33,142659,2265,9,46030
0.5859197577592733,371470,7,18702,1321,high_quality_architectural/12212,True,1022454,7,528871,True,23,88208,774,4,15203
0.5282465150403521,294664,7,19086,1363,high_quality_architectural/12213,True,981360,7,562291,True,17,90212,720,4,15107
1.5416267942583732,585277,7,9963,1045,high_quality_architectural/12215,True,1683495,6,935832,True,13,124449,1611,6,27974
0.7777777777777778,368367,5,8981,1152,high_quality_architectural/12216,True,1032192,6,524152,True,16,106195,896,6,24497
1.5822649572649572,704923,7,8958,936,high_quality_architectural/12219,True,1386216,7,558315,True,25,99888,1481,5,14132
1.4013867488443759,1651983,5,9651,1298,high_quality_architectural/12222,True,2361062,7,547418,True,20,116082,1819,7,35928
0.689679218967922,644410,8,7380,1434,high_quality_architectural/12224,True,1418226,11,648310,True,27,97118,989,7,21008
0.9789473684210527,440661,4,7806,1045,high_quality_architectural/12227,True,1069035,5,481112,True,20,119617,1023,6,19839
0.652120467117394,815611,9,13560,1627,high_quality_architectural/12230,True,1726247,10,753823,True,29,103736,1061,12,39517
0.7507029053420806,414418,4,6651,1067,high_quality_architectural/12231,True,854667,5,361349,True,14,60633,801,3,11616
0.7043010752688172,887113,6,7871,1488,high_quality_architectural/12232,True,1559424,8,569940,True,21,76106,1048,8,18394
1.3398058252427185,296554,7,6060,824,high_quality_architectural/12234,True,909696,7,520679,True,21,66249,1104,4,20154
0.7643378519290928,281937,6,8601,959,high_quality_architectural/12241,True,702947,5,343310,True,11,58893,733,3,10206
0.7657450076804916,469708,6,5976,1302,high_quality_architectural/12242,True,1298094,7,640092,True,32,163498,997,2,18820
0.8058925476603119,454569,8,9328,1154,high_quality_architectural/12244,True,1073220,7,526510,True,16,66913,930,7,15900
1.0139949109414759,205760,3,4537,786,high_quality_architectural/12245,True,626442,5,346182,True,14,57083,797,2,12880
1.0744274809160306,447330,7,6765,1048,high_quality_architectural/12246,True,1180048,7,615898,True,23,95249,1126,4,14806
1.074019245003701,1204710,5,7469,1351,high_quality_architectural/12247,True,1960301,6,621295,True,34,103893,1451,4,22934
1.8977900552486189,431187,6,5870,724,high_quality_architectural/12249,True,994776,6,472195,True,17,71320,1374,3,14204
0.7671957671957672,1261559,9,10475,1701,high_quality_architectural/12252,True,2219805,11,804943,True,28,112911,1305,7,29917
1.433579335793358,1513566,16,22046,1626,high_quality_architectural/12258,True,3790206,17,1961029,True,24,200009,2331,25,93556
1.3814432989690721,752338,12,14719,1164,high_quality_architectural/12262,True,1871712,14,932089,True,40,145228,1608,8,27338
0.40637720488466755,217710,7,11008,1474,high_quality_architectural/12273,True,882926,8,535236,True,18,104754,599,6,14218
1.7293844367015099,441904,8,7902,861,high_quality_architectural/12275,True,1282029,8,723002,True,23,88773,1489,8,20448
1.5100401606425702,745819,11,31226,1245,high_quality_architectural/12277,True,2340600,14,1326985,True,21,172620,1880,20,63950
0.6823379923761118,920565,6,13463,1574,high_quality_architectural/12281,True,1690476,7,597460,True,21,129456,1074,4,29532
1.4142811193309746,10613392,21,75469,3109,high_quality_architectural/12283,True,13670273,13,2379541,True,55,455053,4397,17,146818
0.8133439237490071,781479,7,8679,1259,high_quality_architectural/12284,True,1289216,6,412284,True,14,68714,1024,4,18060
0.7332912988650694,815927,10,17928,1586,high_quality_architectural/12285,True,1844518,12,837795,True,26,143705,1163,7,29163
1.3758620689655172,983149,7,9860,1160,high_quality_architectural/12288,True,1851360,8,707566,True,15,122532,1596,9,28253
0.4665492957746479,235963,3,6880,1136,high_quality_architectural/12289,True,602080,4,274820,True,11,66927,530,2,17490
0.8050847457627118,1488519,7,6645,1652,high_quality_architectural/12293,True,2197160,6,620658,True,17,72949,1330,4,8389
1.554472984942427,998704,5,7604,1129,high_quality_architectural/12304,True,1981395,7,758470,True,37,185269,1755,5,31348
0.8006993006993007,215821,5,6210,858,high_quality_architectural/12403,True,589446,6,303282,True,21,57008,687,2,7125
0.759619541720709,1762933,33,37601,2313,high_quality_architectural/12404,True,4063941,34,1812340,True,80,389077,1757,19,61990
0.5073452256033578,847450,10,16443,1906,high_quality_architectural/12406,True,1843102,10,802722,True,27,149679,967,7,26808
1.2864732325296282,6401874,12,16504,2447,high_quality_architectural/12410,True,7703156,14,1042582,True,28,212684,3148,10,29512
1.0485282418456643,946576,8,12988,1257,high_quality_architectural/12412,True,1656726,7,576885,True,15,98878,1318,7,21399
0.7362482369534555,804729,6,10418,1418,high_quality_architectural/12413,True,1480392,8,544439,True,22,96146,1044,5,24660
1.8193701723113487,2160134,16,40661,1683,high_quality_architectural/12415,True,5153346,17,2467886,True,31,369586,3062,18,115079
0.6633605600933489,842622,13,16984,1714,high_quality_architectural/12417,True,1948818,15,918322,True,27,144372,1137,5,26518
0.7129186602870813,536903,14,19710,1463,high_quality_architectural/12424,True,1525909,11,771181,True,23,164113,1043,5,34002
0.6521060842433697,580398,8,10984,1282,high_quality_architectural/12425,True,1071752,9,379170,True,21,87020,836,6,14180
0.8065923412506059,2500235,9,14089,2063,high_quality_architectural/12428,True,3432832,10,743693,True,28,149545,1664,4,25270
0.48014822657490736,892711,8,13768,1889,high_quality_architectural/12440,True,1713323,9,690934,True,18,99786,907,7,16124
1.2660869565217392,1675472,18,25568,1725,high_quality_architectural/12441,True,3767400,17,1797015,True,37,196515,2184,22,72830
1.586466165413534,734216,6,6934,931,high_quality_architectural/12443,True,1375087,5,533439,True,15,83258,1477,3,17240
0.7958158995815899,347501,7,11965,1195,high_quality_architectural/12444,True,1136445,8,653977,True,26,102868,951,4,20134
2.435361216730038,3362160,20,39106,1578,high_quality_architectural/12446,True,6064254,22,2177165,True,63,397734,3843,29,88089
1.412252712188896,1627510,18,21300,1567,high_quality_architectural/12448,True,3467771,16,1597345,True,30,160867,2213,12,60749
2.3472803347280333,2524542,16,21001,1434,high_quality_architectural/12449,True,4826844,19,1919385,True,37,322656,3366,13,39260
2.2337662337662336,2240741,7,9387,1309,high_quality_architectural/12453,True,3827516,12,1342767,True,51,202866,2924,12,31755
0.7995678011885468,1487157,5,20026,1851,high_quality_architectural/12454,True,2739480,5,1086610,True,10,120171,1480,5,25516
1.4146031746031746,1995686,11,17019,1575,high_quality_architectural/12457,True,3509100,13,1285180,True,22,172575,2228,9,38640
0.8526645768025078,1247893,10,10197,1595,high_quality_architectural/12459,True,2169200,11,783931,True,23,106639,1360,4,20540
1.1399832355406538,664696,6,8069,1193,high_quality_architectural/12468,True,1622480,8,793440,True,24,129990,1360,3,26285
0.5844304522037779,794221,7,9731,1747,high_quality_architectural/12480,True,1783687,10,793099,True,29,135051,1021,7,51585
1.478442280945758,322626,4,4829,719,high_quality_architectural/12482,True,764297,4,355672,True,17,73202,1063,3,7968
0.8949579831932774,791270,4,6785,1190,high_quality_architectural/12483,True,1267350,6,376628,True,16,70614,1065,5,22053
0.792364990689013,1592194,15,19893,2148,high_quality_architectural/12487,True,3655896,17,1695984,True,41,303081,1702,16,44744
0.7071102413568167,3258785,17,56911,3066,high_quality_architectural/12489,True,6647088,16,2805742,True,35,385944,2168,21,139706
1.0185614849187936,618088,10,10475,1293,high_quality_architectural/12497,True,1702881,10,920474,True,24,125667,1317,6,28177
0.6924075275794939,536621,8,16320,1541,high_quality_architectural/12501,True,1644247,6,946655,True,15,108139,1067,4,36512
0.6231221423905944,659248,7,10288,1531,high_quality_architectural/12504,True,1460574,8,650462,True,22,112034,954,4,28542
0.7418165053019825,1530086,13,17484,2169,high_quality_architectural/12505,True,3489921,15,1729213,True,21,172562,1609,14,40576
0.5192131747483989,1644981,7,19119,2186,high_quality_architectural/12507,True,2481110,7,626199,True,31,143172,1135,11,47639
1.640636846095527,8173123,35,86742,2638,high_quality_architectural/12509,True,11417264,31,2656720,True,73,422672,4328,24,78007
1.692007797270955,2867062,13,15874,1539,high_quality_architectural/12512,True,4007556,12,951205,True,32,150470,2604,14,22945
2.1246438746438745,1624204,22,38076,1404,high_quality_architectural/12513,True,4188132,22,2033853,True,56,365872,2983,19,126127
1.3988312636961286,1382199,11,17377,1369,high_quality_architectural/12516,True,2621635,11,1016001,True,24,165996,1915,7,40062
1.4003868471953578,503087,9,8934,1034,high_quality_architectural/12526,True,1497232,10,855271,True,25,104460,1448,6,25480
1.3271144278606966,331678,4,5494,804,high_quality_architectural/12527,True,857868,6,442214,True,13,67652,1067,3,10830
0.8246249353336782,1809874,8,12386,1933,high_quality_architectural/12529,True,3081202,10,995603,True,39,224553,1594,10,38786
1.1706528765352295,1496795,14,18156,1547,high_quality_architectural/12531,True,2801617,16,1088235,True,38,165537,1811,13,32894
1.8261700095510984,1262058,7,8424,1047,high_quality_architectural/12533,True,2001864,6,596115,True,18,116607,1912,5,18660
2.303030303030303,321270,4,6938,561,high_quality_architectural/12534,True,724812,5,303887,True,16,82343,1292,2,10374
0.6229357798165137,365179,4,7395,1090,high_quality_architectural/12535,True,740110,5,278532,True,17,77964,679,3,11040
2.038961038961039,765168,3,7133,770,high_quality_architectural/12536,True,1208900,5,329353,True,15,94058,1570,2,13188
1.6396292004634994,415558,7,7413,863,high_quality_architectural/12537,True,1221145,7,699507,True,21,84557,1415,7,14110
1.1369339879978178,2288629,14,14678,1833,high_quality_architectural/12539,True,3819972,17,1245999,True,30,238154,2084,13,32512
0.7442748091603053,556446,5,8728,1310,high_quality_architectural/12541,True,1277250,8,577579,True,20,102071,975,6,32426
0.7272189349112426,1279684,5,9134,1690,high_quality_architectural/12544,True,2077010,8,653326,True,19,104064,1229,6,30802
1.1017471736896198,393373,5,8897,973,high_quality_architectural/12545,True,1043056,8,535694,True,19,81940,1072,4,23152
1.2040816326530612,1086447,7,8419,1323,high_quality_architectural/12546,True,2107539,10,812847,True,30,158172,1593,8,41654
1.2739831158864159,1120150,7,12036,1303,high_quality_architectural/12549,True,2162980,9,821077,True,24,164994,1660,10,44723
1.6839080459770115,455842,8,9732,870,high_quality_architectural/12555,True,1274550,8,677812,True,26,102673,1465,6,28491
1.1822660098522169,58543,3,2316,609,high_quality_architectural/12556,True,438480,5,322557,True,11,48338,720,2,6726
1.3230897009966778,716961,14,15025,1204,high_quality_architectural/12558,True,1917972,16,994303,True,37,168764,1593,10,22919
1.5040871934604905,1071500,6,7530,1101,high_quality_architectural/12561,True,1823256,5,625759,True,14,99292,1656,6,19175
0.8619662363455809,186596,6,7194,1007,high_quality_architectural/12563,True,874076,6,553440,True,27,102108,868,4,24738
1.284442116291252,3020054,14,21800,1909,high_quality_architectural/12566,True,4680868,15,1421238,True,32,176939,2452,10,40837
0.8616320324379118,2178842,10,14771,1973,high_quality_architectural/12568,True,3354100,12,942985,True,33,180662,1700,9,36840
0.7035755478662054,705879,6,22860,1734,high_quality_architectural/12569,True,2115480,7,1134893,True,28,175293,1220,6,76555
1.38,343730,4,7509,850,high_quality_architectural/12573,True,997050,5,532602,True,12,100885,1173,2,12324
1.531442663378545,344861,4,7589,811,high_quality_architectural/12574,True,1007262,5,531298,True,14,113098,1242,2,10416
0.6655172413793103,324826,4,8000,1160,high_quality_architectural/12575,True,895520,6,470326,True,12,79968,772,2,12400
0.6947014297729184,346305,4,7793,1189,high_quality_architectural/12576,True,982114,6,518227,True,15,93055,826,4,16734
0.8404558404558404,799330,5,10650,1404,high_quality_architectural/12577,True,1656720,6,697541,True,15,121303,1180,6,27896
0.44415807560137455,208143,3,6415,1164,high_quality_architectural/12578,True,601788,5,318350,True,13,61353,517,2,7527
1.3709844559585491,568226,5,10352,965,high_quality_architectural/12579,True,1276695,5,573669,True,9,109532,1323,2,14916
1.6794871794871795,566753,4,8244,858,high_quality_architectural/12580,True,1236378,5,529729,True,14,120106,1441,2,11546
0.6389568052159739,337625,4,9273,1227,high_quality_architectural/12581,True,961968,5,508209,True,13,91022,784,2,15839
0.567287784679089,531195,4,8793,1449,high_quality_architectural/12582,True,1191078,5,527525,True,15,104267,822,4,19298
0.9849372384937238,712005,5,8788,1195,high_quality_architectural/12583,True,1406515,7,563656,True,15,98746,1177,6,23320
0.47101449275362317,203666,3,6460,1104,high_quality_architectural/12584,True,574080,5,298415,True,11,57899,520,2,7640
1.3513513513513513,677564,4,8867,1036,high_quality_architectural/12585,True,1450400,5,621218,True,11,127615,1400,2,15136
0.7478260869565218,532745,5,9808,1265,high_quality_architectural/12586,True,1196690,5,542937,True,12,97592,946,2,13608
0.8945260347129506,3137775,20,43834,2247,high_quality_architectural/12588,True,4516470,17,1054129,True,40,220696,2010,10,60036
1.118421052631579,370949,5,8421,988,high_quality_architectural/12592,True,1091740,6,591115,True,14,86290,1105,5,34965
0.6382306477093207,190516,12,14007,1266,high_quality_architectural/12596,True,1022928,11,716566,True,20,83417,808,8,18422
1.2205882352941178,871895,8,9600,1156,high_quality_architectural/12597,True,1631116,10,631998,True,22,94298,1411,5,23325
1.4914564686737184,663337,14,18759,1229,high_quality_architectural/12598,True,2252757,15,1370798,True,21,162743,1833,9,37120
0.8662790697674418,234233,5,6686,1032,high_quality_architectural/12599,True,922608,6,577821,True,19,88347,894,2,15521
1.45,1096187,19,29647,1440,high_quality_architectural/12605,True,3006720,18,1578842,True,34,241750,2088,13,60294
0.9372230428360414,844205,12,21536,1354,high_quality_architectural/12611,True,1718226,9,711001,True,19,111039,1269,7,30445
0.8783783783783784,463303,5,4583,962,high_quality_architectural/12616,True,812890,6,299079,True,12,40629,845,3,5296
1.419485791610284,404346,3,2693,739,high_quality_architectural/12617,True,775211,6,316702,True,10,41954,1049,4,9516
0.551660516605166,1456836,11,14424,2168,high_quality_architectural/12620,True,2592928,13,917006,True,34,167281,1196,11,37381
0.40332640332640335,752774,9,12960,1924,high_quality_architectural/12628,True,1493024,10,621799,True,21,87283,776,9,18208
1.3103448275862069,1346251,12,19457,1537,high_quality_architectural/12632,True,3095518,12,1512380,True,24,177573,2014,11,39857
1.3787709497206704,255662,10,10625,895,high_quality_architectural/12635,True,1104430,8,728176,True,17,82036,1234,5,27931
1.380952380952381,78581,6,5162,630,high_quality_architectural/12638,True,548100,7,400706,True,10,50355,870,3,13296
1.4982456140350877,442614,7,6668,855,high_quality_architectural/12639,True,1095255,6,558222,True,15,67001,1281,4,20750
1.4529616724738676,415914,7,6689,861,high_quality_architectural/12642,True,1077111,6,568678,True,12,62296,1251,4,23534
1.4585698070374575,460258,7,7156,881,high_quality_architectural/12643,True,1132085,6,574035,True,12,68526,1285,4,22110
1.4071082390953151,64623,6,4661,619,high_quality_architectural/12644,True,539149,7,409816,True,11,46081,871,3,13968
1.5146067415730338,483906,6,7816,890,high_quality_architectural/12652,True,1199720,7,570062,True,22,122312,1348,8,15624
0.6669019054340155,304461,9,12526,1417,high_quality_architectural/12654,True,1339065,11,834328,True,29,144275,945,12,43475
1.9105145413870246,2497013,11,11835,1341,high_quality_architectural/12661,True,3435642,11,779327,True,29,127903,2562,4,19564
1.2515549412577747,1625885,10,20580,1447,high_quality_architectural/12665,True,2620517,10,826100,True,25,126985,1811,3,20967
0.7613861386138614,307763,4,9268,1010,high_quality_architectural/12672,True,776690,5,370347,True,19,78146,769,1,11166
0.670299727520436,147339,6,8680,1101,high_quality_architectural/12675,True,812538,6,529061,True,15,106810,738,4,20648
1.3068181818181819,305061,4,7721,704,high_quality_architectural/12676,True,647680,4,249561,True,11,72567,920,2,12770
0.9868766404199475,177258,3,2642,762,high_quality_architectural/12677,True,573024,5,335572,True,7,47712,752,4,9840
1.4810035842293907,2208918,7,8428,1395,high_quality_architectural/12684,True,2882070,6,557097,True,21,90527,2066,3,17100
0.40543115769414007,881487,12,12471,2099,high_quality_architectural/12688,True,1786249,12,762380,True,33,109507,851,4,20404
1.246923707957342,1272041,6,7676,1219,high_quality_architectural/12689,True,1852880,7,476745,True,18,81222,1520,6,15196
0.8429680759275238,287992,12,12484,1159,high_quality_architectural/12696,True,1132343,14,695056,True,27,111978,977,5,24833
1.4769520225776105,998153,5,9185,1063,high_quality_architectural/12698,True,1668910,7,527061,True,17,110869,1570,3,23642
2.4719101123595504,241700,5,5970,623,high_quality_architectural/12699,True,959420,6,529611,True,33,161463,1540,2,20676
1.0422907488986783,596787,5,11037,1135,high_quality_architectural/12700,True,1342705,6,571190,True,19,137994,1183,3,25697
2.8651778329197684,1474304,24,37037,1209,high_quality_architectural/12701,True,4187976,25,2304145,True,48,307681,3464,27,64809
0.8488,632710,4,7380,1250,high_quality_architectural/12707,True,1326250,6,578730,True,17,94035,1061,6,13395
1.0382838283828384,1432598,6,9189,1515,high_quality_architectural/12708,True,2383095,7,804963,True,20,117789,1573,9,18556
0.8234165067178503,388692,4,6037,1042,high_quality_architectural/12710,True,894036,5,418120,True,13,71850,858,3,9337
0.8737511353315168,445999,5,5530,1101,high_quality_architectural/12711,True,1059162,6,526511,True,17,72812,962,3,8310
0.590778097982709,386462,8,11119,1388,high_quality_architectural/12712,True,1138160,7,628635,True,14,96808,820,7,15136
2.3964125560538116,7616679,31,41744,2230,high_quality_architectural/12716,True,11917120,31,3779009,True,108,363566,5344,25,116122
1.190075693860387,772298,9,11412,1189,high_quality_architectural/12725,True,1682435,10,748103,True,27,119060,1415,5,31562
0.8809855880985588,2311373,17,29850,2151,high_quality_architectural/12727,True,4076145,18,1516910,True,36,183144,1895,10,34868
1.2475512021371327,954634,5,4455,1123,high_quality_architectural/12732,True,1573323,10,489292,True,25,93155,1401,4,31787
0.8834886817576565,1427929,8,9144,1502,high_quality_architectural/12734,True,1993154,8,476350,True,14,63142,1327,5,16589
0.7786774628879892,647050,13,20474,1482,high_quality_architectural/12735,True,1710228,11,904980,True,21,116382,1154,10,21342
1.0283167278447825,1565926,9,16846,1907,high_quality_architectural/12743,True,3739627,13,1815565,True,51,294585,1961,8,46705
1.864994026284349,601749,8,8525,837,high_quality_architectural/12745,True,1306557,9,578297,True,22,97764,1561,5,20222
1.8918269230769231,601301,6,5750,832,high_quality_architectural/12747,True,1309568,6,598009,True,27,88437,1574,4,16071
2.0166204986149583,1880146,7,6217,1083,high_quality_architectural/12748,True,2365272,7,389464,True,28,72460,2184,7,16985
0.8313908313908314,678178,7,8445,1287,high_quality_architectural/12750,True,1377090,7,580945,True,26,96009,1070,3,13513
1.8733691481197237,1431249,19,33288,1303,high_quality_architectural/12751,True,3180623,20,1410618,True,43,259760,2441,13,45708
0.8173441734417344,1600839,12,17076,1845,high_quality_architectural/12756,True,2782260,13,974613,True,26,158512,1508,5,31220
1.0155586987270155,168379,4,5880,707,high_quality_architectural/12757,True,507626,6,278838,True,16,49400,718,2,5129
0.44123192960402263,576900,7,9283,1591,high_quality_architectural/12770,True,1116882,8,422248,True,25,89928,702,5,18523
1.1453344343517753,902771,11,17097,1211,high_quality_architectural/12777,True,1679657,9,626524,True,23,101759,1387,13,31506
1.4146772767462423,5567863,14,33158,2262,high_quality_architectural/12780,True,7238400,14,1405862,True,38,158188,3200,21,73329
0.6716312056737589,408045,9,11086,1410,high_quality_architectural/12781,True,1335270,13,799375,True,20,91588,947,4,25176
0.9785604900459418,855628,7,7854,1306,high_quality_architectural/12782,True,1669068,8,676223,True,34,110130,1278,5,19233
1.0683994528043776,964661,15,15326,1462,high_quality_architectural/12783,True,2283644,16,1087983,True,38,187318,1562,13,28356
1.351328903654485,1346785,6,10499,1204,high_quality_architectural/12786,True,1958908,7,488588,True,17,98891,1627,3,14145
0.7032490974729242,435061,9,10364,1385,high_quality_architectural/12789,True,1348990,12,792218,True,19,87875,974,9,23472
0.5650118203309693,451390,9,11425,1269,high_quality_architectural/12794,True,909873,11,354681,True,18,75920,717,4,16457
0.74,927477,13,9224,1500,high_quality_architectural/12795,True,1665000,13,543659,True,34,151453,1110,4,33187
2.0185497470489038,1320010,13,14974,1186,high_quality_architectural/12796,True,2839284,19,1301954,True,38,162568,2394,15,39778
1.4027196652719665,582138,7,6938,956,high_quality_architectural/12799,True,1281996,8,498649,True,33,150086,1341,12,44185
0.5896774193548387,568151,12,13219,1550,high_quality_architectural/12800,True,1416700,12,721353,True,24,95427,914,7,18550
0.5354505169867061,353540,6,9454,1354,high_quality_architectural/12804,True,981650,9,496206,True,25,106329,725,3,16121
1.938555030384875,1910701,20,42066,1481,high_quality_architectural/12813,True,4251951,18,1938798,True,38,280899,2871,29,79487
1.9763593380614657,455827,8,12091,846,high_quality_architectural/12815,True,1414512,10,774566,True,30,147344,1672,8,24684
1.4963655244029075,608675,7,7913,963,high_quality_architectural/12819,True,1387683,8,621543,True,29,127374,1441,6,22178
0.958968347010551,157458,4,4694,853,high_quality_architectural/12821,True,697754,5,460210,True,11,61432,818,2,13960
1.0252613240418118,468565,10,14109,1148,high_quality_architectural/12823,True,1351196,11,721020,True,25,115839,1177,10,31663
1.11509900990099,1505537,15,25371,1616,high_quality_architectural/12828,True,2912032,15,1112964,True,36,217390,1802,11,50770
1.8234186746987953,9994253,18,31709,2656,high_quality_architectural/12834,True,12863008,20,2269159,True,49,475520,4843,17,92367
0.7070707070707071,242766,6,9138,1089,high_quality_architectural/12841,True,838530,9,490613,True,19,81574,770,4,14439
1.4523396880415944,1341107,8,8984,1154,high_quality_architectural/12844,True,1934104,8,497191,True,14,75542,1676,7,11280
0.9272175890826384,1173561,3,8407,1319,high_quality_architectural/12845,True,1613137,5,345019,True,11,72498,1223,2,13652
0.6273291925465838,295365,2,2425,966,high_quality_architectural/12851,True,585396,4,228821,True,6,51633,606,2,7152
0.8093264248704664,262624,5,9476,965,high_quality_architectural/12852,True,753665,6,386986,True,14,79357,781,3,15222
0.9142665773610181,1436371,6,11725,1493,high_quality_architectural/12859,True,2037945,6,480365,True,18,96972,1365,2,12512
1.3263646922183507,394440,6,8520,861,high_quality_architectural/12860,True,983262,6,492226,True,9,63262,1142,3,24814
1.5247724974721941,757705,7,9120,989,high_quality_architectural/12864,True,1491412,7,576836,True,28,126231,1508,6,21520
0.8231511254019293,1059625,8,8841,1555,high_quality_architectural/12865,True,1990400,8,779999,True,19,114731,1280,5,27204
1.5587905935050392,280028,10,20327,893,high_quality_architectural/12867,True,1243056,9,754371,True,25,160925,1392,6,27405
1.8275488069414316,659760,5,4979,922,high_quality_architectural/12868,True,1553570,6,692789,True,27,167306,1685,4,28736
2.0872,2113538,10,11807,1250,high_quality_architectural/12869,True,3261250,12,954645,True,47,140709,2609,19,40551
0.8421807747489239,1875078,17,30691,2091,high_quality_architectural/12875,True,3682251,15,1540995,True,37,199016,1761,10,36471
1.1377303588748788,386721,6,7047,1031,high_quality_architectural/12878,True,1209363,7,679040,True,26,99760,1173,8,36795
0.634858812074002,206314,5,5670,1027,high_quality_architectural/12879,True,669604,5,394861,True,11,54311,652,4,8448
0.7144646211646838,1003833,7,7881,1597,high_quality_architectural/12880,True,1822177,9,670595,True,23,111820,1141,10,28048
1.295093795093795,1128977,16,22350,1386,high_quality_architectural/12883,True,2487870,17,1138901,True,31,160664,1795,10,36978
0.8751369112814896,308299,9,7384,913,high_quality_architectural/12884,True,729487,10,345946,True,25,59233,799,3,8625
0.9961051606621227,420128,5,7639,1027,high_quality_architectural/12886,True,1050621,7,491272,True,27,105150,1023,3,26432
1.5943719972546329,1733020,13,23305,1457,high_quality_architectural/12888,True,3384611,16,1372711,True,23,193001,2323,14,62574
1.2719227674979887,843848,11,13044,1243,high_quality_architectural/12889,True,1965183,12,971301,True,17,111659,1581,11,25331
1.1955969517358171,884646,9,13109,1181,high_quality_architectural/12890,True,1667572,9,617979,True,27,123207,1412,7,28631
0.6431478968792401,1469259,13,44940,2211,high_quality_architectural/12891,True,3144042,11,1196767,True,58,364042,1422,12,69034
0.8769574944071589,691453,10,9557,1341,high_quality_architectural/12903,True,1577016,11,756306,True,21,102770,1176,5,16930
1.6379781420765027,321870,7,9419,732,high_quality_architectural/12906,True,877668,5,432847,True,25,91314,1199,3,22218
1.8605803255484785,1913052,16,27400,1413,high_quality_architectural/12912,True,3714777,19,1478016,True,57,241692,2629,14,54617
0.8677884615384616,193963,4,3387,832,high_quality_architectural/12913,True,600704,4,298319,True,16,86734,722,2,18301
0.9537037037037037,2008372,7,8885,1728,high_quality_architectural/12914,True,2847744,8,668558,True,37,132554,1648,5,29375
0.7075226977950714,1055636,10,12200,1542,high_quality_architectural/12918,True,1682322,9,513451,True,18,88692,1091,3,12343
0.8743047830923248,1388922,14,18611,1798,high_quality_architectural/12922,True,2826456,16,1215998,True,34,171212,1572,8,31713
1.0091145833333333,1373707,9,9284,1536,high_quality_architectural/12930,True,2380800,11,819754,True,32,152436,1550,9,25619
2.0736572890025577,5327171,22,43795,1955,high_quality_architectural/12931,True,7925570,20,2241059,True,67,243460,4054,33,70085
0.7068376068376069,587719,4,4732,1170,high_quality_architectural/12939,True,967590,9,314965,True,19,52849,827,2,7325
0.5650929899856938,389895,10,12892,1398,high_quality_architectural/12941,True,1104420,8,583226,True,19,100039,790,7,18368
1.1510204081632653,1132845,3,9282,1225,high_quality_architectural/12943,True,1727250,6,472449,True,14,86670,1410,5,26004
1.2607022607022607,3569896,26,28987,2079,high_quality_architectural/12947,True,5449059,25,1515023,True,62,304935,2621,14,30218
1.4138381201044385,1716232,12,18017,1532,high_quality_architectural/12949,True,3318312,12,1359989,True,31,175081,2166,11,48993
1.4548104956268222,817835,6,7005,1029,high_quality_architectural/12950,True,1540413,6,590496,True,19,108303,1497,3,16774
0.5600756859035004,1083698,12,20883,2114,high_quality_architectural/12951,True,2502976,14,1207782,True,28,152827,1184,12,37786
0.6196414653156664,468314,6,9174,1283,high_quality_architectural/12956,True,1019985,6,423152,True,19,99446,795,5,19899
0.5402627070245574,715370,10,15142,1751,high_quality_architectural/12964,True,1656446,11,783987,True,22,115067,946,6,26880
0.6466124661246613,1013531,11,16372,1845,high_quality_architectural/12965,True,2201085,12,1004018,True,23,131356,1193,10,35808
1.7219003476245656,645317,7,7440,863,high_quality_architectural/12966,True,1282418,6,538113,True,16,77612,1486,3,13936
0.7070576861102159,5894891,9,12770,3103,high_quality_architectural/12967,True,6807982,9,745687,True,24,131167,2194,4,23467
1.5145137880986939,1448490,13,18441,1378,high_quality_architectural/12968,True,2875886,15,1207717,True,28,159106,2087,10,42132
1.3100848256361923,1058036,4,6817,1061,high_quality_architectural/12969,True,1474790,4,313288,True,17,88497,1390,2,8152
1.4781468531468531,705480,13,16802,1144,high_quality_architectural/12975,True,1934504,13,1011905,True,27,149665,1691,17,50652
1.5634743875278396,570701,7,6474,898,high_quality_architectural/12978,True,1260792,6,582634,True,18,82302,1404,5,18681
0.7077338129496403,6803084,11,11626,3336,high_quality_architectural/12979,True,7876296,10,918966,True,21,122164,2361,5,20456
1.278941129988147,5631203,17,52092,2531,high_quality_architectural/12984,True,8192847,23,2086178,True,48,333422,3237,18,89952
0.6606189967982924,1515439,7,11976,1874,high_quality_architectural/13003,True,2320012,6,670164,True,11,92155,1238,7,30278
1.4563492063492063,661227,7,8193,1008,high_quality_architectural/13007,True,1479744,7,696032,True,21,93507,1468,5,20785
1.0751879699248121,991325,6,9330,1330,high_quality_architectural/13009,True,1901900,10,735937,True,29,136400,1430,9,28908
1.899581589958159,365910,6,5220,717,high_quality_architectural/13010,True,976554,5,498866,True,13,90454,1362,5,16104
0.8521303258145363,1209160,10,14102,1596,high_quality_architectural/13011,True,2170560,12,816451,True,27,111230,1360,6,19617
1.4039483675018982,1009262,10,17179,1317,high_quality_architectural/13012,True,2435133,12,1212861,True,19,153131,1849,16,42700
1.0704626334519574,1203940,6,9121,1405,high_quality_architectural/13016,True,2113120,8,745956,True,21,127788,1504,8,26315
0.9534467323187108,553359,6,6157,1117,high_quality_architectural/13018,True,1189605,6,510853,True,24,95687,1065,5,23549
0.4764002517306482,479300,13,11887,1589,high_quality_architectural/13020,True,1202873,12,594910,True,24,101414,757,5,15362
0.7983275946876537,1758404,10,19900,2033,high_quality_architectural/13021,True,3299559,13,1207461,True,45,189813,1623,16,123981
1.4559819413092552,512585,8,8568,886,high_quality_architectural/13028,True,1142940,8,515929,True,20,86307,1290,7,19551
1.0985247629083246,2786481,11,20046,1898,high_quality_architectural/13039,True,3957330,14,916956,True,40,196416,2085,9,37431
0.975,416687,6,8420,1080,high_quality_architectural/13040,True,1137240,7,603657,True,13,92030,1053,6,16446
2.264724509183027,45758665,46,160576,6316,high_quality_architectural/13044,True,90344064,33,43319163,True,58,1093360,14304,2,12300
0.6192602040816326,209587,17,21641,1568,high_quality_architectural/13047,True,1522528,16,982015,True,65,282366,971,4,26919
1.2044836956521738,914674,15,25250,1472,high_quality_architectural/13048,True,2609856,16,1430288,True,40,187911,1773,20,51733
1.0601941747572816,605990,6,6421,1030,high_quality_architectural/13052,True,1124760,5,432279,True,16,68358,1092,3,11712
0.7132673267326732,3303771,10,18556,2525,high_quality_architectural/13053,True,4547525,9,1019507,True,21,153821,1801,12,51870
1.3842549203373946,612296,9,11143,1067,high_quality_architectural/13054,True,1575959,8,829876,True,18,95378,1477,4,27266
0.7254428341384863,510120,11,12838,1242,high_quality_architectural/13066,True,1119042,12,497645,True,27,78587,901,4,19852
2.295993458708095,1343144,19,33712,1223,high_quality_architectural/13069,True,3434184,18,1739148,True,43,239376,2808,18,78804
1.588108108108108,459110,8,10940,925,high_quality_architectural/13070,True,1358825,10,692792,True,29,138139,1469,11,57844
0.809801633605601,1747060,5,7063,1714,high_quality_architectural/13071,True,2379032,7,522978,True,14,84255,1388,8,17676
1.3777089783281733,275038,8,11347,969,high_quality_architectural/13072,True,1293615,8,818492,True,29,149588,1335,7,39150
1.1797133406835723,332772,5,9663,907,high_quality_architectural/13073,True,970490,6,492129,True,17,106449,1070,5,29477
1.3769100169779287,1067348,9,10788,1178,high_quality_architectural/13074,True,1910716,8,686291,True,21,113346,1622,9,32943
0.48388829215896884,727808,7,10701,1862,high_quality_architectural/13075,True,1677662,9,768054,True,21,141738,901,8,29361
1.451834862385321,810633,17,33537,1308,high_quality_architectural/13078,True,2483892,17,1411998,True,30,174391,1899,14,53333
1.644808743169399,186551,5,7814,549,high_quality_architectural/13083,True,495747,4,244667,True,11,45837,903,1,10878
0.6586826347305389,277781,9,11933,1336,high_quality_architectural/13086,True,1175680,11,768073,True,18,94990,880,6,22903
0.7074527252502781,1562068,5,6493,1798,high_quality_architectural/13100,True,2287056,7,601008,True,21,89979,1272,5,27508
1.7064439140811456,2539254,16,40553,1676,high_quality_architectural/13103,True,4793360,14,1903562,True,31,248250,2860,13,61741
0.8506876227897839,1960868,14,22400,2036,high_quality_architectural/13105,True,3526352,15,1320579,True,38,170430,1732,17,52075
0.6079881656804734,1165746,9,15781,2028,high_quality_architectural/13110,True,2500524,14,1097910,True,29,191491,1233,6,29596
0.9023136246786633,210292,3,4185,778,high_quality_architectural/13113,True,546156,4,269539,True,13,53716,702,2,8424
1.6225234619395204,814107,7,7281,959,high_quality_architectural/13118,True,1492204,5,578612,True,13,76120,1556,3,16084
1.0389610389610389,459551,4,6322,924,high_quality_architectural/13120,True,887040,7,350572,True,16,62406,960,3,8189
1.9038701622971286,2504406,17,26294,1602,high_quality_architectural/13123,True,4886100,19,2028753,True,37,244240,3050,38,82407
1.4133709981167608,940927,7,6418,1062,high_quality_architectural/13126,True,1594062,7,552600,True,22,78657,1501,3,15460
1.4141488577745025,1591564,10,10732,1357,high_quality_architectural/13129,True,2604083,9,849775,True,22,125319,1919,7,26693
1.251948051948052,2041966,8,12127,1540,high_quality_architectural/13133,True,2969120,9,738979,True,25,123435,1928,12,52613
2.0268562401263823,1179631,20,37582,1266,high_quality_architectural/13135,True,3248556,16,1627856,True,49,319297,2566,16,84190
1.425144747725393,657837,12,19058,1209,high_quality_architectural/13136,True,2083107,12,1201491,True,26,150070,1723,19,54651
2.5428305400372437,840540,20,35504,1074,high_quality_architectural/13142,True,2933094,21,1760622,True,46,267240,2731,10,29188
1.4417965169569202,792552,3,5176,1091,high_quality_architectural/13146,True,1716143,8,731595,True,34,154204,1573,10,32616
1.4315684315684316,678149,13,11494,1001,high_quality_architectural/13148,True,1434433,11,563017,True,38,153333,1433,4,28440
0.6691018478727976,2096272,12,14945,2327,high_quality_architectural/13153,True,3623139,14,1270244,True,35,188283,1557,8,53395
2.095805282237183,5040152,25,55745,1931,high_quality_architectural/13157,True,7814757,23,2211849,True,85,407414,4047,43,99597
1.4247467438494934,1140717,11,20334,1382,high_quality_architectural/13160,True,2721158,11,1315935,True,29,174741,1969,25,69431
0.8747152619589977,200019,5,8790,878,high_quality_architectural/13161,True,674304,5,361387,True,18,92678,768,3,11430
0.7071729957805907,7863581,10,14974,3555,high_quality_architectural/13162,True,8937270,10,911336,True,18,118222,2514,7,29157
0.7136422136422137,720115,6,8839,1554,high_quality_architectural/13163,True,1723386,7,864295,True,23,108458,1109,4,21679
0.5364372469635628,143894,4,11706,988,high_quality_architectural/13167,True,523640,4,286608,True,14,74484,530,1,6948
0.7698275862068965,580668,5,9015,1160,high_quality_architectural/13168,True,1035880,6,349228,True,21,92289,893,2,4680
1.8121951219512196,537718,4,4839,820,high_quality_architectural/13169,True,1218520,5,512651,True,21,134042,1486,6,29270
0.6212903225806452,537692,10,10055,1550,high_quality_architectural/13171,True,1492650,10,809190,True,23,117542,963,4,18171
1.9212889593238247,3992697,22,49483,1893,high_quality_architectural/13177,True,6884841,21,2346757,True,46,353072,3637,24,142832
0.8662470495672698,540093,8,10505,1271,high_quality_architectural/13179,True,1399371,9,709995,True,19,113844,1101,5,24934
1.4598747865680137,2405270,19,33374,1757,high_quality_architectural/13180,True,4506705,18,1722303,True,58,280141,2565,16,65617
0.983134223471539,1042293,11,15712,1423,high_quality_architectural/13185,True,1990777,13,778648,True,26,120593,1399,10,33531
1.583240223463687,448712,8,8965,895,high_quality_architectural/13186,True,1268215,6,714849,True,13,79985,1417,4,15704
1.4539231174302265,3235999,21,40946,1899,high_quality_architectural/13193,True,5243139,20,1497159,True,46,373399,2761,20,95636
1.3089430894308942,1079736,10,10904,1353,high_quality_architectural/13194,True,2396163,10,1113305,True,37,151360,1771,12,40858
0.6666666666666666,140094,3,6740,777,high_quality_architectural/13197,True,402486,5,201775,True,8,47077,518,1,6800
1.6170212765957446,533950,5,6119,846,high_quality_architectural/13202,True,1157328,5,522866,True,14,77341,1368,3,17052
1.6168122270742358,649933,4,7091,916,high_quality_architectural/13204,True,1356596,5,530627,True,15,130173,1481,7,38772
0.8755539143279173,4233019,15,34213,2708,high_quality_architectural/13205,True,6420668,17,1809169,True,36,269943,2371,14,74324
0.5117014547754586,549899,9,11499,1581,high_quality_architectural/13206,True,1279029,10,598840,True,19,102159,809,5,16632
2.067135050741608,2014718,12,12635,1281,high_quality_architectural/13210,True,3392088,16,1106464,True,54,225772,2648,13,32499
1.404051172707889,360029,7,8934,938,high_quality_architectural/13216,True,1235346,9,740504,True,20,100332,1317,8,25547
0.45667752442996745,700170,4,4034,1535,high_quality_architectural/13220,True,1076035,4,309483,True,19,57219,701,2,5129
0.5255761663856099,974459,8,11137,1779,high_quality_architectural/13222,True,1663365,10,563748,True,18,92784,935,7,21237
1.1332105586249233,1281615,13,24142,1629,high_quality_architectural/13225,True,3007134,15,1455961,True,31,191988,1846,18,53428
1.6028921023359288,467654,9,11957,899,high_quality_architectural/13230,True,1295459,8,698651,True,24,100121,1441,4,17076
1.6144834930777423,387784,5,5694,939,high_quality_architectural/13234,True,1423524,7,858162,True,20,108766,1516,10,63118
1.5110266159695818,999831,14,17443,1315,high_quality_architectural/13235,True,2612905,15,1360022,True,40,178755,1987,21,56854
0.745625,967882,7,9826,1600,high_quality_architectural/13238,True,1908800,8,752553,True,19,155824,1193,8,22715
1.6440281030444965,1580590,9,11955,1281,high_quality_architectural/13239,True,2697786,10,935429,True,19,137421,2106,9,32391
1.131027253668763,2496805,16,31171,1908,high_quality_architectural/13242,True,4117464,16,1332858,True,39,215184,2158,12,41446
1.1130742049469964,390258,4,4148,849,high_quality_architectural/13249,True,802305,6,331858,True,17,63056,945,3,12985
0.7957295373665481,836286,8,10184,1405,high_quality_architectural/13250,True,1570790,10,601983,True,22,99180,1118,6,23157
1.1926345609065157,602880,6,10479,1059,high_quality_architectural/13251,True,1337517,9,609777,True,16,92136,1263,4,22245
1.2429193899782136,341717,5,10325,918,high_quality_architectural/13257,True,1047438,6,525559,True,20,125712,1141,5,44125
2.0865800865800868,5785757,27,50155,2079,high_quality_architectural/13266,True,9018702,20,2762268,True,48,347642,4338,24,72880
1.2011363636363637,2435317,13,17522,1760,high_quality_architectural/13274,True,3720640,14,1091395,True,29,138522,2114,8,37884
0.9233954451345756,1191481,8,9418,1449,high_quality_architectural/13277,True,1938762,8,617296,True,23,104141,1338,3,16426
0.5813758389261745,332140,4,5250,1192,high_quality_architectural/13279,True,826056,6,400789,True,22,75557,693,2,12320
1.9312457454050374,2100530,15,18447,1469,high_quality_architectural/13283,True,4167553,17,1726715,True,39,278331,2837,14,43530
0.8376068376068376,716521,6,10302,1287,high_quality_architectural/13284,True,1387386,7,542006,True,20,99417,1078,3,19140
0.9312210200927357,932422,5,6153,1294,high_quality_architectural/13285,True,1559270,6,498077,True,14,92074,1205,9,30544
0.6260102865540044,412009,9,9857,1361,high_quality_architectural/13287,True,1159572,11,632981,True,18,87823,852,5,16902
0.6992896606156275,595142,6,8963,1267,high_quality_architectural/13292,True,1122562,6,413952,True,16,90921,886,4,13584
1.3345588235294117,645968,9,7960,1088,high_quality_architectural/13299,True,1579776,10,777201,True,29,124340,1452,6,24307
0.543436905516804,525344,4,7978,1577,high_quality_architectural/13300,True,1351489,6,642071,True,21,141512,857,6,34584
0.3620807665982204,293701,6,5950,1461,high_quality_architectural/13301,True,772869,6,386446,True,27,78510,529,3,8262
0.5622620989668298,1103866,6,10932,1839,high_quality_architectural/13302,True,1901526,8,656391,True,14,100327,1034,7,30010
0.8281145902731513,570091,6,18952,1501,high_quality_architectural/13303,True,1865743,6,1036535,True,22,153782,1243,7,86383
0.8965183752417795,310357,5,4481,1034,high_quality_architectural/13305,True,958518,6,528976,True,15,92864,927,6,21840
0.8475559237779619,716574,7,8144,1207,high_quality_architectural/13306,True,1234761,7,410546,True,19,92766,1023,4,6731
1.1317885590152064,713796,16,16257,1381,high_quality_architectural/13309,True,2158503,16,1205504,True,34,184575,1563,12,38371
1.9598540145985401,461483,8,8462,822,high_quality_architectural/13311,True,1324242,7,723395,True,21,110943,1611,4,19959
0.7096171802054155,436516,4,5141,1071,high_quality_architectural/13312,True,813960,6,306945,True,18,56774,760,2,8584
0.6275939427930455,1200615,10,14708,1783,high_quality_architectural/13313,True,1995177,11,654183,True,23,107119,1119,5,18552
0.926984126984127,323821,5,9730,945,high_quality_architectural/13315,True,827820,8,398370,True,15,75643,876,3,20256
1.4144827586206896,10034578,17,25977,2900,high_quality_architectural/13316,True,11895800,17,1571708,True,37,198722,4102,19,64815
0.8839779005524862,245297,7,8142,905,high_quality_architectural/13319,True,724000,6,401279,True,32,61696,800,3,7586
2.9372294372294374,1397410,12,14494,924,high_quality_architectural/13326,True,2507736,11,881532,True,33,194684,2714,4,19616
1.3643410852713178,247109,6,8305,774,high_quality_architectural/13328,True,817344,5,472226,True,12,71480,1056,6,18224
1.8655804480651732,1013665,6,10535,982,high_quality_architectural/13329,True,1799024,6,651317,True,24,100382,1832,5,23125
0.5968514715947981,556760,11,12294,1461,high_quality_architectural/13332,True,1273992,10,584237,True,19,98117,872,4,22584
1.5,866361,14,20870,1288,high_quality_architectural/13334,True,2488416,12,1406606,True,20,158999,1932,11,35580
1.0693693693693693,244123,7,10479,1110,high_quality_architectural/13337,True,1317570,8,833142,True,27,212834,1187,3,16992
1.6316397228637414,444742,8,6659,866,high_quality_architectural/13342,True,1223658,8,670639,True,19,83372,1413,5,18246
1.8855564325177585,1659299,10,14417,1267,high_quality_architectural/13343,True,3026863,14,1148724,True,24,173517,2389,7,30906
1.6280487804878048,2756663,15,19668,1640,high_quality_architectural/13345,True,4378800,21,1328474,True,46,226015,2670,20,47980
1.0153538050734312,968828,13,19023,1498,high_quality_architectural/13348,True,2278458,15,1098306,True,26,161658,1521,5,30643
1.301991150442478,391083,6,6290,904,high_quality_architectural/13349,True,1064008,5,579593,True,12,70728,1177,3,16314
1.4603053435114504,1254957,10,12526,1310,high_quality_architectural/13350,True,2506030,11,1081101,True,25,125732,1913,11,31714
0.4754224270353303,284214,6,8839,1302,high_quality_architectural/13354,True,805938,8,416977,True,14,85618,619,4,10290
1.4394329896907216,250488,5,10403,776,high_quality_architectural/13357,True,866792,5,478507,True,20,100890,1117,3,26504
0.4731823599523242,1855734,10,19664,2517,high_quality_architectural/13360,True,2997747,11,929637,True,28,165977,1191,4,26735
2.096632503660322,6666552,20,44270,2049,high_quality_architectural/13361,True,8802504,18,1737181,True,70,293726,4296,18,60775
0.8235294117647058,719500,5,6271,1156,high_quality_architectural/13362,True,1100512,5,302544,True,11,65057,952,2,7140
0.6827253957329663,760570,7,10234,1453,high_quality_architectural/13368,True,1441376,9,571193,True,20,76566,992,5,22813
0.5725646123260437,609274,9,10927,1509,high_quality_architectural/13369,True,1303776,9,570559,True,28,91533,864,4,21483
1.5354077253218885,409463,7,9642,932,high_quality_architectural/13370,True,1333692,6,775818,True,26,121061,1431,5,17708
1.446776611694153,89827,6,9647,667,high_quality_architectural/13373,True,643655,6,462527,True,15,68316,965,4,13338
1.612868047982552,476851,8,13198,917,high_quality_architectural/13382,True,1356243,6,748198,True,14,92108,1479,4,25888
4.181357649442756,1040274,6,50417,987,high_quality_architectural/13385,True,4073349,3,2818816,True,8,163842,4127,0,0
3.34468085106383,2279530,6,39183,1175,high_quality_architectural/13386,True,4617750,3,2153274,True,10,145763,3930,0,0
0.7511737089201878,246610,8,6841,1065,high_quality_architectural/13388,True,852000,8,492904,True,28,87360,800,2,18285
1.6538011695906434,565815,7,6351,855,high_quality_architectural/13390,True,1208970,6,525931,True,18,100121,1414,3,10752
0.6237850200114351,744517,15,21113,1749,high_quality_architectural/13391,True,1908159,17,961880,True,32,150966,1091,9,29683
1.2263436790310371,1099485,11,19637,1321,high_quality_architectural/13395,True,2140020,10,828779,True,24,136776,1620,16,55343
1.413619744058501,4724261,22,49696,2188,high_quality_architectural/13398,True,6767484,18,1560497,True,87,326867,3093,20,106163
0.6956181533646323,477622,4,4702,1278,high_quality_architectural/13402,True,1136142,5,559268,True,15,79981,889,3,14569
1.401561144839549,665720,8,8892,1153,high_quality_architectural/13404,True,1863248,8,997546,True,23,144967,1616,5,46123
1.3218390804597702,462319,9,14791,1044,high_quality_architectural/13408,True,1440720,11,809982,True,20,117699,1380,8,35929
1.3634020618556701,199836,4,5773,776,high_quality_architectural/13409,True,821008,5,508774,True,14,87457,1058,5,19168
1.4110479285134037,1060771,10,10595,1231,high_quality_architectural/13416,True,2138247,10,885855,True,40,143786,1737,6,37240
1.951819075712881,916572,12,24315,1017,high_quality_architectural/13419,True,2018745,11,879506,True,29,153806,1985,13,44546
0.7972103004291845,310383,3,3490,932,high_quality_architectural/13422,True,692476,5,326393,True,13,44320,743,4,7890
1.5158102766798418,594772,9,12528,1012,high_quality_architectural/13429,True,1552408,8,792301,True,17,125975,1534,4,26832
0.9333333333333333,1637177,19,20431,1890,high_quality_architectural/13434,True,3333960,19,1464443,True,42,181077,1764,13,30832
0.5983690112130479,264283,2,4797,981,high_quality_architectural/13436,True,575847,5,241868,True,7,56904,587,2,7995
1.501002004008016,497350,5,7002,998,high_quality_architectural/13450,True,1495004,6,821182,True,15,109448,1498,17,60022
1.3237885462555066,1057471,11,18464,1362,high_quality_architectural/13451,True,2455686,13,1172100,True,26,157355,1803,13,50296
0.556592039800995,479184,8,14799,1608,high_quality_architectural/13456,True,1439160,10,797285,True,19,127734,895,4,20158
0.5924232527759634,554030,9,14256,1531,high_quality_architectural/13460,True,1388617,10,677327,True,30,106536,907,11,36468
1.5445232466509062,1252656,13,19348,1269,high_quality_architectural/13464,True,2487240,13,1006546,True,28,151588,1960,18,57102
1.0,948018,7,13231,1416,high_quality_architectural/13466,True,2005056,8,848536,True,20,143118,1416,10,52153
0.4168466522678186,1366208,9,11631,2315,high_quality_architectural/13469,True,2233975,12,710665,True,20,117974,965,5,27497
0.7361845266698702,1976879,13,18693,2081,high_quality_architectural/13470,True,3188092,14,994912,True,24,152523,1532,13,45085
1.557301293900185,502139,13,14540,1082,high_quality_architectural/13473,True,1823170,13,1125568,True,29,136576,1685,13,44347
1.1914486279514998,1913765,12,15266,1567,high_quality_architectural/13476,True,2925589,14,834214,True,35,139120,1867,13,23224
1.2165861513687601,799751,14,19422,1242,high_quality_architectural/13478,True,1876662,12,861065,True,26,155719,1511,17,40705
1.4141208418194162,1648547,13,18296,1473,high_quality_architectural/13482,True,3068259,13,1217748,True,36,141515,2083,12,42153
0.9001782531194296,484651,7,12555,1122,high_quality_architectural/13483,True,1133220,7,521990,True,17,93624,1010,5,20400
2.148826979472141,1738253,23,35752,1364,high_quality_architectural/13487,True,3997884,21,1848227,True,52,318027,2931,13,57625
2.1813880126182967,1706831,19,16742,1268,high_quality_architectural/13488,True,3507288,17,1458436,True,57,255589,2766,22,69690
1.545,807150,7,8505,1000,high_quality_architectural/13491,True,1545000,6,597687,True,20,108361,1545,7,23297
0.6346586646661665,481647,5,11428,1333,high_quality_architectural/13516,True,1127718,6,525242,True,16,94521,846,4,14880
0.8347296268088348,625425,6,9316,1313,high_quality_architectural/13519,True,1439048,8,665751,True,25,113944,1096,7,24612
1.5390898483080513,510748,5,9347,857,high_quality_architectural/13525,True,1130383,9,496203,True,18,100833,1319,3,13252
0.8114754098360656,1383112,14,23428,1952,high_quality_architectural/13526,True,3091968,15,1427858,True,25,178419,1584,14,79151
1.1437670609645132,726432,7,9479,1099,high_quality_architectural/13527,True,1381443,6,544038,True,16,82053,1257,5,19441
0.7402496099843994,318249,6,11126,1282,high_quality_architectural/13528,True,1216618,8,734866,True,24,121666,949,4,30711
0.6094961240310077,292308,3,7938,1032,high_quality_architectural/13530,True,649128,5,261383,True,14,71760,629,3,15739
1.0316957210776545,601090,9,16516,1262,high_quality_architectural/13531,True,1643124,10,887905,True,26,101323,1302,8,36290
1.8138297872340425,441943,7,6367,752,high_quality_architectural/13535,True,1025728,6,469119,True,22,98535,1364,3,9764
0.7383512544802867,590883,3,5451,1116,high_quality_architectural/13538,True,919584,4,245579,True,21,72129,824,1,5542
0.8564727954971857,250342,5,9760,1066,high_quality_architectural/13549,True,973258,4,604902,True,9,88962,913,6,19292
0.9609120521172638,542756,10,10441,1228,high_quality_architectural/13550,True,1449040,12,767899,True,22,108617,1180,7,19327
1.3373403456048085,1235565,17,24882,1331,high_quality_architectural/13552,True,2369180,17,947177,True,35,129767,1780,10,31789
1.7257448433919023,1387109,12,19342,1309,high_quality_architectural/13553,True,2957031,14,1304346,True,26,192604,2259,10,53630
0.7070663811563169,2355084,19,39299,2335,high_quality_architectural/13554,True,3855085,18,1142952,True,31,252062,1651,15,65688
0.655838454784899,207325,7,9755,1139,high_quality_architectural/13556,True,850833,8,538103,True,13,74702,747,8,20948
1.3660130718954249,1581493,15,16140,1530,high_quality_architectural/13565,True,3197700,19,1413455,True,45,158981,2090,22,27631
0.8314350797266514,1349982,10,14590,1756,high_quality_architectural/13568,True,2563760,11,995950,True,32,172994,1460,10,30244
0.768413059984814,671159,5,9387,1317,high_quality_architectural/13573,True,1332804,7,532530,True,19,94178,1012,5,25550
1.159310344827586,1040502,19,26264,1450,high_quality_architectural/13575,True,2437450,16,1165266,True,45,177870,1681,9,27548
0.7272092210967517,4367351,16,23918,2863,high_quality_architectural/13578,True,5960766,20,1358151,True,27,168314,2082,9,43032
0.45038705137227303,393190,6,7987,1421,high_quality_architectural/13579,True,909440,6,427350,True,17,70743,640,2,10170
0.9284565916398714,831587,5,9257,1244,high_quality_architectural/13580,True,1436820,6,460739,True,23,112466,1155,4,22771
1.0987525987525988,463454,9,11109,962,high_quality_architectural/13583,True,1016834,13,438682,True,21,91406,1057,4,12183
1.5213304410701374,1151385,16,17838,1383,high_quality_architectural/13590,True,2909832,16,1536979,True,33,174668,2104,10,28962
0.5569744597249509,1339146,9,11450,2036,high_quality_architectural/13594,True,2308824,10,810940,True,26,122076,1134,8,25212
1.419831223628692,461297,6,6112,948,high_quality_architectural/13600,True,1276008,6,710821,True,16,79055,1346,4,18723
0.4911470361816782,275222,7,10492,1299,high_quality_architectural/13607,True,828762,8,449502,True,22,76814,638,5,16732
0.9581699346405229,1112125,10,17574,1530,high_quality_architectural/13612,True,2242980,13,922708,True,32,150374,1466,13,40199
0.9765291607396871,1068174,9,10216,1406,high_quality_architectural/13614,True,1930438,10,733371,True,21,98341,1373,8,20336
0.35661080074487894,730410,9,12649,2148,high_quality_architectural/13619,True,1645368,12,770674,True,22,112785,766,5,18850
1.0907726931732933,1259908,6,6729,1333,high_quality_architectural/13620,True,1938182,6,578787,True,18,77798,1454,5,14960
0.8811002661934338,422452,6,7088,1127,high_quality_architectural/13622,True,1119111,7,588788,True,19,70543,993,3,30240
0.6103476151980598,315102,5,7424,1237,high_quality_architectural/13623,True,933935,6,505038,True,26,89963,755,2,16408
2.0476190476190474,658478,7,4141,840,high_quality_architectural/13624,True,1444800,11,605431,True,35,156427,1720,2,20323
1.5813648293963254,1950330,16,22732,1524,high_quality_architectural/13626,True,3672840,18,1453489,True,30,208316,2410,14,37973
1.4338394793926248,597221,6,9334,922,high_quality_architectural/13627,True,1218884,7,516924,True,17,78747,1322,12,16658
1.0571428571428572,502018,11,21890,1120,high_quality_architectural/13629,True,1326080,9,673266,True,20,104567,1184,11,24339
1.0535714285714286,298659,8,7620,1064,high_quality_architectural/13635,True,1192744,11,752393,True,20,92222,1121,7,41850
0.573,274194,3,6690,1000,high_quality_architectural/13638,True,573000,4,228292,True,10,56960,573,1,6864
2.128430864836872,4325340,19,27120,1931,high_quality_architectural/13639,True,7936410,22,3092860,True,56,430766,4110,27,60324
0.6752808988764045,193076,3,6350,890,high_quality_architectural/13640,True,534890,4,251601,True,12,61300,601,5,22563
1.5685679611650485,2102576,11,21356,1648,high_quality_architectural/13643,True,4260080,15,1678008,True,41,361791,2585,25,96349
1.1954248366013072,1953611,9,11314,1530,high_quality_architectural/13644,True,2798370,10,699818,True,42,105719,1829,15,27908
0.6569525395503747,343314,6,6270,1201,high_quality_architectural/13645,True,947589,6,495699,True,16,80906,789,4,21400
0.4227053140096618,246006,4,13757,1242,high_quality_architectural/13647,True,652050,4,311596,True,10,73270,525,1,7421
0.7694470477975632,378842,4,7915,1067,high_quality_architectural/13648,True,876007,6,410019,True,20,68059,821,4,11172
1.5023041474654377,1995689,16,20440,1519,high_quality_architectural/13650,True,3466358,18,1235825,True,31,180295,2282,13,34109
0.45941202281702503,1369409,10,11768,2279,high_quality_architectural/13654,True,2386113,12,829710,True,29,144805,1047,11,30421
0.9714070729872084,546446,6,12963,1329,high_quality_architectural/13659,True,1715739,7,958398,True,21,168979,1291,4,28953
0.8503649635036497,408840,5,4827,1096,high_quality_architectural/13661,True,1021472,7,509153,True,17,85161,932,3,13491
1.3859447004608294,3085447,10,13504,1736,high_quality_architectural/13662,True,4176816,11,868771,True,29,151720,2406,14,57374
1.414490861618799,1865208,13,21623,1532,high_quality_architectural/13664,True,3319844,13,1223613,True,27,165146,2167,17,44254
1.4824848201774872,4532537,17,31609,2141,high_quality_architectural/13666,True,6795534,18,1851233,True,41,305833,3174,22,74322
0.6606182795698925,603150,10,13003,1488,high_quality_architectural/13668,True,1462704,11,726181,True,24,101153,983,7,19217
1.4817813765182186,1316615,13,19502,1235,high_quality_architectural/13672,True,2260050,11,752872,True,21,142973,1830,5,28088
1.0076142131979695,1569365,7,9253,1576,high_quality_architectural/13673,True,2502688,9,731364,True,33,155755,1588,5,36951
1.0412147505422993,469771,4,5236,922,high_quality_architectural/13680,True,885120,5,332085,True,19,68896,960,3,9132
1.0984042553191489,347262,10,17413,1128,high_quality_architectural/13684,True,1397592,10,848357,True,15,150217,1239,6,34343
1.3573264781491003,191548,7,8371,778,high_quality_architectural/13688,True,821568,4,483326,True,16,102555,1056,4,35768
1.1527918781725888,3826990,8,12040,1970,high_quality_architectural/13697,True,4473870,10,527294,True,24,89539,2271,5,18007
0.6822510822510822,338590,6,9328,1155,high_quality_architectural/13702,True,910140,7,454013,True,17,90892,788,4,17317
0.789073305670816,637531,9,15114,1446,high_quality_architectural/13704,True,1649886,12,833480,True,26,132452,1141,7,31309
1.3211009174311927,1198391,8,11037,1308,high_quality_architectural/13706,True,2260224,10,840050,True,29,178225,1728,7,32521
1.5106809078771695,1506312,22,34549,1498,high_quality_architectural/13710,True,3389974,19,1585649,True,41,219244,2263,14,44220
0.7905138339920948,1655464,17,25315,2024,high_quality_architectural/13711,True,3238400,16,1340165,True,33,167285,1600,15,50171
1.6190283400809717,7072399,19,20513,2470,high_quality_architectural/13717,True,9877530,20,2499136,True,42,260076,3999,12,25406
0.774468085106383,281558,5,4541,940,high_quality_architectural/13720,True,684320,7,298926,True,24,82330,728,4,16965
0.8363072148952676,804157,6,9322,1289,high_quality_architectural/13722,True,1389542,7,479015,True,18,85531,1078,4,11517
0.6726044226044227,844053,8,15083,1628,high_quality_architectural/13723,True,1782660,9,751851,True,21,137993,1095,9,33680
1.4196319018404908,303981,5,10380,815,high_quality_architectural/13730,True,942955,7,517517,True,19,76622,1157,8,34455
0.6104491292392301,453854,3,6682,1091,high_quality_architectural/13733,True,726606,4,206750,True,9,52573,666,1,6747
1.167269439421338,703983,5,8075,1106,high_quality_architectural/13734,True,1427846,6,587328,True,24,103293,1291,8,25167
1.3785971223021583,810862,8,9596,1112,high_quality_architectural/13735,True,1704696,9,737306,True,40,126027,1533,3,20905
1.3310104529616724,404892,5,7091,861,high_quality_architectural/13736,True,986706,4,455979,True,18,75730,1146,8,43014
1.3397849462365592,419155,5,8346,930,high_quality_architectural/13737,True,1158780,6,585254,True,15,109045,1246,4,36980
1.1721854304635762,814090,10,19448,1208,high_quality_architectural/13738,True,1710528,9,737185,True,38,124459,1416,3,15346
1.283387622149837,1160007,10,11486,1228,high_quality_architectural/13740,True,1935328,9,636409,True,19,107917,1576,4,19509
1.1054925893635572,318202,8,9810,1147,high_quality_architectural/13746,True,1454396,9,913391,True,22,160497,1268,16,52496
0.6969914040114613,429870,9,13829,1396,high_quality_architectural/13755,True,1358308,10,732212,True,27,142759,973,9,39638
0.7116519174041298,772220,4,9167,1356,high_quality_architectural/13761,True,1308540,5,427092,True,15,88499,965,2,11562
1.2575250836120402,1489404,13,19828,1495,high_quality_architectural/13762,True,2810600,13,1114124,True,21,149826,1880,10,37418
1.1748251748251748,772773,6,11193,1144,high_quality_architectural/13764,True,1537536,10,635513,True,26,104478,1344,3,13579
1.5932601880877744,1059611,15,18032,1276,high_quality_architectural/13765,True,2594108,18,1267089,True,32,184607,2033,11,64769
1.4609375,667808,8,9852,1024,high_quality_architectural/13766,True,1531904,8,726548,True,23,102876,1496,6,24820
0.815625,634129,6,9459,1280,high_quality_architectural/13767,True,1336320,8,553343,True,23,113150,1044,5,26239
1.0737179487179487,109040,2,3746,624,high_quality_architectural/13769,True,418080,4,235226,True,9,58980,670,3,11088
1.658365758754864,975827,13,17665,1285,high_quality_architectural/13772,True,2738335,15,1514018,True,26,173933,2131,16,56892
0.6806429070580013,814942,5,9080,1431,high_quality_architectural/13781,True,1393794,6,464920,True,13,89776,974,6,15076
1.3342013888888888,559472,9,12328,1152,high_quality_architectural/13787,True,1770624,8,890706,True,41,250946,1537,9,57172
1.5602503912363068,199405,5,6797,639,high_quality_architectural/13789,True,637083,6,359374,True,23,62305,997,4,9202
1.1915167095115682,1637478,10,8798,1556,high_quality_architectural/13790,True,2884824,13,1059744,True,37,141329,1854,8,37475
0.7069288389513109,2414189,7,10505,2136,high_quality_architectural/13791,True,3225360,8,679752,True,27,101232,1510,9,19682
0.6756002233389168,1252440,7,12630,1791,high_quality_architectural/13793,True,2167110,8,767128,True,25,110346,1210,9,24566
1.0952380952380953,440225,4,6259,966,high_quality_architectural/13794,True,1022028,6,468392,True,21,93044,1058,3,14108
0.8281853281853282,440444,3,5037,1036,high_quality_architectural/13795,True,888888,6,353312,True,15,77731,858,2,12364
1.7122002085505734,585075,7,11767,959,high_quality_architectural/13797,True,1574678,7,819919,True,17,122078,1642,7,35839
1.036318407960199,1859579,19,34514,2010,high_quality_architectural/13800,True,4186830,19,1940432,True,42,273731,2083,20,78574
1.0824972129319956,1842988,10,14701,1794,high_quality_architectural/13802,True,3483948,14,1392558,True,25,208507,1942,12,25194
0.8798353909465021,567205,9,8884,1215,high_quality_architectural/13805,True,1298835,10,619834,True,22,88483,1069,8,14429
1.6071428571428572,823147,12,16940,1204,high_quality_architectural/13806,True,2329740,14,1225231,True,31,195781,1935,13,68641
0.7258726899383984,1055806,15,31668,1948,high_quality_architectural/13809,True,2754472,15,1358042,True,29,240368,1414,21,68588
1.4026229508196721,1679017,14,21097,1525,high_quality_architectural/13810,True,3261975,13,1327952,True,35,172361,2139,18,61548
0.4293139293139293,831605,9,11369,1924,high_quality_architectural/13811,True,1589224,11,630333,True,24,98558,826,3,17359
1.419983065198984,1184592,6,9499,1181,high_quality_architectural/13814,True,1980537,7,587525,True,30,160142,1677,6,38779
0.43594739405747684,801372,10,11941,2053,high_quality_architectural/13816,True,1837435,13,881331,True,29,110207,895,8,32584
0.6558028616852146,347979,5,6688,1258,high_quality_architectural/13817,True,1037850,9,536694,True,20,120032,825,7,26457
0.6628151260504201,1607459,12,15001,1904,high_quality_architectural/13818,True,2402848,13,659683,True,23,100858,1262,5,19847
1.629327902240326,1898108,16,20599,1473,high_quality_architectural/13819,True,3535200,18,1366208,True,49,185551,2400,40,64734
2.425,4784667,16,25235,1720,high_quality_architectural/13821,True,7174120,18,2038994,True,43,249320,4171,31,75904
0.5174825174825175,294664,5,9452,1144,high_quality_architectural/13827,True,677248,5,308007,True,13,59725,592,1,5400
1.4644351464435146,2762977,19,39516,1912,high_quality_architectural/13828,True,5353600,21,2210463,True,45,269049,2800,19,71595
0.9095477386934674,1712961,14,14959,1791,high_quality_architectural/13829,True,2917539,13,992657,True,38,166674,1629,9,30288
1.2993779160186625,967541,11,19221,1286,high_quality_architectural/13835,True,2148906,12,989408,True,25,142206,1671,12,30530
1.1420863309352518,780462,5,5204,1112,high_quality_architectural/13836,True,1412240,6,549512,True,20,67038,1270,6,10024
0.39950980392156865,412122,7,12088,1632,high_quality_architectural/13837,True,1064064,9,529512,True,18,89622,652,4,20720
0.34378769601930037,475814,5,6639,1658,high_quality_architectural/13839,True,945060,5,393695,True,14,54914,570,3,13998
1.5154536390827518,610475,6,7202,1003,high_quality_architectural/13841,True,1524560,10,738248,True,27,124307,1520,10,44328
1.0575,323187,3,3358,800,high_quality_architectural/13842,True,676800,5,293887,True,10,46852,846,4,9516
0.9978947368421053,1667498,26,53290,1900,high_quality_architectural/13843,True,3602400,25,1541212,True,36,246086,1896,22,94314
1.8356598984771573,14263976,22,50832,3152,high_quality_architectural/13850,True,18237472,19,3392448,True,44,411450,5786,19,118766
0.4574753804834378,249247,3,4519,1117,high_quality_architectural/13859,True,570787,5,260401,True,11,50005,511,2,6615
2.404358353510896,1780324,18,20690,1239,high_quality_architectural/13861,True,3690981,19,1609463,True,38,223000,2979,20,57504
0.9161825726141078,639902,8,8199,1205,high_quality_architectural/13862,True,1330320,7,560722,True,31,92575,1104,4,28922
0.3279569892473118,1151990,8,8761,2418,high_quality_architectural/14005,True,1917474,11,611637,True,22,135592,793,2,9494
0.8632162661737524,7423707,16,20268,3246,high_quality_architectural/14006,True,9095292,18,1461361,True,33,154406,2802,11,35550
1.457112970711297,654590,8,9965,956,high_quality_architectural/14008,True,1331708,10,548547,True,29,94029,1393,5,24577
1.7042079207920793,395482,8,7103,808,high_quality_architectural/14010,True,1112616,9,619585,True,25,76049,1377,11,14397
1.3267254038179148,1472786,9,12174,1362,high_quality_architectural/14018,True,2461134,10,783686,True,31,152835,1807,5,39653
0.8961904761904762,450215,3,10560,1050,high_quality_architectural/14021,True,988050,3,450286,True,9,61654,941,5,15335
0.8904899135446686,2119541,7,10962,1735,high_quality_architectural/14024,True,2680575,8,441007,True,17,90539,1545,4,18526
0.6183115338882283,883728,5,5386,1682,high_quality_architectural/14025,True,1749280,6,694719,True,25,131865,1040,3,33582
0.46863468634686345,729225,7,7511,1626,high_quality_architectural/14029,True,1239012,8,421479,True,24,68310,762,5,12487
1.1184939091915835,240809,7,7735,903,high_quality_architectural/14038,True,912030,7,511047,True,17,120225,1010,4,32214
0.7293333333333333,646899,7,7690,1500,high_quality_architectural/14043,True,1641000,8,838407,True,25,124538,1094,6,23466
0.6941813261163735,617928,11,12706,1478,high_quality_architectural/14044,True,1516428,9,755292,True,20,103505,1026,8,26997
1.8936446173800259,2667892,18,22603,1542,high_quality_architectural/14047,True,4502640,19,1458444,True,54,272937,2920,16,80764
1.9338721528288023,1642390,16,26419,1361,high_quality_architectural/14049,True,3582152,17,1618480,True,42,234879,2632,20,59984
0.4246713852376138,89257,3,3429,989,high_quality_architectural/14050,True,415380,4,255018,True,15,67676,420,0,0
0.768170426065163,111590,3,8748,798,high_quality_architectural/14051,True,489174,4,290352,True,11,71374,613,1,7110
1.8572744014732965,826989,13,20329,1086,high_quality_architectural/14052,True,2190462,14,1171563,True,30,145911,2017,10,25670
0.7756059421422987,359368,13,18081,1279,high_quality_architectural/14063,True,1268768,10,765001,True,16,101178,992,4,25140
1.7699680511182108,974187,18,29912,1252,high_quality_architectural/14064,True,2774432,17,1531423,True,43,180697,2216,19,58213
1.258836944127708,439677,5,7191,877,high_quality_architectural/14065,True,968208,7,424839,True,23,82905,1104,3,13596
0.7740978744438952,1783170,14,16366,2023,high_quality_architectural/14066,True,3168018,14,1099760,True,32,236420,1566,8,32302
0.7933104631217839,2585238,15,21007,2332,high_quality_architectural/14068,True,4314200,16,1373825,True,48,276445,1850,11,57685
0.761056105610561,857713,7,9278,1515,high_quality_architectural/14070,True,1746795,10,753188,True,20,105747,1153,5,20869
0.6043689320388349,965645,7,11440,1648,high_quality_architectural/14074,True,1641408,8,533818,True,20,107557,996,8,22948
1.7559055118110236,2178207,7,11907,1524,high_quality_architectural/14076,True,4078224,7,1632513,True,33,216811,2676,21,38786
1.7972079353416606,1271568,11,12733,1361,high_quality_architectural/14078,True,3329006,16,1781109,True,46,227887,2446,13,35709
2.43652561247216,2478612,10,11456,1347,high_quality_architectural/14079,True,4420854,12,1591945,True,45,293279,3282,10,45562
2.4946543121881684,2670192,15,23696,1403,high_quality_architectural/14081,True,4910500,16,1879135,True,44,284718,3500,15,52759
0.8309433962264151,667446,6,7682,1325,high_quality_architectural/14083,True,1458825,7,659716,True,20,96323,1101,5,27658
0.49340369393139843,465065,7,10292,1516,high_quality_architectural/14084,True,1133968,9,560352,True,20,80217,748,7,18042
2.245366938472943,2454501,14,16441,1349,high_quality_architectural/14087,True,4086121,16,1375610,True,42,195218,3029,21,44351
1.3376264949402024,555187,10,11132,1087,high_quality_architectural/14092,True,1580498,15,830761,True,35,146534,1454,12,36884
0.5991116046640755,1342294,6,8192,1801,high_quality_architectural/14095,True,1943279,7,471203,True,18,104562,1079,3,17028
0.7236421725239617,489888,7,8817,1252,high_quality_architectural/14097,True,1134312,7,533835,True,25,90572,906,4,11200
1.4929577464788732,4106280,17,31703,2130,high_quality_architectural/14099,True,6773400,23,2031800,True,64,491172,3180,21,112445
0.8358061325420376,472374,3,4347,1011,high_quality_architectural/14103,True,854295,6,319705,True,11,49069,845,2,8800
1.7924123120973514,1512543,19,37112,1397,high_quality_architectural/14104,True,3498088,22,1626185,True,39,275568,2504,10,46680
1.8451776649746192,532303,7,6695,788,high_quality_architectural/14113,True,1145752,6,512651,True,18,81159,1454,5,12944
0.7109053497942387,196916,5,7495,972,high_quality_architectural/14120,True,671652,5,384012,True,14,71029,691,2,12200
1.420041180507893,1414376,15,18891,1457,high_quality_architectural/14124,True,3014533,14,1374088,True,49,147140,2069,25,60038
0.5057915057915058,194635,4,5656,1036,high_quality_architectural/14128,True,542864,5,274980,True,20,61915,524,2,5678
1.4118609406952964,5371735,19,45005,2445,high_quality_architectural/14129,True,8440140,20,2580690,True,36,330518,3452,26,112192
0.7013221153846154,794007,11,15995,1664,high_quality_architectural/14131,True,1941888,15,951566,True,26,142600,1167,9,37720
0.6887360275150473,263786,9,8163,1163,high_quality_architectural/14132,True,931563,9,564988,True,17,84018,801,7,10608
1.0665557404326123,612588,6,8035,1202,high_quality_architectural/14138,True,1540964,6,773139,True,18,121416,1282,8,25786
2.06984667802385,1444808,11,13290,1174,high_quality_architectural/14139,True,2852820,12,1188431,True,28,174136,2430,15,32155
1.6948529411764706,419591,5,5648,816,high_quality_architectural/14144,True,1128528,5,582530,True,15,87974,1383,8,32785
1.1163873370577282,564530,6,9741,1074,high_quality_architectural/14145,True,1287726,8,554691,True,26,117301,1199,6,41463
0.46319018404907975,172592,4,7547,978,high_quality_architectural/14146,True,443034,4,203545,True,13,49470,453,2,9880
1.017578125,245005,8,9662,1024,high_quality_architectural/14155,True,1067008,9,708291,True,25,85802,1042,8,18248
1.092608326253186,1009360,5,5874,1177,high_quality_architectural/14156,True,1513622,5,420445,True,17,65953,1286,5,11990
1.7913125590179415,1065700,10,13663,1059,high_quality_architectural/14158,True,2008923,11,756263,True,30,140751,1897,13,32546
1.7670588235294118,572474,7,6631,850,high_quality_architectural/14166,True,1276700,6,579882,True,20,93438,1502,5,24275
0.6049094097019287,723148,12,26789,1711,high_quality_architectural/14167,True,1770885,10,742858,True,27,255521,1035,4,22569
0.7328282828282828,2058281,10,13295,1980,high_quality_architectural/14172,True,2872980,10,654290,True,29,128505,1451,5,18609
0.6732736572890026,791878,9,12439,1564,high_quality_architectural/14174,True,1646892,9,712832,True,16,101936,1053,5,27807
1.7707838479809976,314131,10,10864,842,high_quality_architectural/14176,True,1255422,10,782801,True,29,119090,1491,5,28536
1.536556603773585,360410,10,10815,848,high_quality_architectural/14182,True,1104944,8,559429,True,23,133875,1303,4,40415
1.3056768558951966,2486508,12,12111,1603,high_quality_architectural/14188,True,3355079,11,731431,True,30,108285,2093,5,16744
1.603213844252163,210217,9,12709,809,high_quality_architectural/14189,True,1049273,8,668322,True,15,108215,1297,7,49810
1.2584615384615385,116217,4,3227,650,high_quality_architectural/14190,True,531700,6,345677,True,14,47161,818,2,19418
0.9402730375426621,605047,8,8928,1172,high_quality_architectural/14192,True,1291544,8,559031,True,20,99717,1102,4,18821
1.611406844106464,1079931,14,22624,1315,high_quality_architectural/14195,True,2786485,15,1464541,True,25,183687,2119,10,35702
1.6587926509186353,449410,6,8640,762,high_quality_architectural/14197,True,963168,6,405631,True,15,75628,1264,3,23859
1.1605471562275018,830934,14,16607,1389,high_quality_architectural/14201,True,2239068,16,1137671,True,36,218612,1612,7,35244
0.6159151193633953,1179243,10,12080,1885,high_quality_architectural/14206,True,2188485,8,824662,True,31,146089,1161,7,26411
1.0850828729281767,1765697,18,32765,1810,high_quality_architectural/14219,True,3554840,16,1491618,True,35,205072,1964,14,59688
0.563855421686747,509029,4,8099,1245,high_quality_architectural/14222,True,873990,4,280906,True,17,69777,702,1,6179
0.5991769547325103,374954,5,6132,1215,high_quality_architectural/14228,True,884520,7,420326,True,26,75252,728,5,7856
1.4990079365079365,759901,10,13602,1008,high_quality_architectural/14231,True,1523088,8,629381,True,21,99125,1511,9,21079
0.5798712697483909,756815,8,11908,1709,high_quality_architectural/14232,True,1693619,9,762232,True,24,129575,991,7,33089
1.9446749654218534,2141537,17,55827,1446,high_quality_architectural/14235,True,4066152,15,1460722,True,44,344209,2812,18,63857
0.4015518913676043,37260,3,8811,1031,high_quality_architectural/14236,True,426834,5,327392,True,9,53371,414,0,0
0.5462667517549458,506761,7,9309,1567,high_quality_architectural/14239,True,1341352,8,680879,True,28,123401,856,4,21002
1.8285714285714285,650084,5,6204,840,high_quality_architectural/14241,True,1290240,5,536636,True,14,76989,1536,3,20327
1.0767716535433072,501277,4,3213,1016,high_quality_architectural/14246,True,1111504,4,457308,True,29,128082,1094,3,21624
0.50426944971537,1175367,9,16421,2108,high_quality_architectural/14247,True,2240804,10,857132,True,23,155522,1063,6,36362
1.3055339049103662,663715,10,12168,1283,high_quality_architectural/14254,True,2149025,11,1265006,True,36,170787,1675,13,37349
1.0854139290407359,263014,4,5190,761,high_quality_architectural/14258,True,628586,4,299627,True,9,49784,826,3,10971
0.7310126582278481,594086,13,18536,1580,high_quality_architectural/14260,True,1824900,13,1057616,True,23,119825,1155,7,34837
0.5728011825572801,409090,5,7790,1353,high_quality_architectural/14272,True,1048575,7,548683,True,19,75632,775,4,7380
0.6631944444444444,2259011,9,12119,2304,high_quality_architectural/14286,True,3520512,12,997010,True,43,220300,1528,8,32072
2.1058823529411765,501134,7,9000,765,high_quality_architectural/14290,True,1232415,9,590136,True,21,108333,1611,4,23812
1.2072155411655874,875737,6,6702,1081,high_quality_architectural/14293,True,1410705,6,440414,True,15,74777,1305,3,13075
0.9493403693931398,1868727,14,19023,1895,high_quality_architectural/14295,True,3409105,15,1261248,True,40,222074,1799,10,38033
1.5003594536304816,1418336,7,11771,1391,high_quality_architectural/14296,True,2903017,10,1243742,True,34,168384,2087,7,60784
1.0825471698113207,1039007,5,7942,1272,high_quality_architectural/14297,True,1751544,5,571866,True,19,104184,1377,8,28545
1.1210855949895615,1110134,8,10741,1437,high_quality_architectural/14298,True,2315007,9,1009391,True,29,159325,1611,14,25416
1.3514739229024944,406738,7,8800,882,high_quality_architectural/14299,True,1051344,9,525373,True,23,91896,1192,6,18537
2.0869565217391304,286617,4,3872,598,high_quality_architectural/14309,True,746304,5,345598,True,13,93817,1248,2,16400
0.9749403341288783,363385,3,7312,838,high_quality_architectural/14310,True,684646,3,254309,True,11,50856,817,1,8784
0.9888324873096447,354973,3,8896,985,high_quality_architectural/14311,True,959390,5,467658,True,16,99318,974,4,28545
0.9485368314833501,379110,3,7419,991,high_quality_architectural/14312,True,931540,5,432236,True,19,89879,940,4,22896
0.8567708333333334,153818,3,8432,768,high_quality_architectural/14313,True,505344,6,274789,True,13,58341,658,1,9964
1.0543735224586288,199992,3,7531,846,high_quality_architectural/14314,True,754632,5,435410,True,19,88023,892,4,23676
1.7272727272727273,498245,7,7210,869,high_quality_architectural/14315,True,1304369,7,687692,True,19,88872,1501,6,22350
1.706896551724138,388884,5,5399,754,high_quality_architectural/14326,True,970398,5,461419,True,23,90179,1287,6,24517
1.1755852842809364,20724,3,2360,598,high_quality_architectural/14331,True,420394,5,336573,True,16,51437,703,2,9300
1.1982820329277022,1317103,7,13857,1397,high_quality_architectural/14332,True,2338578,8,820969,True,20,135618,1674,9,51031
0.7202020202020202,322740,4,5942,990,high_quality_architectural/14333,True,705870,5,315575,True,14,53431,713,2,8182
2.2577777777777777,3290161,12,14793,1575,high_quality_architectural/14338,True,5600700,16,1933645,True,49,314790,3556,17,47311
1.5756207674943568,481461,7,6576,886,high_quality_architectural/14339,True,1236856,7,653944,True,15,77813,1396,7,17062
1.774229074889868,791997,6,10810,908,high_quality_architectural/14340,True,1462788,5,537431,True,17,99496,1611,3,23054
1.9963846710050615,1621596,20,33571,1383,high_quality_architectural/14341,True,3818463,20,1860200,True,37,204511,2761,19,98585
0.893212669683258,467992,8,8598,1105,high_quality_architectural/14342,True,1090635,8,515277,True,18,70576,987,3,28192
0.4971387696709585,315324,5,9624,1398,high_quality_architectural/14346,True,971610,7,518079,True,16,101087,695,5,27496
0.6175349428208387,591362,16,17815,1574,high_quality_architectural/14350,True,1529928,14,801200,True,25,92951,972,5,26600
1.8960880195599021,527938,8,7691,818,high_quality_architectural/14351,True,1268718,8,574811,True,25,136598,1551,3,21680
1.915159076731129,2437011,18,23646,1603,high_quality_architectural/14352,True,4921210,18,2102485,True,68,301233,3070,31,56835
0.5405546834118262,1050461,11,15755,1911,high_quality_architectural/14353,True,1974063,13,749397,True,27,136951,1033,6,21499
0.7017650639074863,756473,12,14955,1643,high_quality_architectural/14354,True,1894379,14,985971,True,22,113010,1153,12,23970
1.5643802647412757,472301,6,10657,831,high_quality_architectural/14358,True,1080300,6,492528,True,15,85367,1300,5,19447
2.3362521891418564,909036,20,32112,1142,high_quality_architectural/14360,True,3046856,28,1761973,True,60,291879,2668,17,51856
1.5810968494749125,496483,7,7079,857,high_quality_architectural/14363,True,1161235,5,562926,True,18,73196,1355,4,21551
1.5590243902439025,786570,8,7750,1025,high_quality_architectural/14368,True,1637950,10,694362,True,34,120899,1598,8,28369
1.5375788869764773,3089969,17,21104,1743,high_quality_architectural/14369,True,4671240,15,1297093,True,37,212953,2680,14,50121
1.8246539222148979,2600954,16,17916,1517,high_quality_architectural/14373,True,4199056,17,1338698,True,44,191617,2768,24,49871
1.6845714285714286,518879,7,8319,875,high_quality_architectural/14376,True,1289750,7,638121,True,27,100085,1474,4,24346
1.069802731411229,665631,12,13623,1318,high_quality_architectural/14379,True,1858380,14,1011050,True,21,140532,1410,8,27544
0.8622589531680441,129714,4,4392,726,high_quality_architectural/14384,True,454476,4,260607,True,11,49503,626,2,10260
0.4181384248210024,823287,9,12094,2095,high_quality_architectural/14385,True,1835220,11,869666,True,21,111101,876,7,19072
0.9641485275288092,1113664,6,6692,1562,high_quality_architectural/14386,True,2352372,15,1057637,True,55,133567,1506,13,40812
1.9282899921197794,1376807,14,18906,1269,high_quality_architectural/14388,True,3105243,15,1468843,True,34,171806,2447,22,68881
2.3427265803503428,1834432,15,12954,1313,high_quality_architectural/14390,True,4038788,19,1848843,True,53,296059,3076,23,46500
1.548954895489549,556564,6,6898,909,high_quality_architectural/14394,True,1279872,5,614106,True,14,85353,1408,3,16951
0.6174334140435835,1083022,7,10242,1652,high_quality_architectural/14395,True,1685040,7,479129,True,17,85966,1020,5,26681
2.405157593123209,4299610,19,37476,1745,high_quality_architectural/14396,True,7323765,20,2417097,True,51,458717,4197,16,110865
2.199021207177814,278663,6,6216,613,high_quality_architectural/14402,True,826324,5,449188,True,12,81932,1348,4,10325
1.2229539040451551,512662,9,13886,1063,high_quality_architectural/14403,True,1381900,8,688464,True,19,126474,1300,7,40414
0.4813895781637717,787812,6,6945,1612,high_quality_architectural/14404,True,1250912,8,368328,True,18,79407,776,4,8420
0.9074923547400612,870926,8,8359,1308,high_quality_architectural/14405,True,1552596,10,561361,True,27,87572,1187,5,24378
1.546897546897547,229848,6,6358,693,high_quality_architectural/14408,True,742896,5,425510,True,18,66989,1072,3,14191
1.1326021934197408,604576,5,6397,1003,high_quality_architectural/14409,True,1139408,6,444807,True,20,68980,1136,3,14648
0.7089144936325046,6569457,8,11031,3298,high_quality_architectural/14410,True,7710724,11,945009,True,22,131990,2338,6,53237
0.6892252894033838,347690,6,7336,1123,high_quality_architectural/14420,True,869202,6,426927,True,22,78097,774,2,9152
0.6126760563380281,311759,11,12927,1420,high_quality_architectural/14422,True,1235400,12,747868,True,21,141187,870,5,21659
1.5965480043149947,595259,7,8523,927,high_quality_architectural/14423,True,1371960,8,627813,True,24,119608,1480,5,20757
0.7209141274238227,513713,11,13226,1444,high_quality_architectural/14426,True,1503204,11,790568,True,35,146868,1041,10,38829
1.9097516656571776,2811995,16,23155,1651,high_quality_architectural/14432,True,5205603,14,2012365,True,51,257748,3153,56,100340
0.5070652173913044,933056,10,7606,1840,high_quality_architectural/14436,True,1716720,13,687543,True,19,77435,933,5,11080
1.2262703739213807,742511,3,5918,1043,high_quality_architectural/14437,True,1333997,6,451446,True,18,108147,1279,3,25975
0.5496389891696751,374550,3,6724,1108,high_quality_architectural/14438,True,674772,4,220456,True,11,58081,609,2,14961
0.7067812798471824,485389,3,6462,1047,high_quality_architectural/14440,True,774780,4,213511,True,15,55279,740,2,14139
0.5640862944162437,605297,7,11922,1576,high_quality_architectural/14441,True,1401064,8,656270,True,21,105165,889,6,22410
0.8622129436325678,423386,5,6038,958,high_quality_architectural/14445,True,791308,6,282681,True,22,68049,826,4,11154
1.1332470892626132,1092419,15,26529,1546,high_quality_architectural/14455,True,2708592,18,1306454,True,43,248138,1752,11,35052
1.1725175526579739,464603,6,5984,997,high_quality_architectural/14459,True,1165493,7,589094,True,19,91644,1169,3,14168
1.0267034990791897,335346,8,10383,1086,high_quality_architectural/14466,True,1210890,7,728453,True,23,116574,1115,7,20134
1.4183783783783783,342546,9,7337,925,high_quality_architectural/14474,True,1213600,9,737741,True,34,104981,1312,6,20995
0.8124174372523117,1295836,7,10739,1514,high_quality_architectural/14477,True,1862220,8,467524,True,19,79409,1230,2,8712
1.6644093303235517,1123607,26,24656,1329,high_quality_architectural/14483,True,2939748,23,1456800,True,72,285865,2212,17,48820
0.8203252032520325,594729,4,10075,1230,high_quality_architectural/14484,True,1241070,5,496737,True,16,102729,1009,4,36800
1.3421610169491525,538039,8,8168,944,high_quality_architectural/14487,True,1196048,8,560951,True,19,72259,1267,5,16631
0.6529680365296804,1089469,9,10235,1752,high_quality_architectural/14489,True,2004288,11,782768,True,31,102441,1144,4,19375
1.0507910074937552,630409,8,10655,1201,high_quality_architectural/14490,True,1515662,10,723263,True,23,129859,1262,4,21476
0.4548962855764592,1019857,11,10780,2073,high_quality_architectural/14491,True,1954839,12,790378,True,24,114289,943,5,19535
1.580712788259958,768263,5,4760,954,high_quality_architectural/14492,True,1438632,5,553543,True,16,97824,1508,6,14242
0.8154943934760448,393431,5,6705,981,high_quality_architectural/14494,True,784800,7,318526,True,15,57428,800,2,8710
1.5782312925170068,370415,10,9088,882,high_quality_architectural/14498,True,1227744,8,736599,True,21,87706,1392,5,23936
0.6432692307692308,408832,4,5597,1040,high_quality_architectural/14500,True,695760,7,187433,True,9,73865,669,1,20033
2.277196176604461,7610575,21,35169,2197,high_quality_architectural/14503,True,10991591,25,2786068,True,60,476805,5003,18,82974
0.8740225890529973,349712,10,10072,1151,high_quality_architectural/14504,True,1157906,11,674975,True,37,108373,1006,7,14774
1.569367369589345,622594,7,7337,901,high_quality_architectural/14509,True,1274014,6,550967,True,22,79382,1414,3,13734
0.6795543905635649,605470,4,6110,1526,high_quality_architectural/14522,True,1582462,9,833943,True,36,113878,1037,8,23061
1.2893890675241158,795633,7,16186,1244,high_quality_architectural/14529,True,1995376,9,1004014,True,21,121719,1604,14,57824
1.4961725817675713,1565188,13,22321,1437,high_quality_architectural/14530,True,3089550,15,1224973,True,35,216924,2150,14,60144
0.676923076923077,308359,6,7053,1170,high_quality_architectural/14533,True,926640,7,517754,True,19,83220,792,2,10254
0.5282894736842105,423053,9,12939,1520,high_quality_architectural/14535,True,1220560,12,659340,True,19,107296,803,4,17932
0.6163859111791731,413007,10,12559,1306,high_quality_architectural/14537,True,1051330,10,525266,True,21,83003,805,6,17495
0.7797173732335827,474312,6,8287,1203,high_quality_architectural/14538,True,1128414,8,546471,True,20,85782,938,3,13562
0.5852803738317757,128855,3,3017,856,high_quality_architectural/14546,True,428856,4,247459,True,8,39794,501,1,9731
0.6627822286962856,396396,10,12124,1373,high_quality_architectural/14547,True,1249430,11,730806,True,27,91430,910,4,18674
1.6726415094339622,1031134,8,11441,1060,high_quality_architectural/14552,True,1879380,11,712469,True,25,101448,1773,5,22888
1.120888157894737,703250,9,9335,1216,high_quality_architectural/14554,True,1657408,11,782976,True,37,130071,1363,8,31776
0.8276595744680851,2630773,14,20275,2350,high_quality_architectural/14559,True,4570750,13,1535734,True,50,310469,1945,37,73499
1.136737343141497,3677059,18,27218,2311,high_quality_architectural/14561,True,6070997,21,2039131,True,50,234317,2627,23,93272
0.5952875952875953,358256,9,13102,1443,high_quality_architectural/14563,True,1239537,12,754964,True,24,84898,859,5,28317
1.6265750286368843,415942,8,8391,873,high_quality_architectural/14566,True,1239660,7,684657,True,25,109047,1420,7,21623
0.7236421725239617,525080,3,3374,1252,high_quality_architectural/14575,True,1134312,5,467856,True,14,112868,906,2,25134
0.5588615782664942,652510,10,12781,1546,high_quality_architectural/14576,True,1335744,10,563999,True,17,82858,864,5,23596
1.5260700389105057,976921,13,18323,1285,high_quality_architectural/14577,True,2519885,12,1314571,True,35,165114,1961,10,44956
0.7918424753867792,536619,11,14841,1422,high_quality_architectural/14581,True,1601172,12,884472,True,35,128097,1126,16,37143
0.8751229105211407,2358186,11,14654,2034,high_quality_architectural/14587,True,3620520,13,1045640,True,34,167308,1780,9,34732
1.1723675385647216,1066259,14,18715,1491,high_quality_architectural/14589,True,2606268,15,1294066,True,36,164220,1748,18,63008
0.6975196612220206,541263,13,17587,1653,high_quality_architectural/14590,True,1905909,13,1180489,True,23,141695,1153,8,24875
1.5206521739130434,590423,6,8761,920,high_quality_architectural/14594,True,1287080,7,555079,True,17,112027,1399,6,20790
1.645367412140575,553556,7,8063,939,high_quality_architectural/14595,True,1450755,9,775227,True,23,96590,1545,7,17319
0.7455197132616488,918848,9,16049,1674,high_quality_architectural/14596,True,2089152,12,923481,True,29,213028,1248,8,17746
0.6632653061224489,502925,6,9802,1274,high_quality_architectural/14605,True,1076530,7,457546,True,14,87033,845,7,19224
1.4266117969821674,1332536,16,25958,1458,high_quality_architectural/14608,True,3032640,16,1446617,True,28,176202,2080,21,51327
1.232896652110626,1114076,17,31393,1374,high_quality_architectural/14611,True,2327556,17,904023,True,37,226707,1694,11,51357
1.4889807162534436,4483091,18,40693,2178,high_quality_architectural/14612,True,7063254,21,1983483,True,68,470355,3243,16,85632
1.1592039800995024,1244108,10,14080,1407,high_quality_architectural/14619,True,2294817,11,876405,True,18,133224,1631,8,27000
0.6757132915796799,926032,5,7449,1437,high_quality_architectural/14622,True,1395327,5,365241,True,21,81019,971,4,15586
1.4141414141414141,1292202,8,8795,1287,high_quality_architectural/14627,True,2342340,10,892586,True,31,130504,1820,4,18253
1.6553998351195383,1934490,7,8200,1213,high_quality_architectural/14630,True,2435704,8,358120,True,20,108758,2008,4,26136
0.44488636363636364,598068,6,12584,1760,high_quality_architectural/14638,True,1378080,7,592598,True,15,139143,783,5,35687
0.9221153846153847,427703,6,6300,1040,high_quality_architectural/14640,True,997360,5,463516,True,21,71852,959,5,27989
1.4141122035858877,2362286,10,21616,1729,high_quality_architectural/14644,True,4227405,13,1569857,True,30,216205,2445,10,57441
2.1905325443786983,715034,8,9889,845,high_quality_architectural/14646,True,1564095,9,716756,True,25,102508,1851,4,19908
1.0599455040871935,197141,4,4149,734,high_quality_architectural/14648,True,571052,7,299494,True,21,61268,778,2,9000
0.6121987951807228,447704,5,9462,1328,high_quality_architectural/14649,True,1079664,6,483982,True,13,122214,813,5,16302
0.7069528698086794,1362011,16,18403,2143,high_quality_architectural/14650,True,3246645,17,1645011,True,42,148820,1515,24,72400
1.4519104084321475,1627084,13,20586,1518,high_quality_architectural/14656,True,3345672,15,1405500,True,30,223227,2204,12,69275
0.8405710886377157,1227565,13,20740,1681,high_quality_architectural/14668,True,2375253,19,902516,True,38,197102,1413,5,27330
0.8444272445820433,3100952,14,28652,2584,high_quality_architectural/14670,True,5638288,16,2124034,True,43,342770,2182,9,41880
1.7591776798825256,4587568,24,33161,2043,high_quality_architectural/14690,True,7342542,24,2386283,True,35,262832,3594,20,72698
1.8131487889273357,564652,8,6978,867,high_quality_architectural/14691,True,1362924,8,668263,True,16,100009,1572,10,23022
1.75990675990676,404022,8,8233,858,high_quality_architectural/14695,True,1295580,9,765224,True,25,95565,1510,8,22536
1.6996197718631179,1014971,17,24147,1315,high_quality_architectural/14698,True,2939025,17,1662218,True,28,189666,2235,15,48023
0.9933110367892977,600698,9,16974,1196,high_quality_architectural/14705,True,1420848,9,639745,True,23,105690,1188,4,57741
1.2545155993431856,1151217,8,10674,1218,high_quality_architectural/14706,True,1861104,8,572745,True,24,104572,1528,7,21896
1.137410071942446,855051,10,12448,1390,high_quality_architectural/14708,True,2197590,11,1119617,True,26,176522,1581,11,33952
1.1245474293989863,1000295,12,15600,1381,high_quality_architectural/14710,True,2144693,12,977119,True,23,124130,1553,11,27549
1.0395833333333333,453004,5,8757,960,high_quality_architectural/14715,True,958080,5,404188,True,13,71818,998,5,20313
1.178844056706652,338774,5,6067,917,high_quality_architectural/14736,True,991277,6,558530,True,20,71598,1081,5,16308
0.6221033868092691,289732,7,9401,1122,high_quality_architectural/14746,True,783156,8,401149,True,23,67843,698,5,15031
0.5989932885906041,303899,7,10512,1192,high_quality_architectural/14747,True,851088,8,444084,True,22,76447,714,5,16146
1.4408117249154453,604322,6,10159,887,high_quality_architectural/14749,True,1133586,8,421018,True,25,85176,1278,4,12911
0.825636192271442,340199,7,12862,1061,high_quality_architectural/14750,True,929436,7,463624,True,22,95261,876,6,17490
1.4946140035906643,821372,9,14300,1114,high_quality_architectural/14751,True,1854810,9,849574,True,36,132650,1665,10,36914
0.6568627450980392,299326,6,8584,1122,high_quality_architectural/14752,True,826914,7,433093,True,20,73734,737,7,12177
0.6345454545454545,245311,6,8827,1100,high_quality_architectural/14753,True,767800,5,423300,True,19,78723,698,7,11639
1.2014767932489452,416966,5,7571,948,high_quality_architectural/14754,True,1079772,5,544898,True,19,83174,1139,7,27163
0.633495145631068,362716,7,10717,1236,high_quality_architectural/14755,True,967788,8,498597,True,23,79083,783,7,16675
0.6305084745762712,338859,8,13024,1180,high_quality_architectural/14757,True,877920,9,435681,True,25,74753,744,5,15603
1.4603174603174602,592195,6,10223,882,high_quality_architectural/14758,True,1136016,8,429684,True,28,90822,1288,4,13092
0.6512287334593573,273768,6,10981,1058,high_quality_architectural/14759,True,728962,4,357305,True,19,74160,689,4,12748
1.390566037735849,524778,9,12210,1060,high_quality_architectural/14761,True,1562440,12,838690,True,36,153442,1474,9,33320
0.603404255319149,199729,7,9236,1175,high_quality_architectural/14762,True,833075,8,533075,True,23,78765,709,5,12270
0.6473175021987687,316430,7,9156,1137,high_quality_architectural/14763,True,836832,6,429167,True,22,70032,736,5,12047
0.7064056939501779,398393,6,7374,1124,high_quality_architectural/14765,True,892456,5,413792,True,21,65457,794,5,7440
0.6012163336229366,237489,7,9568,1151,high_quality_architectural/14766,True,796492,7,457545,True,29,77598,692,7,14292
0.9854628921193573,1113457,9,8001,1307,high_quality_architectural/14771,True,1683416,11,463916,True,32,87243,1288,9,10799
0.632398753894081,387556,9,11838,1284,high_quality_architectural/14772,True,1042608,9,518679,True,15,106793,812,3,17742
0.7445855115758029,672586,6,7823,1339,high_quality_architectural/14777,True,1334983,7,544137,True,22,84601,997,7,25836
0.8885448916408669,370260,10,13949,1292,high_quality_architectural/14787,True,1483216,11,933071,True,27,133911,1148,12,32025
1.8773049645390072,1697463,16,23108,1410,high_quality_architectural/14790,True,3732270,20,1681945,True,49,264322,2647,21,65432
0.8652173913043478,502390,5,7215,1150,high_quality_architectural/14793,True,1144250,6,533481,True,17,83842,995,3,17322
0.6401610468042275,1449630,9,15367,1987,high_quality_architectural/14794,True,2527464,12,826454,True,37,202491,1272,9,33522
0.5184094256259205,272963,9,12300,1358,high_quality_architectural/14797,True,956032,11,561582,True,20,92588,704,5,16599
0.6003576218149307,1866833,10,18327,2237,high_quality_architectural/14803,True,3004291,11,862477,True,28,207886,1343,13,48768
1.0979354155637904,3102515,9,9254,1889,high_quality_architectural/14805,True,3917786,8,675168,True,18,105832,2074,7,25017
0.7485380116959064,2577622,11,19837,2223,high_quality_architectural/14806,True,3699072,13,882355,True,43,184637,1664,7,34621
1.7779379956741168,1514316,12,17900,1387,high_quality_architectural/14809,True,3420342,16,1663599,True,27,176032,2466,10,48495
1.4916013437849944,281494,10,10347,893,high_quality_architectural/14811,True,1189476,9,774258,True,27,91875,1332,6,31502
0.7747747747747747,695532,8,13277,1443,high_quality_architectural/14812,True,1613274,10,751732,True,14,125162,1118,10,27571
1.2408118486012067,2572157,11,21738,1823,high_quality_architectural/14814,True,4123626,15,1306321,True,24,173874,2262,9,49536
1.2064220183486238,598911,8,12465,1090,high_quality_architectural/14816,True,1433350,10,637926,True,21,132648,1315,7,51400
1.3580691642651297,1301349,9,14297,1388,high_quality_architectural/14817,True,2616380,18,1100449,True,26,161251,1885,9,39034
0.9758454106280193,2318939,8,12247,1863,high_quality_architectural/14818,True,3386934,10,910290,True,19,116847,1818,6,28611
2.0957128614157527,439344,12,15461,1003,high_quality_architectural/14823,True,2108306,15,1424849,True,36,182509,2102,11,46143
0.6547799696509864,339799,9,10409,1318,high_quality_architectural/14838,True,1137434,10,666739,True,20,96108,863,6,24379
1.527791203479942,4548928,16,21541,2069,high_quality_architectural/14847,True,6540109,21,1597345,True,60,306033,3161,20,66262
0.6754883427851291,575309,10,19474,1587,high_quality_architectural/14849,True,1701264,12,955091,True,24,117446,1072,6,33944
1.7807620237351656,2191871,17,32435,1601,high_quality_architectural/14853,True,4564451,19,1975145,True,39,258585,2851,21,106415
0.5168046760837798,1061841,9,13552,2053,high_quality_architectural/14855,True,2178233,12,956774,True,18,118270,1061,7,27796
2.143524699599466,2209352,18,32802,1498,high_quality_architectural/14859,True,4810078,18,2159722,True,43,282720,3211,26,125482
1.2043753598157743,1969329,16,27343,1737,high_quality_architectural/14864,True,3633804,17,1342469,True,42,249723,2092,11,44940
1.8475836431226766,542571,7,8029,807,high_quality_architectural/14869,True,1203237,6,554686,True,21,82343,1491,3,15608
1.1120092378752886,1985762,10,16556,1732,high_quality_architectural/14874,True,3335832,12,1149653,True,21,148859,1926,8,35002
1.0,639881,11,14638,1391,high_quality_architectural/14875,True,1934881,12,1077766,True,28,158489,1391,6,44107
2.023564064801178,148531,7,6446,679,high_quality_architectural/14877,True,932946,6,676379,True,22,85133,1374,8,16457
1.0471830985915493,1066662,14,21818,1420,high_quality_architectural/14879,True,2111540,15,842302,True,34,134653,1487,13,46105
1.2383524645509791,1438464,15,17314,1481,high_quality_architectural/14881,True,2716154,16,1082176,True,48,121612,1834,17,56588
1.474820143884892,560419,8,10020,973,high_quality_architectural/14884,True,1396255,7,683372,True,22,123068,1435,4,19376
0.9288052373158756,2824610,25,35853,2444,high_quality_architectural/14896,True,5547880,21,2395751,True,39,237877,2270,15,53789
1.4337936636880584,991903,10,14419,1231,high_quality_architectural/14910,True,2172715,12,998453,True,25,130046,1765,11,37894
0.5106820049301561,1964809,9,13391,2434,high_quality_architectural/14917,True,3025462,11,892301,True,19,127093,1243,7,27868
0.634646519158122,1185204,13,13051,1853,high_quality_architectural/14945,True,2179128,13,838511,True,29,115361,1176,7,27001
1.0847583643122676,965771,9,14166,1345,high_quality_architectural/14946,True,1962355,9,807540,True,20,139042,1459,9,35836
0.930576070901034,1047277,5,9975,1354,high_quality_architectural/14955,True,1706040,6,519825,True,18,84563,1260,6,44400
0.9673672566371682,2003288,12,16250,1808,high_quality_architectural/14962,True,3162192,13,953886,True,32,156187,1749,7,32581
1.4756918474195961,1182716,19,30114,1337,high_quality_architectural/14963,True,2637901,18,1165854,True,54,202282,1973,10,56935
1.6668526785714286,3322183,16,21575,1792,high_quality_architectural/14964,True,5352704,18,1711994,True,33,229119,2987,15,67833
1.0990502035278156,168322,5,8231,737,high_quality_architectural/14965,True,596970,4,324849,True,15,80475,810,2,15093
0.7056921086675291,722793,10,15808,1546,high_quality_architectural/14967,True,1686686,11,783488,True,29,133637,1091,7,30960
0.8167895632444696,1507931,10,12554,1763,high_quality_architectural/14970,True,2538720,13,784806,True,32,186012,1440,9,47417
1.352267723469837,4730620,24,28846,2271,high_quality_architectural/14971,True,6974241,26,1878275,True,73,280557,3071,32,55943
1.0400696864111498,3575249,19,22583,2296,high_quality_architectural/14973,True,5482848,16,1617869,True,43,202454,2388,13,64693
2.6244087038789026,1072442,20,30600,1057,high_quality_architectural/20030,True,2932118,20,1497334,True,45,282065,2774,13,49677
0.7496303597831444,1786485,11,23889,2029,high_quality_architectural/20031,True,3086109,12,1011780,True,24,216334,1521,8,47621
1.97270955165692,806153,12,16572,1026,high_quality_architectural/20032,True,2076624,13,1089274,True,22,124277,2024,11,40348
1.5869809203142538,456741,7,7382,891,high_quality_architectural/20033,True,1259874,9,667379,True,16,96743,1414,5,31629
1.307385229540918,586957,6,7809,1002,high_quality_architectural/20035,True,1312620,7,580210,True,27,106958,1310,6,30686
1.2070854638422206,4550669,32,73183,2738,high_quality_architectural/20036,True,9049090,33,3735827,True,78,639828,3305,12,49583
1.0383944153577662,15826963,10,13779,4011,high_quality_architectural/20043,True,16705815,11,733732,True,23,112201,4165,4,19140
1.4150702426564497,306950,4,6140,783,high_quality_architectural/20047,True,867564,4,456892,True,17,76546,1108,6,21036
1.7790432801822325,608205,6,8292,878,high_quality_architectural/20049,True,1371436,6,649773,True,15,89110,1562,7,16056
1.3955223880597014,421922,8,7980,938,high_quality_architectural/20057,True,1227842,7,683836,True,21,88521,1309,4,25583
0.37236774524910116,956105,6,6695,1947,high_quality_architectural/20058,True,1411575,9,368248,True,20,73879,725,2,6648
0.7825484764542936,972109,6,5233,1444,high_quality_architectural/20062,True,1631720,5,567110,True,18,68836,1130,2,18432
1.1452905811623246,455891,5,2892,998,high_quality_architectural/20063,True,1140714,3,581471,True,16,95825,1143,1,4635
0.824750192159877,558565,6,6057,1301,high_quality_architectural/20064,True,1395973,6,726243,True,18,85902,1073,8,19206
0.8811524609843937,235142,2,2536,833,high_quality_architectural/20068,True,611422,4,313925,True,11,50205,734,2,9614
1.1008196721311476,742385,9,8682,1220,high_quality_architectural/20071,True,1638460,10,750210,True,23,120659,1343,4,16524
1.528099173553719,837428,14,19315,1210,high_quality_architectural/20073,True,2237290,13,1229113,True,19,123846,1849,12,27588
0.8357094365241005,1339202,6,6538,1473,high_quality_architectural/20074,True,1813263,7,388536,True,14,65945,1231,4,13042
0.6210913549969344,726368,13,17963,1631,high_quality_architectural/20075,True,1652203,12,764563,True,24,120338,1013,8,22971
0.8770788141720897,756726,11,14503,1383,high_quality_architectural/20077,True,1677579,13,734465,True,24,144413,1213,11,27472
0.8152827918170878,1142019,14,13834,1662,high_quality_architectural/20078,True,2252010,15,923594,True,29,148556,1355,8,24007
1.835005574136009,2719131,22,49457,1794,high_quality_architectural/20080,True,5905848,22,2620771,True,60,410356,3292,34,106133
1.541002277904328,522570,7,7065,878,high_quality_architectural/20081,True,1187934,6,555389,True,22,84337,1353,5,18573
1.2701778385772913,1110099,13,19295,1462,high_quality_architectural/20084,True,2714934,15,1358995,True,27,175038,1857,10,51507
0.7688492063492064,413337,3,4807,1008,high_quality_architectural/20085,True,781200,5,305990,True,13,49068,775,2,7998
0.8856416772554002,164488,3,3219,787,high_quality_architectural/20088,True,548539,6,313154,True,14,54116,697,3,13562
0.9934372436423298,719708,7,10168,1219,high_quality_architectural/20091,True,1476209,8,624439,True,22,99577,1211,6,22317
1.386593920498831,1489041,6,9304,1283,high_quality_architectural/20092,True,2282457,5,666422,True,14,98865,1779,3,18825
1.313782991202346,1237218,13,13364,1364,high_quality_architectural/20093,True,2444288,14,1020812,True,21,132724,1792,13,40170
2.2128378378378377,1253646,22,27745,1184,high_quality_architectural/20094,True,3102080,20,1514259,True,43,271219,2620,14,35211
1.0393858477970628,1131200,14,24704,1498,high_quality_architectural/20096,True,2332386,15,972090,True,46,176561,1557,6,27831
0.5967184801381693,281953,5,8132,1158,high_quality_architectural/20097,True,800178,7,415879,True,21,85601,691,2,8613
2.0367321089297024,3248412,17,18363,1579,high_quality_architectural/20098,True,5078064,20,1550222,True,36,218178,3216,21,42889
0.5740932642487047,3104053,13,20310,2895,high_quality_architectural/20100,True,4811490,13,1464074,True,29,184816,1662,8,38237
0.6937759336099585,291861,7,9451,1205,high_quality_architectural/20102,True,1007380,9,584494,True,24,98992,836,5,22582
1.1263440860215055,2195877,24,41641,1860,high_quality_architectural/20106,True,3896700,22,1350718,True,46,257088,2095,12,51376
1.127906976744186,49608,6,3146,430,high_quality_architectural/20107,True,208550,8,133906,True,11,16770,485,5,5120
0.7808139534883721,1491027,9,12226,1720,high_quality_architectural/20109,True,2309960,11,690171,True,18,88770,1343,5,27766
1.6297016861219196,2064120,14,21042,1542,high_quality_architectural/20112,True,3875046,15,1572194,True,31,166633,2513,25,51057
1.2855887521968365,782667,7,6327,1138,high_quality_architectural/20113,True,1664894,6,757996,True,14,98420,1463,4,19484
0.9815112540192926,683969,7,7865,1244,colorful/7967,True,1518924,10,674469,True,29,140079,1221,10,12542
1.892324093816631,620395,9,9136,938,colorful/1957,True,1664950,10,893708,True,24,133823,1775,6,7888
1.1640058055152396,1370723,6,7792,1378,colorful/3836,True,2210312,6,729561,True,18,89505,1604,5,12731
1.2633879781420765,566665,8,9254,915,colorful/967,True,1057740,10,396267,True,17,65323,1156,9,20231
0.5759577278731837,697052,7,8344,1514,colorful/4058,True,1320208,8,538237,True,14,68639,872,7,7936
1.4234285714285715,3397492,12,19280,1750,colorful/9766,True,4359250,12,807838,True,30,116448,2491,9,18192
0.9748201438848921,332766,3,3744,834,colorful/3854,True,678042,5,290215,True,8,45989,813,2,5328
0.8268482490272373,1112090,14,14662,1542,colorful/220,True,1966050,15,701014,True,39,125036,1275,7,13248
1.3333333333333333,1404107,18,23984,1542,colorful/355,True,3170352,19,1537355,True,41,176010,2056,10,28896
1.1525096525096525,1336232,14,18221,1554,colorful/6232,True,2783214,16,1188786,True,33,216188,1791,11,23787
1.3211805555555556,1072150,7,9932,1152,colorful/3135,True,1753344,8,561098,True,17,91180,1522,4,18984
0.8195664909197422,1136540,11,20198,1707,colorful/4596,True,2388093,12,1003003,True,36,184068,1399,14,44284
0.47848837209302325,836737,4,7049,1720,colorful/6297,True,1415560,6,453375,True,20,100195,823,3,18204
1.717463848720801,588226,7,9152,899,colorful/3138,True,1388056,10,665613,True,20,100925,1544,5,24140
1.6142857142857143,282074,7,8426,770,colorful/1469,True,957110,6,561441,True,13,91098,1243,5,14071
2.3808035714285714,4944290,29,50369,2240,colorful/1398,True,11945920,23,5994106,True,79,639578,5333,85,317577
0.8617305976806423,449648,3,4989,1121,colorful/1732,True,1082886,5,517197,True,11,89884,966,2,21168
0.9454926624737946,988329,13,12474,1431,colorful/4770,True,1936143,16,809010,True,25,110896,1353,7,15434
0.4652605459057072,592336,9,8739,1612,colorful/3226,True,1209000,10,517391,True,23,78959,750,4,11575
0.5768518518518518,798276,12,22712,2160,colorful/2581,True,2691360,15,1581264,True,45,168740,1246,25,120368
0.703954802259887,178750,2,1833,885,colorful/476,True,551355,3,297363,True,12,49841,623,1,23568
0.659852820932134,448589,7,10419,1223,colorful/3133,True,986961,8,431676,True,18,82426,807,3,13851
1.0339342523860022,281532,5,6205,943,colorful/6190,True,919425,5,504783,True,18,101237,975,6,25668
0.6510869565217391,115108,2,2822,920,colorful/3809,True,551080,4,354730,True,12,66268,599,2,12152
1.8210382513661203,1126875,19,39822,1464,colorful/2571,True,3903024,22,2338941,True,40,286434,2666,14,110952
2.3741753063147972,5060150,31,40295,2122,colorful/1549,True,10690636,30,4802515,True,80,534217,5038,88,253459
1.333652924256951,975516,8,5540,1043,colorful/1077,True,1450813,10,404826,True,21,51351,1391,7,13580
1.3336755646817249,830949,3,7862,974,colorful/1875,True,1265226,5,340270,True,12,70965,1299,2,15180
1.3327495621716288,1008336,9,11520,1142,colorful/268,True,1738124,9,639390,True,16,69683,1522,4,9195
1.412604042806183,359932,8,6332,841,colorful/1042,True,999108,8,542262,True,18,75358,1188,4,15224
0.4745417515274949,116015,3,7535,982,colorful/4006,True,457612,3,270696,True,14,63366,466,0,0
0.5967878275570583,433485,3,6501,1183,colorful/1953,True,835198,6,320050,True,14,68110,706,1,7052
0.9046094750320103,1083249,7,22850,1562,colorful/8238,True,2207106,7,851664,True,16,180098,1413,11,69245
0.7857142857142857,1799656,10,16846,2044,colorful/4054,True,3282664,14,1244944,True,26,187715,1606,10,33503
1.493456131846825,4111641,13,26538,2063,colorful/2562,True,6356103,12,1884154,True,29,246870,3081,25,86900
1.3346124328472755,1129806,11,12067,1303,colorful/1736,True,2265917,15,986912,True,32,122239,1739,10,14893
0.6398820493918171,2197791,21,30705,2713,colorful/9953,True,4709768,21,2025217,True,67,366430,1736,21,89625
1.3333333333333333,3457934,15,19344,1872,colorful/7506,True,4672512,14,1044206,True,27,132468,2496,6,18560
1.332859174964438,2228596,3,4544,1406,colorful/2196,True,2634844,5,341682,True,12,56614,1874,1,3408
1.0345781466113417,1612388,5,5128,1446,colorful/8150,True,2163216,4,482820,True,9,54691,1496,4,8189
0.928136419001218,1319267,14,20339,1642,colorful/8235,True,2502408,15,1021447,True,25,124750,1524,8,16605
0.8141135972461274,419308,12,10121,1162,colorful/7862,True,1099252,11,567750,True,16,91325,946,4,10748
0.7068493150684931,951955,2,2590,1460,colorful/9207,True,1506720,2,377542,True,13,151273,1032,2,23360
1.0509125840537945,319315,8,9012,1041,colorful/3121,True,1138854,7,686469,True,18,100473,1094,6,23585
1.22143139580862,3906278,37,56250,2529,colorful/3682,True,7812081,35,3396451,True,65,407595,3089,20,45507
1.3329944077275038,3460330,13,16437,1967,colorful/5977,True,5157474,12,1523840,True,29,137776,2622,8,19091
0.9233333333333333,817513,7,8945,1500,colorful/7100,True,2077500,8,1090882,True,18,113134,1385,8,47026
0.6336123631680618,697950,9,14138,1553,colorful/1012,True,1528152,10,684545,True,21,111690,984,5,19829
1.378238341968912,658862,12,21596,1158,colorful/9016,True,1848168,12,951069,True,28,186099,1596,3,30542
0.7669902912621359,409579,3,4032,927,colorful/3651,True,659097,4,207222,True,9,34824,711,1,3440
0.7502183406113537,3147911,7,10760,2290,colorful/6321,True,3934220,6,651901,True,15,109054,1718,3,14594
2.11519364448858,6112421,17,44709,2014,colorful/2570,True,8579640,15,1883144,True,39,393841,4260,17,145525
0.6844106463878327,274011,3,2826,1052,colorful/8356,True,757440,4,376094,True,14,87778,720,5,16731
1.1549295774647887,410288,6,6912,923,colorful/9364,True,983918,6,495887,True,11,62335,1066,3,8496
2.084406294706724,2286539,15,22302,1398,colorful/3827,True,4073772,17,1572463,True,37,169652,2914,14,22816
1.3370786516853932,7906282,12,16624,2670,colorful/2205,True,9531900,13,1439135,True,23,148851,3570,10,21008
0.6816443594646272,401675,2,4888,1046,colorful/8397,True,745798,5,252773,True,13,62151,713,3,24311
1.1473429951690821,980858,6,9910,1242,colorful/2002,True,1769850,8,627917,True,26,124098,1425,7,27067
1.590347923681257,400818,8,10456,891,colorful/2129,True,1262547,5,762827,True,13,72246,1417,5,16200
1.9468377635197067,1253414,8,12017,1091,colorful/7054,True,2317284,9,905609,True,18,115372,2124,6,30872
1.333116036505867,2264625,7,10240,1534,colorful/8759,True,3137030,9,767346,True,17,80515,2045,5,14304
0.7475102519039251,1044406,10,11259,1707,colorful/9174,True,2178132,11,992772,True,28,106054,1276,9,23641
0.750367107195301,981139,3,6155,1362,colorful/1740,True,1391964,5,317820,True,11,65531,1022,4,21319
0.43925985518905875,333137,3,8766,1243,colorful/3722,True,678678,3,275342,True,13,61433,546,0,0
0.5794813979706878,103043,3,9700,887,colorful/3720,True,455918,3,281624,True,10,61551,514,0,0
1.0173364854215918,547930,12,12304,1269,colorful/7806,True,1638279,12,930269,True,21,131264,1291,7,16512
1.3333333333333333,731016,6,7664,984,colorful/1923,True,1291008,6,484144,True,11,60424,1312,3,7760
1.7236180904522613,440689,4,4380,796,colorful/9769,True,1092112,6,572538,True,16,64575,1372,3,9930
1.0176908752327747,610310,6,5982,1074,colorful/8537,True,1173882,8,488729,True,15,62205,1093,4,6656
0.7998375964271214,3581816,19,24038,2463,colorful/1470,True,4852110,16,1097364,True,35,123072,1970,16,25820
1.028252299605782,946802,12,13165,1522,colorful/3639,True,2381930,12,1243157,True,31,150608,1565,8,28198
1.1264845605700713,1655167,14,16544,1684,colorful/1553,True,3194548,16,1368825,True,26,131340,1897,14,22672
1.1053008595988538,1159266,8,14443,1396,colorful/413,True,2154028,9,775351,True,23,146198,1543,8,58770
1.8529411764705883,653599,9,12126,1054,colorful/6360,True,2058462,14,1123560,True,35,207677,1953,8,61500
0.9505776636713735,692984,27,22491,1558,colorful/34,True,2307398,21,1371672,True,64,196928,1481,17,23323
0.34536082474226804,312413,3,7629,1358,colorful/3103,True,636902,4,235389,True,17,72982,469,3,8489
1.2739872068230278,554890,4,5552,938,colorful/2194,True,1120910,5,499756,True,8,54904,1195,2,5808
1.3333333333333333,1148043,5,6959,1215,colorful/8338,True,1968300,7,725389,True,14,75093,1620,4,12816
1.2578534031413613,290422,5,7016,764,colorful/3132,True,734204,6,357987,True,11,64893,961,3,13886
1.3342857142857143,2008059,6,7424,1400,colorful/6327,True,2615200,7,522585,True,15,67164,1868,4,9968
1.3327137546468402,826697,5,6576,1076,colorful/1794,True,1542984,5,627449,True,15,64950,1434,6,17312
2.213175425610659,2752067,10,16011,1351,colorful/9393,True,4039490,13,1072970,True,48,181104,2990,9,17338
0.9297445255474452,486879,5,9652,1096,colorful/803,True,1116824,7,514916,True,17,81171,1019,3,24206
1.3333333333333333,1547033,14,24026,1611,colorful/9893,True,3460428,18,1715939,True,28,149366,2148,11,24064
1.3331062670299727,7754848,21,42665,2936,colorful/9642,True,11491504,22,3291499,True,48,328514,3914,26,73978
1.4074605451936872,191214,5,6272,697,colorful/6296,True,683757,6,427861,True,13,43368,981,11,15042
1.1426759670259987,1567072,12,19417,1577,colorful/9192,True,2841754,15,998402,True,31,205360,1802,10,51503
1.6640671865626875,3778858,20,22076,1667,colorful/3895,True,4624258,8,509025,True,47,276947,2774,21,37352
1.5628847845206684,985781,9,12240,1137,colorful/9652,True,2020449,11,881764,True,32,123995,1777,21,16669
1.3335392217418158,1974576,9,17504,1619,colorful/1961,True,3495421,13,1290018,True,29,186829,2159,9,26494
0.6958400864397623,1362759,11,13536,1851,colorful/2027,True,2384088,13,875631,True,23,115490,1288,8,16672
1.777496839443742,3614431,12,14976,1582,colorful/6451,True,4448584,12,636499,True,34,150566,2812,9,32112
0.9854875283446712,1897577,13,26761,2205,colorful/1862,True,4791465,18,2492597,True,38,313566,2173,8,60964
1.3327787021630615,6473637,12,14758,2404,colorful/8385,True,7702416,13,1083363,True,33,110693,3204,16,19965
0.5625356938892062,1166258,3,5672,1751,colorful/9017,True,1724735,5,402931,True,13,126291,985,2,23583
0.8206967213114754,243676,3,4480,976,colorful/619,True,781776,4,467098,True,14,44922,801,5,21600
1.454102355808286,967192,11,14851,1231,colorful/158,True,2203490,11,1077694,True,20,126149,1790,11,17604
1.3333333333333333,1664215,7,8064,1314,colorful/3006,True,2302128,8,561739,True,15,60844,1752,3,7266
1.3325859491778775,995749,13,18240,1338,colorful/6343,True,2385654,13,1232521,True,23,118904,1783,9,20240
1.7513855898653998,1331520,19,24416,1263,colorful/9694,True,2793756,19,1234876,True,45,185888,2212,9,17056
1.789983844911147,1053023,15,22607,1238,colorful/5941,True,2743408,15,1491287,True,40,146029,2216,15,30462
1.8642036944583125,3712097,21,51876,2003,colorful/8102,True,7479202,18,3309386,True,54,316410,3734,37,89433
1.4608266502159162,2495183,13,19896,1621,colorful/1680,True,3838528,14,1133668,True,21,149719,2368,10,40062
0.7814432989690722,370473,2,3268,970,colorful/9018,True,735260,5,267631,True,15,71451,758,3,22437
1.0343535290443473,1283840,18,25759,1601,colorful/9045,True,2651256,15,1189001,True,33,122016,1656,13,30640
1.3333333333333333,2501888,10,13456,1602,colorful/8262,True,3421872,13,804068,True,17,88764,2136,7,13696
1.1270588235294117,225775,6,8585,850,colorful/6182,True,814300,7,501020,True,17,66442,958,3,12478
0.6776586974443528,255210,7,9469,1213,colorful/8156,True,997086,10,631576,True,16,80626,822,3,20205
1.1764705882352942,1873935,7,8830,1530,colorful/9007,True,2754000,9,777852,True,20,73559,1800,13,19824
0.6415094339622641,326085,3,6525,1007,colorful/8395,True,650522,4,233582,True,13,62097,646,3,22233
0.9321912919343326,4905321,26,46615,2802,colorful/9831,True,7318824,27,1970190,True,76,342102,2612,30,54596
1.9554054054054053,2123894,22,36577,1480,colorful/3159,True,4283120,22,1709582,True,69,353145,2894,21,59922
1.3334795963141728,4406353,22,27319,2279,colorful/5916,True,6925881,25,2154946,True,58,298025,3039,18,39238
1.317681584739545,1447054,10,12075,1363,colorful/809,True,2447948,13,858305,True,26,119058,1796,6,11456
1.0870459218642907,1039098,14,21080,1459,colorful/4539,True,2313974,14,1117036,True,30,115528,1586,8,21232
1.0051085568326947,245261,2,2707,783,colorful/1320,True,616221,5,301832,True,11,59613,787,2,6808
1.1848184818481848,848184,10,12752,1212,colorful/9495,True,1740432,9,768689,True,19,99047,1436,5,11760
0.37714285714285717,394486,3,5396,1400,colorful/3136,True,739200,5,278397,True,7,56735,528,1,4186
0.4542326221610461,605613,3,5242,1453,colorful/3137,True,958980,4,274579,True,10,69516,660,1,4030
1.8978288633461047,2330062,20,23213,1566,colorful/8249,True,4654152,23,2057725,True,65,204204,2972,22,38948
0.9146341463414634,651119,4,5267,1230,colorful/6028,True,1383750,6,651866,True,15,70762,1125,2,4736
0.44550517104216386,366082,3,7184,1257,colorful/3721,True,703920,3,272206,True,11,58448,560,0,0
1.3327759197324414,1196362,5,6838,1196,colorful/30,True,1906424,5,613877,True,15,76223,1594,4,13124
1.3334621329211747,6287087,16,22096,2588,colorful/9392,True,8931188,19,2343979,True,43,256122,3451,11,21904
1.3331518780620577,2543896,18,27827,1837,colorful/6230,True,4498813,19,1734024,True,34,166266,2449,9,26800
0.5486111111111112,1214580,10,11370,2016,colorful/7672,True,2229696,11,895373,True,22,97261,1106,4,11112
1.3326530612244898,1957362,8,10272,1470,colorful/9959,True,2879730,9,813032,True,20,83352,1959,8,15712
1.1572815533980583,535475,5,4621,1030,colorful/3716,True,1227760,6,619653,True,18,51421,1192,5,16590
1.3333333333333333,2319595,10,12755,1515,colorful/7513,True,3060300,10,650582,True,13,66638,2020,5,10730
0.6914033798677444,678600,7,10158,1361,colorful/1194,True,1280701,8,496761,True,18,79267,941,4,15915
1.1309949892627058,846629,11,12204,1397,colorful/4575,True,2207260,11,1199724,True,22,114479,1580,7,34224
1.0402621722846441,574185,11,7437,1068,colorful/9623,True,1186548,14,492508,True,26,97993,1111,7,14425
1.3942133815551536,780043,4,16544,1106,colorful/3181,True,1705452,8,604207,True,9,265766,1542,4,38892
1.604176123467998,4994184,17,41810,2203,colorful/6113,True,7785402,18,2231141,True,40,386112,3534,26,132155
1.090637450199203,621157,3,4017,1004,colorful/1570,True,1099380,5,416676,True,10,51322,1095,2,6208
1.3330464716006885,967316,5,5628,1162,colorful/10052,True,1799938,4,741812,True,16,70995,1549,7,14187
1.0,821375,9,10995,1165,colorful/10062,True,1357225,6,429425,True,26,79554,1165,2,15876
1.3636363636363635,3168832,16,29643,2002,colorful/10106,True,5465460,18,1902694,True,50,270289,2730,25,94002
0.8274253731343284,338245,6,7664,1072,colorful/10266,True,950864,6,524340,True,20,71095,887,3,9520
1.65303738317757,480076,6,11018,856,colorful/10312,True,1211240,7,561790,True,25,123246,1415,7,35110
0.8266666666666667,846723,5,9078,1350,colorful/10315,True,1506600,7,492706,True,25,106271,1116,12,51822
0.45745654162854527,162320,4,8084,1093,colorful/10469,True,546500,3,279740,True,12,89364,500,1,6992
1.332394366197183,1395049,10,18364,1420,colorful/10481,True,2686640,8,1109191,True,20,142775,1892,5,21261
1.3325714285714285,2821257,16,20477,1750,colorful/10611,True,4081000,17,1092121,True,26,130524,2332,11,16621
1.5399610136452242,423325,16,20741,1026,colorful/10706,True,1621080,17,1008918,True,40,142032,1580,7,26064
0.8925459825750242,1408076,24,34242,2066,colorful/10709,True,3809704,20,2132373,True,40,196504,1844,30,38509
0.5382830626450116,357730,6,11598,1293,colorful/10711,True,899928,6,419585,True,23,84909,696,4,26106
1.8918918918918919,505124,8,14449,851,colorful/10777,True,1370110,8,704138,True,25,118527,1610,6,27872
1.3328197226502312,4102096,8,9111,1947,colorful/11031,True,5052465,10,852606,True,19,79742,2595,4,8910
1.948207171314741,404340,5,5440,753,colorful/11044,True,1104651,5,601196,True,18,74723,1467,4,18952
0.9517566858940745,2157277,16,33150,1907,colorful/11104,True,3461205,14,1133256,True,23,111610,1815,16,25912
0.9971164936562861,1453482,17,18379,1734,colorful/11128,True,2998086,21,1340734,True,38,156675,1729,14,28816
0.5477777777777778,851971,9,15459,1800,colorful/11191,True,1774800,11,774182,True,23,109194,986,5,23994
0.5601879036993541,795738,9,12633,1703,colorful/11192,True,1624662,12,695880,True,24,98670,954,5,21741
0.8326180257510729,2009696,9,15300,1864,colorful/11193,True,2892928,13,743747,True,21,100102,1552,5,24083
0.7227722772277227,728799,9,15758,1515,colorful/11194,True,1658925,10,788057,True,23,101863,1095,5,24448
0.47170837867247006,649713,9,13767,1838,colorful/11195,True,1593546,11,794063,True,32,109891,867,5,26112
0.4642857142857143,537661,9,15848,1792,colorful/11196,True,1490944,11,802284,True,25,108474,832,8,26677
1.174124513618677,360334,8,11021,1028,high_quality/6139,True,1240796,11,734032,True,20,107304,1207,5,28105
1.1365795724465557,310996,9,7647,842,high_quality/4673,True,805794,9,368051,True,23,104194,957,2,14906
0.8713725490196078,829718,5,9519,1275,high_quality/7547,True,1416525,4,456537,True,13,85956,1111,7,34795
0.7073170731707317,2242992,7,9061,2132,high_quality/7729,True,3215056,7,871184,True,17,73534,1508,5,18285
1.3358395989974938,299422,9,6590,798,high_quality/4633,True,850668,8,477157,True,15,55791,1066,5,11708
1.4357541899441342,961310,7,8050,1074,high_quality/810,True,1656108,7,573843,True,15,94671,1542,3,18234
1.7569745815251085,2421085,14,33449,1613,high_quality/8718,True,4571242,17,1705259,True,36,361491,2834,12,49958
0.7183195592286501,1096311,4,5626,1452,high_quality/9209,True,1514436,6,339069,True,12,66470,1043,1,6960
0.9802405498281787,746778,6,8528,1164,high_quality/885,True,1328124,7,459740,True,18,104662,1141,3,8416
0.7145993413830956,1301317,10,11132,1822,high_quality/9703,True,2372244,11,887817,True,28,148908,1302,7,23070
0.5317460317460317,820029,9,6907,1638,high_quality/5043,True,1426698,9,515006,True,17,74162,871,4,10594
0.7915726109857035,478957,9,9379,1329,high_quality/1682,True,1398108,11,808786,True,18,84166,1052,6,16820
1.0337972166998013,280267,7,7405,1006,high_quality/8322,True,1046240,5,654397,True,28,77464,1040,2,26707
1.0029607698001481,782997,7,7942,1351,high_quality/1976,True,1830605,8,905663,True,17,111058,1355,6,22945
0.75,1207905,7,7848,1620,high_quality/1429,True,1968300,9,646309,True,14,93038,1215,3,13200
1.1500412201154164,737258,12,14495,1213,high_quality/1092,True,1692135,13,752069,True,32,160970,1395,10,27343
0.5340909090909091,434287,11,10468,1496,high_quality/8562,True,1195304,9,642242,True,22,99746,799,3,8561
1.236503856041131,210965,6,4068,778,high_quality/7522,True,748436,6,469054,True,17,54605,962,3,9744
1.3225404732254047,276736,5,6496,803,high_quality/5540,True,852786,5,496164,True,18,64190,1062,3,9200
1.5727424749163879,940683,14,28260,1196,high_quality/631,True,2249676,16,1095044,True,33,156409,1881,8,29280
1.5378564405113078,440555,2,5734,1017,high_quality/2553,True,1590588,11,976470,True,24,139477,1564,5,28352
1.4,957235,11,17482,1240,high_quality/5801,True,2152640,10,985573,True,22,152452,1736,7,39898
1.4119960668633236,760721,7,7554,1017,high_quality/3147,True,1460412,7,590531,True,17,90181,1436,5,11425
1.1108333333333333,859119,11,11774,1200,high_quality/8763,True,1599600,12,600705,True,16,103525,1333,9,24477
1.3391384051329056,697932,9,8920,1091,high_quality/626,True,1593951,9,760435,True,20,110748,1461,5,15916
0.7032617342879872,637833,5,3847,1257,high_quality/6429,True,1111188,5,386508,True,15,70235,884,3,12765
1.33364312267658,771166,5,7164,1076,high_quality/6699,True,1544060,7,668850,True,13,83430,1435,4,13450
1.49519890260631,284058,6,7855,729,high_quality/1565,True,794610,5,396814,True,16,90622,1090,3,15261
1.8715478484264612,2814957,16,23066,1557,high_quality/9331,True,4537098,16,1467751,True,56,198975,2914,13,32349
0.9190832553788587,2201986,16,25446,2138,high_quality/4693,True,4201170,17,1692360,True,28,262328,1965,9,19050
1.3333333333333333,849296,5,7568,1059,high_quality/9888,True,1495308,6,556376,True,14,72100,1412,3,9968
1.0444915254237288,1241911,6,10193,1416,high_quality/5686,True,2094264,7,695723,True,17,116758,1479,5,29679
1.646341463414634,375193,7,7465,820,high_quality/1115,True,1107000,7,601843,True,19,106315,1350,4,16184
1.3345724907063197,826661,8,8750,1076,high_quality/7823,True,1545136,7,630329,True,18,56650,1436,18,22746
0.8767535070140281,464959,3,3933,998,high_quality/9000,True,873250,4,336787,True,8,59849,875,2,7722
0.6463782696177063,1915364,6,8482,1988,high_quality/4675,True,2554580,6,539446,True,16,65172,1285,4,26116
1.20403825717322,373219,6,7429,941,high_quality/9928,True,1066153,6,566554,True,17,94397,1133,6,24554
1.2822445561139029,1087253,7,8480,1194,high_quality/1605,True,1828014,8,610967,True,23,102871,1531,6,18443
1.3485436893203884,805242,8,7890,1030,high_quality/1468,True,1430670,8,507503,True,17,92156,1389,5,17879
1.2119741100323624,161263,5,5085,618,high_quality/9742,True,462882,5,248389,True,18,45025,749,2,3120
1.2039877300613497,2821138,16,21440,1956,high_quality/3692,True,4606380,17,1574506,True,28,152000,2355,25,37296
1.251236399604352,802805,5,4000,1011,high_quality/2059,True,1278915,7,384677,True,20,80889,1265,2,6544
0.8645996860282574,2872247,32,33022,2548,high_quality/5581,True,5613244,29,2372035,True,42,266632,2203,22,69308
0.8194285714285714,239199,4,4829,875,high_quality/4025,True,627375,7,317960,True,12,58787,717,2,6600
0.7704402515723271,644816,7,6981,1272,high_quality/3914,True,1246560,9,512822,True,13,68210,980,4,13731
0.8313796212804329,640865,4,5926,1109,high_quality/2052,True,1022498,4,295251,True,16,72631,922,2,7825
1.0499286733238231,112608,4,3872,701,high_quality/9417,True,515936,5,332987,True,11,55931,736,2,10538
1.5977142857142856,423317,6,7771,875,high_quality/208,True,1223250,7,652061,True,18,122605,1398,3,17496
0.4147619047619048,524057,11,14951,2100,high_quality/4746,True,1829100,14,1139990,True,26,138189,871,5,11913
1.4947698744769875,445077,11,13774,956,high_quality/994,True,1366124,10,810544,True,19,85353,1429,5,11376
0.7501203659123736,2321777,9,9825,2077,high_quality/1907,True,3235966,9,793318,True,30,96526,1558,5,14520
0.7796432318992654,176904,3,3293,953,high_quality/5932,True,708079,5,437300,True,15,74649,743,4,15933
0.9654471544715447,342484,5,5606,984,high_quality/743,True,934800,6,493644,True,17,83553,950,3,9513
1.888583218707015,426283,7,6741,727,high_quality/3775,True,998171,8,455392,True,21,70446,1373,12,39309
0.710172744721689,228056,6,6548,1042,high_quality/5026,True,771080,7,460189,True,25,66988,740,4,9299
1.412729026036644,746654,7,7475,1037,high_quality/3814,True,1519205,7,653144,True,14,97235,1465,4,14697
2.6572972972972972,611275,17,16848,925,high_quality/2057,True,2273650,16,1373802,True,38,251287,2458,11,20438
1.0495123780945237,818448,10,11733,1333,high_quality/2197,True,1864867,11,870461,True,20,142515,1399,8,21710
0.42554744525547444,405519,3,6536,1370,high_quality/1144,True,798710,5,306458,True,15,67546,583,2,12651
1.9623724489795917,2683109,18,19931,1568,high_quality/6565,True,4824736,19,1880370,True,50,210147,3077,8,31179
1.5508982035928143,820587,6,14483,1002,high_quality/9590,True,1557108,5,569920,True,15,132378,1554,5,19740
1.3002364066193854,918858,12,11954,1269,high_quality/677,True,2093850,13,980513,True,31,145809,1650,9,36716
1.0700787401574803,1096594,7,6466,1270,high_quality/4702,True,1725930,6,542008,True,12,58774,1359,4,22088
1.3329896907216494,633716,9,6971,970,high_quality/582,True,1254210,11,519027,True,25,79781,1293,6,14715
1.9073842302878599,2658599,16,27004,1598,high_quality/6694,True,4870704,16,1784733,True,43,314333,3048,26,86035
1.4992,152577,6,5048,625,high_quality/932,True,585625,6,353345,True,16,56808,937,4,17847
1.4139402560455192,2173090,6,6390,1406,high_quality/3092,True,2795128,7,526859,True,14,77680,1988,3,11109
1.0,1923676,2,2678,1576,high_quality/9416,True,2483776,5,462632,True,15,80221,1576,6,14569
0.8045738045738046,136046,6,4798,962,high_quality/3846,True,744588,5,518921,True,16,73378,774,3,11445
1.196229648671808,1162876,6,4686,1167,high_quality/7501,True,1629132,6,405531,True,15,50410,1396,3,5629
0.9402313624678663,594361,14,15881,1556,high_quality/4002,True,2276428,14,1415036,True,35,209311,1463,7,41839
0.8162926018287614,2677197,17,29442,2406,high_quality/5697,True,4725384,21,1711264,True,31,236132,1964,11,71349
0.4923694779116466,372124,5,5292,1245,high_quality/6148,True,763185,6,318524,True,13,61437,613,2,5808
1.1312987934705465,1269612,7,10120,1409,high_quality/108,True,2245946,8,805061,True,19,133941,1594,7,27212
0.7480314960629921,262151,5,6832,1143,high_quality/230,True,977265,6,643957,True,12,60309,855,2,4016
1.4373865698729582,707616,7,12629,1102,high_quality/4015,True,1745568,12,792356,True,26,168643,1584,8,64324
1.2700106723585913,273036,8,9825,937,high_quality/1138,True,1115030,8,704759,True,18,93322,1190,5,34088
1.3333333333333333,4047813,10,13232,1944,high_quality/9830,True,5038848,12,834391,True,31,110990,2592,16,32422
1.333011583011583,939338,8,9632,1036,high_quality/3569,True,1430716,7,405557,True,23,59957,1381,3,16232
1.5143522110162917,1140712,12,19417,1289,high_quality/8175,True,2516128,13,1115966,True,31,184144,1952,13,55889
1.7984293193717278,166790,10,11787,764,high_quality/1756,True,1049736,8,738751,True,20,103478,1374,6,28930
1.5628272251308901,341324,6,4826,764,high_quality/6180,True,912216,6,477675,True,12,78248,1194,2,10143
0.5807228915662651,328928,6,6690,1245,high_quality/9949,True,900135,7,489618,True,20,65673,723,5,9226
1.5825471698113207,513096,3,3216,848,high_quality/9872,True,1138016,5,529187,True,14,77767,1342,3,14750
1.4693446088794926,536057,5,6323,946,high_quality/1516,True,1314940,3,692863,True,15,69956,1390,3,9741
0.9212328767123288,754264,4,4836,1168,high_quality/6310,True,1256768,5,421044,True,9,65656,1076,3,10968
0.8302197802197803,1624581,21,22406,1820,high_quality/4901,True,2750020,21,914312,True,46,148057,1511,22,40664
0.5214216163583252,2038442,10,11679,2054,high_quality/9451,True,2199834,0,0,True,20,130775,1071,4,18938
1.3333333333333333,2360622,7,9064,1440,high_quality/8033,True,2764800,8,294268,True,23,93198,1920,2,7648
0.6134020618556701,221703,9,10374,1358,high_quality/6145,True,1131214,12,762390,True,21,114367,833,5,22380
1.0,1664405,7,8002,1534,high_quality/9511,True,2353156,10,570446,True,19,96863,1534,3,13440
0.42800528401585203,230649,7,7102,1514,high_quality/6311,True,981072,8,649892,True,17,77237,648,5,16192
1.3333333333333333,517834,5,6535,837,high_quality/8205,True,934092,4,328689,True,13,68014,1116,2,13020
0.9903011740684022,2136676,19,21400,1959,high_quality/5912,True,3800460,21,1344398,True,44,243154,1940,20,54832
1.9326984126984128,2543497,16,26218,1575,high_quality/1283,True,4794300,14,1900563,True,31,290892,3044,7,33130
1.556135770234987,316608,6,5462,766,high_quality/1456,True,913072,5,532880,True,22,45857,1192,8,12265
1.5104651162790699,379961,11,9204,860,high_quality/7856,True,1117140,10,625792,True,19,85230,1299,5,16953
1.3330903790087463,1069073,15,20904,1372,high_quality/8507,True,2509388,15,1215099,True,26,165715,1829,9,38597
1.0048285852245291,2097957,26,33673,2071,high_quality/4643,True,4309751,25,1831455,True,55,287168,2081,19,59498
1.1286995515695066,3767270,17,28136,2230,high_quality/5509,True,5612910,15,1502346,True,47,247213,2517,21,67945
1.4356699201419698,1000512,7,10704,1127,high_quality/1230,True,1823486,5,690531,True,18,99989,1618,4,21750
1.228395061728395,628465,11,15808,1134,high_quality/1318,True,1579662,12,764211,True,28,131711,1393,11,39467
0.800711743772242,305232,6,9066,1124,high_quality/3858,True,1011600,7,588633,True,20,91029,900,4,17640
0.859190031152648,1285629,9,11669,1605,high_quality/1245,True,2213295,10,771784,True,23,119950,1379,5,24263
1.1449426485922836,293452,5,5928,959,high_quality/1081,True,1052982,8,631505,True,35,89741,1098,7,32356
0.9706484641638226,1041669,11,14954,1465,high_quality/5105,True,2083230,15,802599,True,36,194263,1422,8,29745
0.8777327935222672,541229,7,12328,1235,high_quality/7912,True,1338740,5,624053,True,16,128015,1084,4,33115
1.4538745387453875,695914,12,14450,1084,high_quality/5775,True,1708384,12,884672,True,22,93556,1576,9,19792
1.3331627430910953,4491971,5,9768,1954,high_quality/221,True,5090170,6,471647,True,14,105893,2605,2,10891
1.3391812865497077,930197,11,15813,1197,high_quality/5519,True,1918791,12,799231,True,29,138666,1603,10,34884
1.3236245954692556,515208,6,5249,927,high_quality/3653,True,1137429,5,537180,True,14,69570,1227,3,10222
1.41241890639481,925302,7,7318,1079,high_quality/5907,True,1644396,8,629198,True,25,71983,1524,11,10595
1.1252676659528908,411726,6,6099,934,high_quality/5615,True,981634,4,505278,True,14,53576,1051,5,4955
1.4237995824634655,1213409,7,5880,958,high_quality/6683,True,1306712,0,0,True,27,73119,1364,4,14304
1.1906005221932114,435396,12,25935,1149,high_quality/1391,True,1571832,10,996429,True,26,100280,1368,5,13792
1.2691990090834022,952047,13,10786,1211,high_quality/133,True,1861307,11,784907,True,18,96207,1537,8,17360
0.763901549680948,469293,4,7313,1097,high_quality/1712,True,919286,5,366932,True,13,71340,838,1,4408
1.6567481402763018,380191,8,10560,941,high_quality/5594,True,1467019,7,960220,True,18,97632,1559,4,18416
2.198744769874477,3016992,13,36569,1434,high_quality/9835,True,4521402,5,1093192,True,34,305948,3153,19,68701
1.5579868708971554,546717,4,5696,914,high_quality/1742,True,1301536,5,630241,True,19,103108,1424,3,15774
1.3333333333333333,3083107,13,15470,1887,high_quality/8176,True,4747692,16,1486832,True,37,121895,2516,22,40388
2.0639147802929427,549276,5,7404,751,high_quality/7080,True,1164050,6,491712,True,17,100988,1550,3,14670
1.9345114345114345,569573,8,12839,962,high_quality/77,True,1790282,10,1013312,True,29,144638,1861,13,49920
1.3080625752105897,424003,5,5936,831,high_quality/395,True,903297,8,388471,True,16,66835,1087,3,18052
0.8534684333593141,665006,5,5851,1283,high_quality/8026,True,1404885,5,633586,True,12,85448,1095,4,14994
0.6533599467731205,804635,8,12093,1503,high_quality/448,True,1475946,8,555314,True,18,82195,982,4,21709
1.6312563840653729,1016201,5,5469,979,high_quality/7075,True,1563463,5,462396,True,12,62492,1597,4,16905
0.7808219178082192,185557,8,5677,1022,high_quality/6373,True,815556,7,535953,True,15,79249,798,2,9120
1.320973348783314,389126,6,7272,863,high_quality/1503,True,983820,5,498372,True,12,76607,1140,3,12443
0.5733000623830318,523797,3,3448,1603,high_quality/1187,True,1473157,6,809739,True,20,127662,919,2,8511
0.6819396716303933,2332476,18,35394,2619,high_quality/6661,True,4677534,18,1767296,True,84,446544,1786,19,95824
1.3106382978723403,509953,6,9571,940,high_quality/9857,True,1158080,6,507645,True,14,108801,1232,3,22110
0.7057956777996071,2312066,5,10584,2036,high_quality/271,True,2925732,5,458770,True,17,120644,1437,4,23668
0.5821782178217821,745355,8,7593,1515,high_quality/975,True,1336230,8,496765,True,19,72395,882,5,14122
0.7070654976792161,1860396,9,8234,1939,high_quality/1968,True,2658369,12,657083,True,23,115958,1371,5,16698
1.239845261121857,429907,11,14989,1034,high_quality/7621,True,1325588,10,737060,True,18,97342,1282,13,46290
1.333025404157044,4694638,15,24338,2165,high_quality/3980,True,6248190,14,1281901,True,40,200665,2886,18,46648
1.4402467232074017,1522596,4,5026,1297,high_quality/4936,True,2422796,5,796717,True,16,88841,1868,3,9616
1.4173042966450853,2346557,15,29052,1699,high_quality/5620,True,4091192,16,1370880,True,39,297823,2408,9,46880
1.2119932432432432,669584,12,13651,1184,high_quality/9775,True,1699040,10,869635,True,24,117389,1435,6,28781
0.9588053553038105,370331,6,6127,971,high_quality/7958,True,904001,6,454833,True,10,61600,931,3,11110
1.6372881355932203,409005,8,9544,885,high_quality/7539,True,1282365,7,706448,True,25,140068,1449,7,17300
0.7970265029088559,943680,11,14777,1547,high_quality/2089,True,1907451,12,783271,True,33,137867,1233,8,27856
1.7574660633484163,894856,7,6703,1105,high_quality/3089,True,2145910,13,1065599,True,19,144205,1942,11,34547
1.2,1428096,8,10939,1320,high_quality/2515,True,2090880,8,536029,True,16,95199,1584,5,20617
1.8964824120603014,972513,8,11347,995,high_quality/5844,True,1877565,9,741966,True,17,127469,1887,5,24270
0.7577092511013216,405518,10,11740,1362,high_quality/5084,True,1405584,9,832784,True,22,124168,1032,6,31374
1.2190812720848057,190727,4,3417,849,high_quality/3249,True,878715,5,584065,True,11,78571,1035,3,21935
1.6408952187182095,664728,7,9986,983,high_quality/9968,True,1585579,6,741870,True,20,134582,1613,5,34413
1.3328540618260245,1587852,10,12576,1391,high_quality/8684,True,2578914,12,844904,True,36,123726,1854,7,9856
1.208939708939709,449612,6,7590,962,high_quality/4017,True,1118806,5,539065,True,20,108839,1163,3,13700
0.8335616438356165,1139509,5,7831,1460,high_quality/3733,True,1776820,6,512057,True,17,84908,1217,5,32515
1.72778166550035,1605216,30,36405,1429,high_quality/7086,True,3528201,27,1533208,True,57,289055,2469,29,64317
1.2472757753562447,630833,6,8099,1193,high_quality/3086,True,1775184,11,947982,True,24,188270,1488,0,0
0.5982222222222222,209775,7,8440,1125,high_quality/7689,True,757125,8,452524,True,12,72580,673,4,13806
0.8772770853307766,331054,6,11060,1043,high_quality/1471,True,954345,5,501372,True,19,99406,915,4,11453
1.3981968444778363,885589,12,13238,1331,high_quality/1713,True,2476991,12,1346925,True,30,195690,1861,9,35549
0.37129012719563903,301338,7,9354,1651,high_quality/6398,True,1012063,9,592565,True,18,98016,613,4,10790
1.7534498620055199,706051,11,15412,1087,high_quality/5606,True,2071822,13,1115196,True,47,173735,1906,11,61428
1.5198529411764705,1179841,9,16682,1360,high_quality/6395,True,2811120,10,1392113,True,31,177887,2067,8,44597
1.0838052095130237,1794687,6,16378,1766,high_quality/275,True,3380124,5,1403519,True,14,130833,1914,10,34707
1.7518450184501846,1386646,6,7456,1084,high_quality/3594,True,2058516,6,578874,True,18,73028,1899,3,12512
1.0147783251231528,1488650,11,18474,1624,high_quality/1672,True,2676352,10,993182,True,20,143409,1648,13,32637
1.2316570486397362,833559,11,9789,1213,high_quality/5728,True,1812222,13,820609,True,29,130371,1494,7,17894
0.8493353028064993,659213,6,7476,1354,high_quality/1250,True,1557100,8,777937,True,16,91482,1150,4,20992
0.8412017167381974,538951,6,8432,1165,high_quality/1072,True,1141700,7,492083,True,13,88684,980,4,13550
1.5767790262172285,427089,7,7734,801,high_quality/7018,True,1011663,6,468772,True,18,92384,1263,3,15684
0.6840390879478827,680449,9,11557,1535,high_quality/107,True,1611750,9,792940,True,23,107662,1050,5,19142
1.289902280130293,959471,7,13120,1228,high_quality/883,True,1945152,9,750058,True,22,208717,1584,4,13786
0.9547557840616967,1394811,19,33337,1945,high_quality/1548,True,3611865,14,1851262,True,28,255140,1857,26,77315
1.315233785822021,98337,5,6056,663,high_quality/1644,True,578136,5,376542,True,8,80519,872,3,16682
1.6604477611940298,490418,6,7080,804,high_quality/6091,True,1073340,6,455711,True,19,103429,1335,3,16702
1.2190121155638396,444331,12,7957,1073,high_quality/3840,True,1403484,12,841790,True,17,89226,1308,9,20180
0.8996197718631179,858797,6,8167,1315,high_quality/3588,True,1555645,8,596093,True,14,76649,1183,6,15939
1.3081264108352144,546037,6,7477,886,high_quality/3776,True,1026874,6,406340,True,18,61606,1159,3,5414
1.3115942028985508,357552,8,10997,966,high_quality/4674,True,1223922,8,731382,True,12,101683,1267,5,22308
1.4203420342034203,1069040,6,8769,1111,high_quality/4723,True,1753158,6,549210,True,22,103187,1578,3,22952
0.7773766546329723,1095339,12,18113,1662,high_quality/255,True,2147304,12,816099,True,23,186072,1292,10,31681
1.0604395604395604,621384,7,8421,1092,high_quality/5624,True,1264536,5,553198,True,15,73261,1158,4,8272
1.3203429462197973,1592361,5,6350,1283,high_quality/9456,True,2173402,4,483122,True,13,80337,1694,3,11232
1.4314420803782506,425238,5,5390,846,high_quality/7049,True,1024506,6,499333,True,15,74701,1211,8,19844
1.4899514899514898,1615086,13,19118,1443,high_quality/3735,True,3102450,14,1306175,True,26,126271,2150,10,35800
1.6796019900497512,856866,4,4873,1005,high_quality/8166,True,1696440,5,733317,True,14,83018,1688,8,18366
0.9427012278308322,121107,3,3971,733,high_quality/3530,True,506503,4,314547,True,8,59334,691,2,7544
1.831578947368421,1420686,17,22779,1425,high_quality/8676,True,3719250,17,2005701,True,33,206516,2610,14,63568
1.4252288911495423,582155,7,6015,983,high_quality/4634,True,1377183,7,695766,True,26,77951,1401,4,15296
0.8445642407906558,639995,3,3212,1113,high_quality/2134,True,1046220,6,326942,True,16,65712,940,4,10359
1.6142180094786729,510012,12,10902,1055,high_quality/1448,True,1796665,5,1046899,True,42,178841,1703,5,50011
1.2739593417231365,394993,8,11540,1033,high_quality/7646,True,1359428,7,823659,True,17,103407,1316,5,25829
1.103448275862069,324480,6,6472,899,high_quality/9554,True,891808,4,485914,True,11,60844,992,3,14098
1.0315884476534296,423303,8,13424,1108,high_quality/5073,True,1266444,6,734185,True,15,76535,1143,10,18997
1.9182137481184145,4365688,15,13456,1993,high_quality/8329,True,7619239,22,2899900,True,51,292979,3823,21,47216
1.4994206257242177,278770,5,4723,863,high_quality/8662,True,1116722,9,693027,True,19,99702,1294,5,40500
1.7780701754385966,773469,12,10384,1140,high_quality/3066,True,2310780,16,1284662,True,28,219098,2027,12,23167
0.9552605703048181,1828932,14,24081,2034,high_quality/6128,True,3952062,14,1777341,True,35,290310,1943,12,31398
0.7736185383244206,916471,10,15520,1683,high_quality/6241,True,2191266,12,1070258,True,23,166427,1302,6,22590
1.4017957351290684,397158,7,10026,891,high_quality/1523,True,1112859,7,590138,True,18,91326,1249,4,24211
0.7029449423815621,749682,12,18850,1562,high_quality/4817,True,1715076,14,779134,True,34,135710,1098,10,31700
1.3204565408252853,927418,6,7381,1139,high_quality/8125,True,1713056,6,667628,True,16,92532,1504,4,18097
1.5813449023861172,569780,5,8282,922,high_quality/5024,True,1344276,5,643464,True,15,91071,1458,3,31679
1.0546541417591802,619909,6,10765,1171,high_quality/5060,True,1446185,7,650344,True,24,129982,1235,5,35185
1.592641261498029,324948,3,2749,761,high_quality/1078,True,922332,5,526039,True,11,57652,1212,3,10944
1.4134419551934827,440215,8,12245,982,high_quality/5879,True,1363016,8,756652,True,24,131112,1388,4,22792
1.3336594911937378,4761813,3,5083,2044,high_quality/991,True,5571944,4,731552,True,9,65081,2726,3,8415
1.4980205859065716,1023892,14,17739,1263,high_quality/8488,True,2389596,13,1180873,True,26,135438,1892,13,31654
1.4056430927079517,5601980,39,50791,2729,high_quality/9970,True,10468444,45,4272268,True,76,490309,3836,29,53096
1.1572668112798266,308156,8,11126,922,high_quality/72,True,983774,8,555939,True,21,83923,1067,7,24630
1.3336604514229637,486259,6,7363,1019,high_quality/1007,True,1384821,7,757477,True,18,99318,1359,5,34404
1.6703841387856257,200563,8,6033,807,high_quality/8590,True,1087836,9,761110,True,23,100298,1348,4,19832
2.0042492917847023,352430,9,10869,706,high_quality/3591,True,998990,8,485125,True,19,129256,1415,3,21310
1.413509060955519,1418043,7,8203,1214,high_quality/8268,True,2083224,6,562115,True,13,84930,1716,3,9933
0.9623733719247467,767333,12,20453,1382,high_quality/4738,True,1838060,10,881998,True,25,130059,1330,8,38217
0.865955826351866,642309,7,8720,1313,high_quality/1221,True,1492881,7,735369,True,25,95587,1137,4,10896
1.4958734525447042,1576612,12,12264,1454,high_quality/2017,True,3162450,12,1411303,True,18,129114,2175,12,33157
1.0314183123877918,612585,9,9077,1114,high_quality/9846,True,1279986,8,552490,True,25,77943,1149,8,27891
1.2586558044806517,355737,4,8080,982,high_quality/3761,True,1213752,5,708825,True,17,122243,1236,3,18867
0.7501220107369448,2359426,7,7722,2049,high_quality/8192,True,3149313,7,639340,True,19,124041,1537,4,18784
1.33276740237691,631792,15,22626,1178,high_quality/339,True,1849460,18,976516,True,30,168071,1570,15,50455
0.9455006337135615,990155,11,14610,1578,high_quality/6419,True,2354376,12,1145220,True,34,175637,1492,7,28754
1.306930693069307,806947,14,14815,1313,high_quality/9471,True,2253108,13,1272990,True,27,121888,1716,15,36468
1.3850538315389487,1665447,13,20424,1579,high_quality/8508,True,3453273,14,1517158,True,46,193107,2187,28,57137
0.9919137466307277,303512,4,4984,742,high_quality/1244,True,546112,4,209495,True,13,23932,736,3,4189
0.8634600465477114,878025,4,7144,1289,high_quality/8369,True,1434657,5,446048,True,11,85268,1113,3,18172
1.1437699680511182,990890,5,5584,1252,high_quality/3917,True,1792864,6,693547,True,21,89572,1432,3,13271
1.3467849223946784,4254882,29,48967,2255,high_quality/5692,True,6848435,29,2148862,True,55,310984,3037,37,84740
0.7042682926829268,628607,7,5286,1312,high_quality/6690,True,1212288,7,488162,True,17,80817,924,3,9416
0.8941836019621584,1036532,8,6443,1427,high_quality/3920,True,1820852,6,669052,True,17,91479,1276,4,17346
0.7497749774977498,2985301,11,21339,2222,high_quality/5687,True,3701852,10,547485,True,23,133984,1666,4,13743
1.4488272921108742,547817,5,6846,938,high_quality/5972,True,1274742,5,604189,True,14,101622,1359,3,14268
1.0462311557788944,500004,7,4468,995,high_quality/175,True,1035795,6,455441,True,18,63685,1041,4,12197
1.8006681514476615,628368,9,8997,898,high_quality/6211,True,1452066,9,688622,True,30,105943,1617,8,20136
0.6175528507367073,537631,9,9306,1561,high_quality/2585,True,1504804,11,832914,True,18,108284,964,3,16669
0.7607461476074615,103741,7,6815,1233,high_quality/3845,True,1156554,9,923856,True,17,102486,938,5,19656
0.7553908355795148,879431,8,12236,1484,high_quality/6658,True,1663564,5,648361,True,21,101982,1121,6,21554
2.476826394344069,1836200,13,15571,1273,high_quality/2026,True,4013769,14,1880919,True,33,258159,3153,10,22920
1.8115477145148355,1131662,15,23836,1247,high_quality/9336,True,2816973,15,1456944,True,40,173967,2259,12,30564
1.1039925719591457,439937,10,10420,1077,high_quality/8667,True,1280553,10,692869,True,22,117144,1189,4,20183
1.3333333333333333,1301520,14,16050,1326,high_quality/6133,True,2344368,13,885957,True,29,117297,1768,7,23544
1.5669816564758199,2739621,21,36231,1799,high_quality/9686,True,5071381,18,1986695,True,59,223041,2819,28,85793
1.3136593591905565,4201200,33,53617,2372,high_quality/5909,True,7391152,31,2678968,True,70,399294,3116,21,58073
3.143669985775249,854502,5,6721,703,high_quality/103,True,1553630,6,548111,True,21,104590,2210,7,39706
1.8184377199155524,1751966,18,27903,1421,high_quality/9656,True,3671864,18,1514832,True,62,326001,2584,10,51162
0.8784040531982267,1216757,9,10156,1579,high_quality/500,True,2190073,12,827377,True,26,121209,1387,11,14574
1.2732166890982504,1375648,13,20247,1486,high_quality/735,True,2811512,12,1238613,True,36,144592,1892,17,32412
0.6181384248210023,868624,6,10958,1257,high_quality/1657,True,976689,0,0,True,21,82946,777,5,14161
1.2446215139442232,1323651,4,4860,1255,high_quality/2075,True,1960310,6,557986,True,13,64867,1562,3,8946
0.7428180574555403,885750,10,9449,1462,high_quality/5815,True,1587732,8,563941,True,23,110683,1086,4,17909
0.7197492163009405,638296,12,21458,1595,high_quality/1019,True,1831060,10,992954,True,22,148444,1148,14,29908
0.9895890410958904,2040801,14,14140,1825,high_quality/9230,True,3295950,14,1051380,True,24,167203,1806,8,22426
0.873743993010048,3340159,8,12357,2289,high_quality/6555,True,4578000,13,1004615,True,23,175496,2000,26,45373
1.5158730158730158,326521,6,8211,756,high_quality/5759,True,866376,5,442923,True,11,71011,1146,4,17710
1.4688963210702342,1535691,12,18896,1495,high_quality/7699,True,3283020,12,1547242,True,39,159454,2196,6,21737
1.5664621676891615,592921,6,9729,978,high_quality/347,True,1498296,8,753227,True,36,121335,1532,8,21084
0.9586466165413534,938789,8,10145,1330,high_quality/3732,True,1695750,10,605573,True,17,120170,1275,5,21073
1.31169757489301,1337428,14,15412,1402,high_quality/2190,True,2578278,16,959901,True,38,232053,1839,14,33484
0.649270913277053,723109,5,6203,1303,high_quality/4623,True,1102338,5,265316,True,17,92578,846,3,15132
1.2264914054600606,648934,7,7684,989,high_quality/7769,True,1199657,6,466051,True,13,67830,1213,3,9158
1.172337278106509,632127,18,28220,1352,high_quality/2532,True,2142920,17,1281589,True,30,158941,1585,9,42043
0.824360105913504,580519,3,2540,1133,high_quality/6020,True,1058222,5,402756,True,17,68658,934,2,3749
1.6161073825503356,1848099,18,22178,1490,high_quality/8020,True,3587920,16,1484833,True,29,191962,2408,18,40848
2.318360914105595,2044237,20,23272,1269,high_quality/4931,True,3733398,22,1450295,True,35,198098,2942,10,17496
0.8886295431810604,4817884,39,42332,2999,high_quality/2193,True,7992335,39,2679527,True,77,372953,2665,29,79639
0.6298960831334932,617868,6,4023,1251,high_quality/1514,True,985788,7,332792,True,11,28585,788,3,2520
1.3331332533013205,2146285,10,11465,1666,high_quality/8178,True,3700186,14,1367512,True,47,146044,2221,22,28880
1.1631205673758864,2191801,22,28143,1974,high_quality/5731,True,4532304,21,1977013,True,48,307691,2296,8,27656
0.8953271028037383,1270204,11,9119,1605,high_quality/1326,True,2306385,12,895458,True,28,106920,1437,8,24684
0.8814102564102564,722628,13,13766,1560,high_quality/8612,True,2145000,14,1214337,True,28,167566,1375,8,26703
1.0018416206261511,270061,9,9690,1086,high_quality/7818,True,1181568,8,778315,True,16,106342,1088,4,17160
1.2278481012658229,262098,6,6830,790,high_quality/1937,True,766300,6,429523,True,15,53729,970,3,14120
1.6184157619622035,8970851,13,6559,2487,high_quality/7073,True,10010175,14,894773,True,32,108668,4025,15,29324
1.3333333333333333,3741305,14,18628,2061,high_quality/5110,True,5663628,16,1709499,True,30,151540,2748,15,42656
1.089783281733746,1348398,14,13154,1615,high_quality/3736,True,2842400,15,1308530,True,27,150557,1760,7,21761
0.9682947729220223,307239,13,13609,1167,high_quality/7108,True,1318710,11,854744,True,23,119772,1130,8,23346
0.7751371115173674,295657,7,9361,1094,high_quality/3707,True,927712,8,535229,True,18,68201,848,4,19264
1.4194880264244427,914481,4,7070,1211,high_quality/9848,True,2081709,5,1036479,True,14,100274,1719,14,23405
0.7525410476935106,2549172,17,28316,2558,high_quality/1248,True,4924150,17,1983934,True,43,331215,1925,11,31513
1.5028365136668387,3329498,22,30235,1939,high_quality/8220,True,5650246,21,1996864,True,52,243454,2914,21,50195
1.1556195965417868,631219,6,4746,1041,high_quality/3077,True,1252323,5,523478,True,15,82276,1203,3,10604
0.6917613636363636,473218,10,9141,1408,high_quality/9887,True,1371392,10,778120,True,13,91091,974,4,19822
1.099290780141844,567113,5,5246,987,high_quality/3880,True,1070895,6,426300,True,13,57122,1085,5,15114
1.0603636363636364,1094518,8,7435,1375,high_quality/869,True,2004750,8,772345,True,23,114294,1458,4,16158
1.3336968375136313,572834,6,7132,917,high_quality/749,True,1121491,5,474878,True,14,58742,1223,4,7905
1.0778388278388278,788584,4,7763,1092,high_quality/3898,True,1285284,5,392227,True,14,81670,1177,3,15040
1.3170320404721754,1129790,6,6312,1186,high_quality/9332,True,1852532,7,618646,True,16,85448,1562,4,12336
1.2356877323420075,1422928,8,8316,1345,high_quality/5069,True,2235390,8,709620,True,20,83956,1662,4,10570
1.9230769230769231,614740,8,8939,871,high_quality/9907,True,1458925,7,703964,True,23,109438,1675,5,21844
1.6272788656313302,1359150,27,67081,1481,high_quality/5093,True,3569210,19,1868942,True,45,209578,2410,22,64459
1.3794392523364487,580630,9,10436,1070,high_quality/9941,True,1579320,9,867731,True,23,103809,1476,6,16714
0.9637760702524698,2348724,11,8595,1822,high_quality/570,True,3199432,11,740681,True,21,84842,1756,4,16590
1.0627218934911242,2424670,6,8349,1690,high_quality/4933,True,3035240,7,495858,True,17,87506,1796,3,18857
1.0586881472957423,242142,5,6150,869,high_quality/5712,True,799480,5,458300,True,16,80271,920,4,12617
1.7588075880758807,1720749,3,3872,1107,high_quality/5014,True,2155329,5,368228,True,23,51472,1947,7,11008
1.6841294298921416,4609383,19,29682,1947,high_quality/7620,True,6384213,16,1503687,True,33,202475,3279,23,38986
0.7151921043355658,4831741,11,13725,2837,high_quality/8680,True,5756273,12,714054,True,24,167680,2029,6,29073
1.3916391639163916,349753,7,13742,909,high_quality/1039,True,1149885,6,620504,True,16,129614,1265,4,36272
0.981359649122807,2102788,10,15159,1824,high_quality/3636,True,3264960,13,912307,True,23,199165,1790,8,35541
0.7538200339558574,312787,8,9297,1178,high_quality/3500,True,1046064,6,608114,True,20,94053,888,3,21813
1.9062159214830972,504951,10,11777,917,high_quality/4011,True,1602916,7,830862,True,39,217185,1748,6,38141
1.3328611898016998,1945677,7,9194,1412,high_quality/5616,True,2657384,8,609544,True,18,74587,1882,7,18382
0.7498799807969275,2137670,15,31153,2083,high_quality/7730,True,3253646,13,852927,True,40,199483,1562,8,32413
1.3333333333333333,13857935,64,94712,3963,high_quality/2086,True,20940492,58,5875387,True,89,954052,5284,44,158406
1.7106854838709677,530706,15,11099,992,high_quality/7932,True,1683424,17,980431,True,40,132601,1697,15,28587
1.5039908779931586,544165,5,8788,877,high_quality/148,True,1156763,6,487261,True,13,93297,1319,4,23252
0.6656151419558359,1541283,6,11487,1902,high_quality/5094,True,2407932,6,739297,True,14,102551,1266,5,13314
1.042234332425068,2884448,20,25782,2202,high_quality/6399,True,5053590,18,1908480,True,42,169678,2295,25,65202
1.0736497545008183,122419,2,2226,611,high_quality/5890,True,400816,5,241362,True,11,28523,656,5,6286
0.6773897058823529,1409869,17,19448,2176,high_quality/1295,True,3207424,16,1571028,True,36,162865,1474,12,44214
1.615702479338843,763752,5,10147,968,high_quality/8225,True,1513952,6,581724,True,11,140829,1564,2,17500
1.607659574468085,741705,13,10083,1175,high_quality/9160,True,2219575,15,1286822,True,28,140264,1889,13,40701
1.146846846846847,530402,7,7032,1110,high_quality/7682,True,1413030,8,749087,True,22,96948,1273,6,29561
1.1622641509433962,831821,16,15525,1325,high_quality/3709,True,2040500,14,1041841,True,31,117022,1540,11,34291
2.2625215889464596,4665350,22,21922,1737,high_quality/1651,True,6826410,23,1836794,True,55,222989,3930,42,79355
1.4185773074661963,3220775,6,7632,1701,high_quality/5514,True,4104513,7,762357,True,20,98597,2413,4,15152
1.408411214953271,874559,4,5786,1070,high_quality/7722,True,1612490,5,614625,True,19,98665,1507,8,18855
2.2551724137931033,2198208,17,38884,1450,high_quality/1082,True,4741500,15,2055953,True,52,358542,3270,26,89913
1.3335889570552146,1603341,5,10161,1304,high_quality/9132,True,2267656,6,532439,True,14,84711,1739,6,37004
1.0884297520661157,706446,7,7535,1210,high_quality/1980,True,1593570,7,767404,True,16,93463,1317,4,18722
0.6671052631578948,609144,6,8745,1520,high_quality/4792,True,1541280,7,762542,True,19,115339,1014,6,45510
0.7143939393939394,453630,9,8885,1320,high_quality/429,True,1244760,11,678246,True,17,85805,943,6,18194
1.413151364764268,470548,3,4226,806,high_quality/3097,True,918034,5,319815,True,12,111455,1139,1,11990
0.9921484653818701,1081794,6,11835,1401,high_quality/8674,True,1947390,8,678475,True,22,127505,1390,10,47781
1.3329864724245577,785697,3,3842,961,high_quality/7768,True,1231041,6,369307,True,37,65038,1281,4,7157
1.5848822800495663,288774,8,6587,807,high_quality/1095,True,1032153,6,581666,True,28,123146,1279,6,31980
1.5723542116630669,560284,7,13869,926,high_quality/698,True,1348256,7,604161,True,17,151495,1456,3,18447
0.7116843702579666,503473,8,5613,1318,high_quality/8622,True,1236284,10,626592,True,18,82740,938,7,17866
1.333733493397359,291406,5,4731,833,high_quality/248,True,925463,8,545655,True,16,72163,1111,4,11508
1.565079365079365,4447811,18,47233,2205,high_quality/5012,True,7609455,21,2546391,True,36,510174,3451,11,57846
0.9061260467166152,2665587,22,30515,2269,high_quality/7587,True,4665064,22,1639318,True,46,270882,2056,22,58762
0.6469088591459529,501238,7,7975,1569,high_quality/5078,True,1592535,10,921251,True,28,136635,1015,4,25436
1.2414012738853504,1453016,25,31136,1570,high_quality/6603,True,3059930,21,1390192,True,37,146546,1949,28,39040
0.9420174741858618,543715,11,9585,1259,high_quality/8572,True,1493174,13,842924,True,20,82646,1186,6,14304
1.414616232096952,7602728,17,38295,2723,high_quality/8653,True,10488996,20,2361151,True,54,401175,3852,23,85647
1.0651029200574438,2928251,13,23570,2089,high_quality/7849,True,4648025,16,1425360,True,29,238102,2225,15,32742
2.8107066381156316,7632467,31,96126,2335,high_quality/7727,True,15324605,26,6419035,True,69,987921,6563,37,189056
0.9768190598840953,998552,17,24264,1553,high_quality/5607,True,2355901,19,1132897,True,35,184399,1517,5,15789
1.1695533272561531,812888,6,6278,1097,high_quality/6677,True,1407451,7,490190,True,20,81968,1283,3,16127
1.3515269655620532,2264797,13,16218,1539,high_quality/3839,True,3201120,16,761915,True,30,142652,2080,11,15538
0.8925964546402503,326919,4,4315,959,high_quality/3989,True,820904,6,415492,True,16,65065,856,3,9113
0.5544952285283777,906640,12,19081,1991,high_quality/9114,True,2198064,9,938815,True,32,279509,1104,7,54019
0.5693753454947484,1182783,7,7550,1809,high_quality/7917,True,1863270,9,565349,True,16,96548,1030,3,11040
1.5689655172413792,493022,9,10685,870,high_quality/3760,True,1187550,7,573517,True,26,99330,1365,3,10996
1.882051282051282,1183147,12,20413,1170,high_quality/910,True,2576340,11,1156355,True,27,169333,2202,7,47092
0.8698717948717949,917580,15,16808,1560,high_quality/1412,True,2116920,15,1041357,True,29,119801,1357,6,21374
1.0181968569065343,575646,7,9312,1209,high_quality/1606,True,1488279,10,774622,True,19,107171,1231,5,21528
1.4193548387096775,196818,7,6253,713,high_quality/2526,True,721556,10,443306,True,16,65561,1012,6,9618
1.3333333333333333,1036721,15,12026,1293,high_quality/368,True,2229132,15,1020320,True,35,127965,1724,15,32100
1.2464788732394365,444606,4,5507,852,high_quality/507,True,904824,8,345379,True,18,102346,1062,3,6986
1.528169014084507,1244408,5,5062,1136,high_quality/9314,True,1972096,6,627210,True,13,82429,1736,4,12987
0.6446562287270252,646627,9,11419,1469,high_quality/4745,True,1391143,9,622581,True,17,92506,947,6,18010
1.7394179894179893,275608,7,11314,756,high_quality/5657,True,994140,6,577376,True,15,106690,1315,4,23152
1.3876288659793814,525983,9,8242,970,high_quality/9961,True,1305620,8,660033,True,17,95600,1346,4,15762
1.6002331002331003,582433,5,8354,858,high_quality/1737,True,1178034,6,486769,True,14,69780,1373,6,30698
1.152454780361757,1224813,13,14950,1548,high_quality/7841,True,2761632,14,1342842,True,34,146483,1784,11,32544
1.30466472303207,175578,4,3276,686,high_quality/3180,True,613970,6,362075,True,16,65769,895,2,7272
1.4342105263157894,361434,6,9544,836,high_quality/5797,True,1002364,5,530540,True,10,81586,1199,3,19260
0.5841694537346711,649316,9,11160,1794,high_quality/7009,True,1880112,11,1103139,True,16,100715,1048,4,15782
1.5550405561993048,510419,7,7317,863,high_quality/1394,True,1158146,9,551388,True,12,73466,1342,6,15556
1.2544843049327354,322956,6,5982,892,high_quality/8683,True,998148,6,579514,True,16,76694,1119,3,13002
1.4829991281604185,967672,8,7070,1147,high_quality/6423,True,1951047,8,848352,True,20,106743,1701,4,21210
2.125092524056255,1502516,20,32279,1351,high_quality/1571,True,3878721,23,2015316,True,42,292761,2871,13,35849
1.236842105263158,618640,8,9454,1064,high_quality/8530,True,1400224,8,668311,True,16,85844,1316,5,17975
1.3554545454545455,855470,6,5492,1100,high_quality/613,True,1640100,5,662859,True,18,88908,1491,7,27371
1.3329073482428115,1913255,12,17207,1565,high_quality/3161,True,3264590,15,1167052,True,27,147563,2086,15,19513
0.7363636363636363,227940,2,2288,880,high_quality/641,True,570240,4,280415,True,10,50995,648,2,8602
1.0178010471204189,344661,7,9333,955,high_quality/1936,True,928260,7,488545,True,13,58989,972,8,26732
1.3336355394378967,1055132,6,10840,1103,high_quality/9247,True,1622513,7,447262,True,13,79524,1471,5,29755
1.2869471413160734,353103,6,11396,927,high_quality/8528,True,1105911,5,619000,True,18,112034,1193,3,10378
1.334392374900715,5514651,22,40590,2518,high_quality/1912,True,8460480,24,2505865,True,54,348730,3360,29,50644
0.534375,1152645,6,6806,1920,high_quality/6090,True,1969920,8,718583,True,11,77123,1026,5,14763
1.5943627450980393,351893,6,7232,816,high_quality/1639,True,1061616,5,619506,True,12,62089,1301,4,20896
0.641725352112676,426370,6,8079,1136,high_quality/9134,True,828144,5,310870,True,13,69459,729,4,13366
1.1190100052659295,3123905,10,13403,1899,high_quality/9279,True,4035375,11,775050,True,18,102046,2125,4,20971
0.7943615257048093,1500674,10,14837,1809,high_quality/7940,True,2599533,11,877787,True,32,173323,1437,6,32912
1.6783505154639176,731709,9,11794,970,high_quality/8644,True,1579160,8,730538,True,21,94479,1628,5,10640
1.332890365448505,2160004,9,11537,1505,high_quality/8392,True,3019030,9,747286,True,14,88966,2006,4,11237
0.892,1294812,6,9796,1250,high_quality/8426,True,1393750,0,0,True,18,81990,1115,3,7152
0.9103375527426161,349689,5,7155,948,high_quality/4586,True,818124,4,385890,True,16,66661,863,2,8729
1.4335213537469782,1409865,8,7152,1241,high_quality/1097,True,2207739,8,684030,True,16,93945,1779,4,12747
0.9388954171562868,297875,2,3158,851,high_quality/7744,True,679949,5,277088,True,9,81093,799,2,20735
0.837537409149209,1823300,23,52947,2339,high_quality/6470,True,4582101,21,2304752,True,42,307989,1959,25,93113
1.0553054662379422,968633,16,17264,1555,high_quality/1655,True,2551755,18,1389174,True,38,160396,1641,8,16288
1.1452184179456906,1068483,17,19683,1694,high_quality/1203,True,3286360,20,1925221,True,38,220198,1940,10,52775
0.9255014326647565,757603,5,5330,1047,high_quality/6608,True,1014543,6,203178,True,24,42452,969,5,5980
1.0218340611353711,393563,6,7237,1374,high_quality/7892,True,1929096,8,1397067,True,22,117699,1404,6,13530
1.8668252080856125,559500,10,9989,841,high_quality/33,True,1320370,11,648782,True,32,84875,1570,4,17224
1.3066926575698505,1384750,18,26713,1539,high_quality/6263,True,3094929,16,1477038,True,33,152279,2011,18,54149
1.4594594594594594,1159416,14,18092,1332,high_quality/1035,True,2589408,13,1221367,True,35,145238,1944,11,45295
1.4132947976878614,1678961,14,10937,1384,high_quality/918,True,2707104,14,863167,True,33,123829,1956,12,30210
0.8349858356940509,767630,10,10907,1412,high_quality/3909,True,1664748,11,777390,True,15,92077,1179,4,16744
1.4545454545454546,170426,6,6255,693,high_quality/3129,True,698544,5,441680,True,18,65831,1008,3,14352
1.3334827431645002,4973961,24,24594,2231,high_quality/712,True,6637225,26,1411077,True,72,194867,2975,20,32726
1.3571428571428572,725908,11,8437,1204,high_quality/2606,True,1967336,12,1091011,True,30,112664,1634,10,29316
0.8368580060422961,782719,11,8948,1324,high_quality/6684,True,1466992,10,576818,True,17,83817,1108,5,14690
1.2591431556948798,340094,2,3322,957,high_quality/4841,True,1153185,5,703210,True,12,90279,1205,3,16280
1.332951289398281,2770787,14,17919,1745,high_quality/4836,True,4058870,14,1110154,True,28,145143,2326,6,14867
0.8572687224669604,603754,7,7607,1135,high_quality/215,True,1104355,7,418006,True,13,63444,973,4,11544
1.1746794871794872,122806,5,4119,624,high_quality/6337,True,457392,5,271939,True,8,48838,733,2,9690
1.1749773345421577,680701,6,6183,1103,high_quality/6625,True,1429488,7,626946,True,21,99502,1296,4,16156
0.6409366869037294,394111,7,5679,1153,high_quality/5140,True,852067,6,379216,True,20,66749,739,2,6312
2.1199127906976742,1972635,12,21351,1376,high_quality/9362,True,4013792,13,1738335,True,31,242914,2917,17,38557
1.5510204081632653,346305,7,10003,882,high_quality/9743,True,1206576,6,760398,True,12,74958,1368,4,14912
1.3340277777777778,1698880,12,16692,1440,high_quality/5569,True,2766240,15,933237,True,28,107711,1921,5,9720
1.1968325791855203,1524622,6,10160,1326,high_quality/522,True,2104362,6,490223,True,21,70541,1587,3,8816
0.5888181174805379,269049,11,11947,1413,high_quality/1730,True,1175616,13,765410,True,22,109194,832,6,20016
0.9755073477956613,1176163,4,6168,1429,high_quality/9655,True,1992026,5,673378,True,15,107641,1394,4,28676
1.9133640552995392,726557,7,20360,1085,high_quality/1970,True,2252460,8,1213176,True,26,244272,2076,7,48095
1.0061601642710472,1088101,9,11718,1461,high_quality/5714,True,2147670,10,877713,True,20,151562,1470,7,18576
2.0573248407643314,2102723,16,16022,1413,high_quality/9485,True,4107591,20,1696363,True,45,258490,2907,13,33993
1.6503496503496504,197008,8,8523,715,high_quality/397,True,843700,8,532518,True,16,89978,1180,4,15673
1.5878312070657508,770094,6,12510,1019,high_quality/8418,True,1648742,6,679027,True,16,147703,1618,7,39408
1.7348767737117252,1842750,16,16859,1339,high_quality/7617,True,3110497,17,1082775,True,33,151325,2323,16,16788
1.4155251141552512,2400737,7,14221,1533,high_quality/4793,True,3326610,9,743658,True,20,124634,2170,6,43360
1.4453524004085803,638640,7,7045,979,high_quality/3817,True,1385285,6,622515,True,14,99110,1415,4,17975
0.6027397260273972,126080,7,8144,1022,high_quality/2111,True,629552,6,415559,True,15,69839,616,4,9930
2.2388663967611335,518945,7,8052,741,high_quality/5155,True,1229319,10,599933,True,15,90355,1659,3,12034
1.9211267605633804,122010,7,8519,710,high_quality/2110,True,968440,7,724695,True,11,92888,1364,5,20328
0.7073281747837961,2953826,3,5148,2197,high_quality/4039,True,3414138,5,387308,True,16,58736,1554,3,9120
1.6751652502360717,1141870,9,14111,1059,high_quality/794,True,1878666,9,595250,True,19,112001,1774,5,15434
1.1845410628019324,2428349,21,22239,2070,high_quality/6648,True,5075640,22,2295592,True,65,260591,2452,21,68869
1.3618581907090463,363441,8,6993,818,high_quality/3901,True,911252,7,457770,True,14,60146,1114,7,22902
0.9417142857142857,1568109,11,12853,1750,high_quality/8177,True,2884000,11,1173618,True,23,111705,1648,9,17715
0.8900071890726097,657753,10,15721,1391,high_quality/5042,True,1722058,11,919549,True,19,113213,1238,7,15822
0.9023543033577769,3840739,26,43356,2591,high_quality/50,True,6057758,25,1741414,True,54,359011,2338,27,73238
1.3635772357723577,7343940,36,53207,3075,high_quality/9490,True,12893475,32,4939143,True,78,430823,4193,38,126362
1.241103202846975,841800,8,10038,1124,high_quality/2135,True,1567980,11,584315,True,26,111311,1395,8,20516
1.3500357909806728,1211132,14,17785,1397,high_quality/9894,True,2634742,15,1153468,True,30,215543,1886,10,36814
1.3444866920152092,1603760,7,8105,1315,high_quality/9394,True,2324920,6,609360,True,21,85938,1768,3,17757
1.3850574712643677,1610129,5,5820,1218,high_quality/8700,True,2054766,6,381299,True,11,49432,1687,5,8086
1.042857142857143,242684,2,2336,770,high_quality/7686,True,618310,4,315028,True,9,50342,803,2,7920
1.2852564102564104,428501,8,6288,936,high_quality/9637,True,1126008,7,596438,True,15,69833,1203,4,24948
1.7228003784295176,440956,12,14664,1057,high_quality/231,True,1924797,13,1288770,True,18,151974,1821,8,28433
0.7834803528468324,404008,9,10791,1247,high_quality/2608,True,1218319,7,690462,True,14,96015,977,4,17043
1.0714812085482683,502086,14,19615,1357,high_quality/1146,True,1973078,16,1209794,True,23,204539,1454,7,37044
1.3325958702064897,1447048,6,10386,1356,high_quality/3079,True,2450292,6,881747,True,14,95253,1807,5,15858
1.0846192135390742,2493203,17,23420,2009,high_quality/7092,True,4377611,19,1527334,True,54,268320,2179,16,65334
1.4192307692307693,337962,4,4806,780,high_quality/1879,True,863460,5,407713,True,17,86732,1107,5,26247
1.0781954887218046,466805,11,9503,1330,high_quality/4606,True,1907220,17,1256702,True,26,147736,1434,7,26474
0.6176608736496008,1249510,16,21888,2129,high_quality/4796,True,2799635,16,1359628,True,38,139009,1315,13,29600
1.426892950391645,239289,5,6377,766,high_quality/561,True,837238,6,436350,True,24,129541,1093,4,25681
0.9658291457286432,348201,4,4510,995,high_quality/717,True,956195,6,505122,True,18,88462,961,3,9900
1.2501802451333814,1528762,6,7875,1387,high_quality/1900,True,2405058,8,682804,True,27,176963,1734,3,8654
0.8426596445029625,962010,10,12229,1519,high_quality/725,True,1944320,9,833260,True,19,113530,1280,6,23291
1.1047191011235955,3267309,23,25604,2225,high_quality/3167,True,5469050,24,1764254,True,61,363053,2458,17,48830
1.2053140096618358,308149,6,8348,828,high_quality/5586,True,826344,6,428557,True,13,68683,998,4,12607
1.6786632390745502,302936,9,8536,778,high_quality/9083,True,1016068,8,599074,True,20,91466,1306,4,14056
0.5282641320660331,1611086,6,7626,1999,high_quality/6342,True,2110944,6,377885,True,14,97195,1056,3,17152
0.4007847533632287,423091,10,8497,1784,high_quality/8724,True,1275560,11,742426,True,23,88442,715,4,13104
1.157569515962925,541962,5,10209,971,high_quality/6550,True,1091404,5,416892,True,13,94233,1124,3,28108
1.257347670250896,1537955,7,16926,1395,high_quality/5129,True,2446830,7,675515,True,22,157409,1754,7,59025
1.1686143572621035,543451,11,11205,1198,high_quality/9528,True,1677200,13,974381,True,25,117899,1400,6,30264
1.2603495860165594,508807,8,15201,1087,high_quality/7713,True,1489190,9,800574,True,24,113980,1370,5,50628
0.7880247763248451,737032,10,15546,1453,high_quality/1036,True,1663685,11,758307,True,27,132921,1145,7,19879
1.3643939393939395,7290219,23,28960,2640,high_quality/4990,True,9509280,22,1909272,True,62,246169,3602,20,34660
1.2917933130699089,607115,6,8787,987,high_quality/8678,True,1258425,9,534549,True,21,97564,1275,3,10410
1.0,276390,6,10301,1053,high_quality/3160,True,1108809,6,640677,True,14,156036,1053,3,25405
0.8542471042471043,405847,8,6290,1036,high_quality/3790,True,916860,6,417191,True,26,77964,885,3,9568
1.9279176201372998,559716,6,7163,874,high_quality/1593,True,1472690,6,759839,True,20,129020,1685,4,16952
1.238747553816047,522906,9,8492,1022,high_quality/823,True,1293852,9,652000,True,26,95142,1266,5,15312
1.9211267605633804,122010,7,8519,710,high_quality/470,True,968440,7,724695,True,11,92888,1364,5,20328
1.3313817330210773,304784,6,6230,854,high_quality/1152,True,970998,7,534888,True,11,93508,1137,3,31588
0.6482630272952854,791683,13,16880,1612,high_quality/798,True,1684540,12,762170,True,22,102571,1045,5,11236
1.0851239669421489,699386,9,9316,1210,high_quality/7822,True,1588730,15,712216,True,26,157969,1313,5,9843
0.8416901408450704,1218829,12,14689,1775,high_quality/6559,True,2651850,12,1176451,True,24,209156,1494,6,32725
0.68,379923,3,3407,1050,high_quality/4607,True,749700,4,313131,True,7,45364,714,2,7875
1.6708149337615414,6774655,28,40664,2491,high_quality/483,True,10367542,32,3091499,True,65,395277,4162,19,65447
1.0998402555910542,610979,9,8567,1252,high_quality/2545,True,1724004,10,953834,True,24,119699,1377,5,30925
1.0626432391138274,984052,13,9482,1309,high_quality/9813,True,1820819,12,697638,True,25,100531,1391,16,29116
1.449952335557674,4480137,17,24034,2098,high_quality/1881,True,6382116,19,1615003,True,44,201042,3042,19,61900
2.4065934065934065,910920,6,3999,819,high_quality/5702,True,1614249,7,569901,True,19,113952,1971,8,15477
1.1430332922318125,197933,6,7747,811,high_quality/8822,True,751797,6,439530,True,19,88312,927,4,18275
1.3669275929549902,605294,5,7432,1022,high_quality/1594,True,1427734,9,719219,True,15,78555,1397,5,17234
1.3638095238095238,856518,5,7466,1050,high_quality/10004,True,1503600,7,534904,True,16,89754,1432,4,14958
0.37445699391833187,138459,3,6494,1151,high_quality/10010,True,496081,3,295139,True,8,49164,431,1,6825
1.65875,455459,6,5252,800,high_quality/10014,True,1061600,5,521237,True,15,66338,1327,3,13314
0.998968540484786,2648646,6,7776,1939,high_quality/10017,True,3755843,8,975131,True,21,110242,1937,4,14048
1.3338829348722177,1308410,5,7639,1213,high_quality/10037,True,1962634,7,524323,True,16,94273,1618,8,27989
1.035487959442332,1163400,13,18399,1578,high_quality/10064,True,2578452,12,1191231,True,28,181630,1634,9,23792
0.6015523932729625,577854,10,10584,1546,high_quality/10072,True,1437780,9,752766,True,19,83994,930,4,12582
1.3509060955518946,155146,3,1964,607,high_quality/10083,True,497740,4,298943,True,11,34277,820,3,7410
0.9572254335260115,340415,5,6497,865,high_quality/10112,True,716220,6,298374,True,15,61799,828,2,9135
1.2924528301886793,1311188,13,13132,1590,high_quality/10132,True,3267450,15,1681965,True,32,208189,2055,11,52976
0.9142857142857143,458015,3,5058,1050,high_quality/10135,True,1008000,5,463633,True,15,73566,960,2,7728
1.1926192619261926,550374,18,12126,1111,high_quality/10173,True,1472075,11,738209,True,26,138827,1325,6,32539
1.6276346604215457,235462,10,14091,854,high_quality/10191,True,1187060,10,796611,True,17,118691,1390,5,22205
0.8004291845493562,671274,8,5733,1398,high_quality/10199,True,1564362,9,766271,True,31,91593,1119,5,29491
0.7666870789957134,1383639,8,10308,1633,high_quality/10210,True,2044516,9,564217,True,14,77681,1252,4,8671
0.9413006756756757,2869017,14,15073,2368,high_quality/10221,True,5278272,19,2028421,True,34,322866,2229,17,42895
0.8613911290322581,2279456,9,14052,1984,high_quality/10241,True,3390656,10,903477,True,24,173427,1709,8,20244
0.42493638676844786,276110,3,5859,1179,high_quality/10282,True,590679,4,249547,True,13,53352,501,1,5811
1.1272727272727272,653116,10,10171,1155,high_quality/10293,True,1503810,9,721552,True,29,102880,1302,6,16091
1.0791575889615106,660211,6,7723,1377,high_quality/10297,True,2046222,11,1236872,True,30,121384,1486,4,20032
0.6868686868686869,169669,2,3275,891,high_quality/10306,True,545292,5,271491,True,8,91672,612,1,9185
1.1061259706643658,417417,8,21725,1159,high_quality/10316,True,1485838,6,838677,True,26,160391,1282,3,47628
1.3122289679098005,787760,7,11320,1153,high_quality/10332,True,1744489,8,789050,True,18,132762,1513,5,23597
0.7645933014354067,157138,9,5886,1045,high_quality/10334,True,834955,10,610123,True,18,54417,799,4,7391
1.3906882591093117,730890,5,5459,988,high_quality/10346,True,1357512,4,521787,True,15,77560,1374,6,21816
0.6572390572390573,809474,7,8729,1485,high_quality/10356,True,1449360,7,527898,True,16,89257,976,6,14002
1.0989707046714172,667239,9,9320,1263,high_quality/10360,True,1753044,12,917237,True,28,130527,1388,6,28721
1.6469321851453176,654092,6,8676,929,high_quality/10362,True,1421370,6,617177,True,16,116594,1530,3,24831
0.8543130990415335,1018818,11,17979,1565,high_quality/10385,True,2092405,13,835655,True,48,171154,1337,10,48799
1.7863636363636364,346606,8,14156,880,high_quality/10386,True,1383360,7,831994,True,30,149218,1572,6,41386
1.73582295988935,169837,4,4233,723,high_quality/10391,True,907365,4,617365,True,11,99774,1255,4,16156
0.9638418079096045,93337,4,3912,885,high_quality/10392,True,754905,5,592647,True,11,54559,853,3,10450
1.0339855818743564,462429,2,4341,971,high_quality/10395,True,974884,4,395667,True,15,94369,1004,3,18078
1.5164585698070374,612474,6,6286,881,high_quality/10403,True,1177016,5,469729,True,11,75605,1336,4,12922
1.3330536912751678,709533,11,14340,1192,high_quality/10408,True,1894088,9,1034157,True,33,114138,1589,11,21920
1.6692233940556087,1145923,10,8454,1043,high_quality/10413,True,1815863,10,538076,True,19,109844,1741,5,13566
0.7495682210708118,547408,3,6689,1158,high_quality/10414,True,1005144,6,378821,True,12,58988,868,3,13238
1.413265306122449,902924,5,4830,980,high_quality/10422,True,1357300,5,371556,True,17,64721,1385,3,13269
1.393057110862262,518450,6,3950,893,high_quality/10423,True,1110892,9,507401,True,18,68051,1244,4,13040
0.797947055645597,1427808,12,14717,1851,high_quality/10441,True,2733927,13,1086172,True,33,180131,1477,9,25099
1.333617747440273,895893,5,8887,1172,high_quality/10443,True,1831836,6,793725,True,17,101057,1563,4,32274
0.833044982698962,322538,7,9444,1156,high_quality/10457,True,1113228,9,682397,True,26,98849,963,0,0
1.7292724196277496,707985,16,15686,1182,high_quality/10458,True,2416008,14,1572216,True,32,107669,2044,10,12452
0.5524553571428571,921508,8,12411,1792,high_quality/10470,True,1774080,8,718698,True,15,99271,990,5,22192
1.446242774566474,362809,7,7104,865,high_quality/10504,True,1082115,6,612212,True,20,81203,1251,4,18787
1.8113207547169812,796596,3,5166,901,high_quality/10519,True,1470432,3,505786,True,18,146738,1632,4,16146
1.9357429718875503,245064,7,8249,747,high_quality/10525,True,1080162,6,682835,True,15,121261,1446,4,22753
1.3819517313746066,374856,7,8956,953,high_quality/10538,True,1255101,4,710163,True,19,117542,1317,6,43584
0.8766485647788984,585587,5,4850,1289,high_quality/10541,True,1456570,5,759134,True,13,91351,1130,3,15648
0.6132629107981221,555010,9,14961,1704,high_quality/10552,True,1780680,11,1072133,True,20,116356,1045,4,22220
1.1119402985074627,458391,5,7079,1072,high_quality/10568,True,1277824,5,698859,True,14,96455,1192,3,17040
1.465986394557823,615605,5,5892,882,high_quality/10586,True,1140426,4,428143,True,11,78960,1293,3,11826
1.7451253481894151,322265,4,3668,718,high_quality/10587,True,899654,7,492592,True,13,68953,1253,4,12176
0.8448160535117056,1202736,6,6721,1495,high_quality/10602,True,1888185,7,568010,True,19,94217,1263,9,16501
1.8225806451612903,219174,3,3622,682,high_quality/10615,True,847726,5,540112,True,11,66968,1243,4,17850
1.1586715867158672,677799,5,5824,1084,high_quality/10635,True,1361504,6,566840,True,21,93281,1256,4,17760
0.6433673469387755,1756489,5,8018,1960,high_quality/10666,True,2471560,6,592554,True,20,94370,1261,5,20129
1.3341946597760552,1360106,4,6604,1161,high_quality/10669,True,1798389,6,353182,True,12,67713,1549,5,10784
0.8724168912848158,3186061,12,10902,2226,high_quality/10674,True,4322892,12,970856,True,28,132897,1942,6,22176
1.5124653739612188,530392,8,10982,1083,high_quality/10676,True,1773954,11,981216,True,28,230662,1638,4,20702
1.8621022179363549,946660,14,16570,1037,high_quality/10689,True,2002447,14,854266,True,30,142476,1931,13,42475
2.0064061499039076,2434493,29,30229,1561,high_quality/10721,True,4889052,26,2059568,True,65,287212,3132,30,77550
0.9908026755852842,341255,16,18460,1196,high_quality/10722,True,1417260,12,811910,True,66,210053,1185,10,35582
1.410126582278481,1034375,10,10080,1185,high_quality/10748,True,1980135,7,812592,True,18,104488,1671,4,18600
0.6364385820280297,395798,6,9346,1213,high_quality/10757,True,936436,7,440057,True,22,73684,772,4,17551
1.336179295624333,532662,7,5094,937,high_quality/10776,True,1173124,8,541985,True,18,79682,1252,4,13701
1.5156445556946183,389808,4,4132,799,high_quality/10785,True,967589,7,471549,True,19,83730,1211,4,18370
1.551388888888889,200301,6,6259,720,high_quality/10789,True,804240,5,478986,True,14,98750,1117,4,19944
2.05324459234609,261626,9,9047,601,high_quality/10796,True,741634,8,383698,True,13,77357,1234,3,9906
1.1628787878787878,645926,7,7959,1056,high_quality/11038,True,1296768,6,543561,True,22,87310,1228,3,12012
0.9018743109151047,2087626,8,10326,1814,high_quality/11039,True,2967704,9,733087,True,21,120529,1636,4,16136
0.8367346938775511,1477779,10,9201,1715,high_quality/11078,True,2461025,12,834144,True,25,125369,1435,6,14532
1.2641921397379912,386596,7,6605,916,high_quality/11088,True,1060728,8,572089,True,20,83828,1158,5,11610
1.0997398091934085,915869,4,3994,1153,high_quality/11091,True,1462004,6,457568,True,14,74798,1268,2,9775
1.0835051546391752,404219,6,5644,970,high_quality/11095,True,1019470,6,519881,True,20,77656,1051,3,12070
1.4945382323733862,841922,5,6282,1007,high_quality/11107,True,1515535,6,553914,True,20,87439,1505,7,25978
1.7188723570869224,1344948,15,16191,1277,high_quality/11131,True,2803015,15,1220213,True,37,172848,2195,16,48815
0.7089552238805971,325656,6,6531,1072,high_quality/11132,True,814720,8,401154,True,18,73467,760,3,7912
0.9433760683760684,321738,3,3366,936,high_quality/11186,True,826488,5,422694,True,11,68662,883,2,10028
0.8860677083333334,900077,13,11030,1536,high_quality/11197,True,2090496,16,1008607,True,35,147418,1361,9,23364
0.9187460012795905,1211477,12,14785,1563,high_quality/11208,True,2244468,16,842669,True,31,153071,1436,10,22466
2.112258064516129,408754,6,9542,775,high_quality/11211,True,1268675,8,714732,True,24,101439,1637,9,34208
1.335632183908046,288573,7,7500,870,high_quality/11221,True,1010940,6,609809,True,12,91618,1162,3,13440
1.2215696743192739,2244279,21,25821,1873,high_quality/11246,True,4285424,23,1707353,True,52,259124,2288,19,48847
0.673109243697479,336666,5,5865,1190,high_quality/11255,True,953190,4,522707,True,15,72358,801,3,15594
1.092485549132948,483110,3,3844,1038,high_quality/11256,True,1177092,6,569297,True,16,105543,1134,3,15298
0.9386032233307752,738517,6,7412,1303,high_quality/11262,True,1593569,7,695699,True,25,115275,1223,4,36666
0.8765705838876571,830133,11,7484,1353,high_quality/11263,True,1604658,12,637438,True,24,113890,1186,5,15713
0.5853440571939231,387899,3,6789,1119,high_quality/11271,True,732945,4,277012,True,13,54931,655,1,6314
0.7795823665893271,135434,5,9178,862,high_quality/11272,True,579264,4,341522,True,11,77002,672,2,16128
1.4408901251738526,1137851,11,18789,1438,high_quality/11296,True,2979536,10,1571865,True,21,202361,2072,8,48670
0.9925595238095238,950841,6,7556,1344,high_quality/11317,True,1792896,7,709277,True,16,107469,1334,4,17753
1.414218009478673,713013,7,8613,1055,high_quality/11357,True,1574060,7,720997,True,22,114157,1492,4,17280
0.96794208893485,330825,4,4118,967,high_quality/11362,True,905112,6,497308,True,10,62939,936,3,9922
0.9733570159857904,507072,6,10744,1126,high_quality/11365,True,1234096,7,561903,True,15,116953,1096,5,37424
0.6243027888446215,2846810,10,14715,2510,high_quality/11377,True,3933170,10,886719,True,29,152448,1567,11,32478
0.5285234899328859,384574,3,5166,1192,high_quality/11384,True,750960,4,290623,True,7,60333,630,2,10264
1.3331946755407653,5393231,37,38079,2404,high_quality/11436,True,7704820,36,1868931,True,59,362705,3205,12,41874
1.2372234935163997,770737,8,15587,1311,high_quality/11437,True,2126442,9,1102946,True,25,181752,1622,9,55420
1.273394495412844,925157,5,5349,1090,high_quality/11442,True,1512920,6,479550,True,19,95098,1388,2,7766
0.8341666666666666,356979,7,10971,1200,high_quality/11459,True,1201200,7,749721,True,17,71517,1001,5,12012
0.3498014997794442,879055,11,9738,2267,high_quality/11467,True,1797731,11,777482,True,23,117394,793,5,14062
1.4787123572170302,875609,8,5284,963,high_quality/11538,True,1371312,9,406221,True,22,73719,1424,4,10479
0.6974025974025974,601770,9,13657,1540,high_quality/11553,True,1653960,10,900329,True,21,114486,1074,6,23718
1.3344947735191637,535139,7,6162,861,high_quality/11555,True,989289,6,385471,True,14,52437,1149,3,10080
0.6045411542100284,183601,6,7608,1057,high_quality/11564,True,675423,8,406018,True,9,66244,639,4,11952
1.3577981651376148,770927,8,7604,1090,high_quality/11588,True,1613200,10,714286,True,23,97941,1480,11,22442
1.3333333333333333,1913161,13,24141,1617,high_quality/11589,True,3486252,14,1257671,True,35,227880,2156,14,63399
1.6767091541135573,576583,7,6911,863,high_quality/11613,True,1248761,6,563966,True,15,88786,1447,3,12515
1.3335843373493976,1612894,8,10506,1328,high_quality/11649,True,2351888,7,641319,True,18,72408,1771,9,14761
1.4139221556886228,1724154,9,9752,1336,high_quality/11667,True,2523704,9,678472,True,16,91196,1889,5,20130
0.8319805194805194,668455,7,7290,1232,high_quality/11685,True,1262800,9,499355,True,20,74222,1025,8,13478
1.3335709194583036,2005604,6,9517,1403,high_quality/11686,True,2625013,7,496810,True,19,97592,1871,4,15490
1.232905982905983,259560,8,13249,936,high_quality/11701,True,1080144,8,671136,True,13,111678,1154,5,24521
0.7272727272727273,1533551,14,15930,1903,high_quality/11704,True,2633752,13,896057,True,28,160590,1384,11,27624
0.6868460388639761,459843,7,11629,1338,high_quality/11751,True,1229622,8,629026,True,14,106990,919,5,22134
1.2085201793721974,568079,5,3254,892,high_quality/11760,True,961576,8,326881,True,18,52204,1078,2,11158
1.060846560846561,205116,5,5574,756,high_quality/11772,True,606312,5,330438,True,9,58342,802,2,6842
0.8224613315400134,950198,10,12280,1487,high_quality/11775,True,1818601,12,731590,True,24,115813,1223,4,8720
1.0349626612355736,5689811,34,37259,2946,high_quality/11790,True,8982354,33,2793499,True,143,373164,3049,38,88621
1.4136363636363636,1463839,7,9605,1320,high_quality/11797,True,2463120,9,897395,True,16,85026,1866,5,7255
2.3825448613376836,1298546,19,23846,1226,high_quality/11818,True,3581146,18,1955835,True,27,265411,2921,7,37508
0.933529659234329,3390187,13,15033,2377,high_quality/11834,True,5274563,16,1677629,True,37,160254,2219,12,31460
0.7071335078534031,5697250,12,14835,3056,high_quality/11847,True,6604016,14,757284,True,32,123959,2161,6,10688
1.3327427356484762,7902776,23,29176,2822,high_quality/11855,True,10613542,26,2419213,True,54,218570,3761,24,43807
0.7208297320656871,263189,6,6695,1157,high_quality/11873,True,964938,5,600049,True,13,82700,834,3,12305
1.2776243093922652,4281650,19,22975,2172,high_quality/11894,True,6027300,17,1493398,True,33,182154,2775,16,47123
0.9935344827586207,340097,5,5172,928,high_quality/11896,True,855616,6,435226,True,14,67351,922,2,7770
1.2240762812872468,1773738,11,18266,1678,high_quality/11897,True,3446612,15,1442830,True,29,170945,2054,9,40833
2.1378406708595388,3793061,8,47025,1908,high_quality/11902,True,7782732,17,3159083,True,54,518075,4079,10,265488
1.3330434782608696,943382,8,8123,1150,high_quality/11911,True,1762950,8,710674,True,24,86696,1533,4,14075
0.842809364548495,144993,4,5207,897,high_quality/11927,True,678132,4,423363,True,20,79453,756,3,25116
1.5022831050228311,386405,9,8092,876,high_quality/11936,True,1152816,9,681140,True,14,67156,1316,4,10023
1.5014031805425632,808598,8,10165,1069,high_quality/11940,True,1715745,10,751832,True,26,115947,1605,11,29203
1.1573604060913705,516046,7,9010,985,high_quality/11944,True,1122900,5,505846,True,11,70136,1140,3,21862
1.3335993615323225,1020155,6,13558,1253,high_quality/11952,True,2093763,6,839393,True,22,164737,1671,5,55920
0.7144230769230769,355864,4,4804,1040,high_quality/11964,True,772720,6,344530,True,19,60300,743,2,7222
1.4094545454545455,1263666,11,9728,1375,high_quality/11981,True,2664750,13,1244914,True,27,118659,1938,7,27783
0.6814602720114531,546223,10,8771,1397,high_quality/12003,True,1329944,10,676405,True,18,82405,952,4,16140
0.7922077922077922,825788,9,6343,1386,high_quality/12032,True,1521828,9,602651,True,19,71206,1098,6,15840
0.660958904109589,103451,4,7018,876,high_quality/12035,True,507204,5,309823,True,12,70448,579,5,16464
1.5203366058906032,2371615,6,6606,1426,high_quality/12047,True,3091568,7,582120,True,17,117788,2168,3,13439
1.5837275307473984,1109881,4,5092,1057,high_quality/12060,True,1769418,5,556499,True,13,86285,1674,4,11661
0.951559934318555,484832,11,11310,1218,high_quality/12076,True,1411662,13,755337,True,31,137583,1159,7,22600
1.2225063938618925,7355740,30,80277,3128,high_quality/12102,True,11961472,29,3715533,True,74,652051,3824,35,157871
1.4079382579933848,368351,7,7904,907,high_quality/12112,True,1158239,7,666785,True,20,88018,1277,12,27181
1.2230046948356808,355327,6,6039,852,high_quality/12126,True,887784,6,418906,True,20,93248,1042,3,14264
0.6501440922190201,807415,9,15044,1735,high_quality/12130,True,1957080,11,863967,True,28,244961,1128,8,25693
1.4345425867507886,1023795,13,12149,1268,high_quality/12137,True,2306492,14,1098067,True,29,148812,1819,11,23669
0.9970149253731343,510860,7,8436,1005,high_quality/12150,True,1007010,7,410145,True,15,64082,1002,10,13487
1.3551136363636365,272280,4,6120,704,high_quality/12153,True,671616,4,310934,True,15,70104,954,5,12178
0.9141965678627145,313905,10,7713,1282,high_quality/12163,True,1502504,11,1057813,True,23,95251,1172,7,27822
1.2900834105653383,588028,8,8501,1079,high_quality/12168,True,1501968,8,804158,True,21,89617,1392,4,11664
1.3125810635538262,201789,4,4760,771,high_quality/12190,True,780252,4,475286,True,10,82757,1012,2,15660
1.2681388012618298,434828,6,6301,951,high_quality/12197,True,1146906,6,620865,True,13,65052,1206,6,19860
1.7328936521022258,1815460,8,10912,1213,high_quality/12235,True,2549726,7,633660,True,14,79950,2102,4,9744
0.9033492822966507,482355,8,6371,1045,high_quality/12237,True,986480,8,415749,True,20,72853,944,3,9152
0.7810397553516819,915045,7,8050,1635,high_quality/12239,True,2087895,9,978018,True,20,150014,1277,7,36768
1.7402298850574713,249808,10,10580,870,high_quality/12257,True,1317180,12,914081,True,21,114422,1514,11,28289
1.3329015544041452,4468740,16,22131,2316,high_quality/12267,True,7149492,20,2386173,True,54,227632,3087,27,44816
1.4350696991929568,1516034,9,10480,1363,high_quality/12269,True,2666028,10,999897,True,20,117645,1956,8,21972
1.3557046979865772,290714,6,5476,894,high_quality/12270,True,1083528,7,674108,True,16,95346,1212,4,17884
1.3982843137254901,317833,7,7711,816,high_quality/12278,True,931056,10,508666,True,25,77595,1141,4,19251
0.9518879415347138,974809,17,16979,1642,high_quality/12286,True,2566446,18,1279403,True,40,267901,1563,10,27354
1.8319672131147542,838462,9,9573,976,high_quality/12290,True,1745088,11,744530,True,25,130583,1788,8,21940
1.6806083650190113,425622,7,7578,789,high_quality/12291,True,1046214,6,517104,True,14,86824,1326,3,9086
0.8577405857740585,1522060,12,14219,1673,high_quality/12294,True,2400755,14,736294,True,23,108766,1435,9,19416
1.327891156462585,231493,8,8200,735,high_quality/12466,True,717360,6,390094,True,12,76581,976,3,10992
1.768987341772152,858387,6,6294,948,high_quality/12481,True,1589796,6,614585,True,19,96855,1677,3,13675
1.6168623265741728,692433,6,7831,937,high_quality/12488,True,1419555,5,632760,True,12,76115,1515,4,10416
1.2294022617124394,846990,6,12708,1238,high_quality/12496,True,1884236,5,817043,True,20,153078,1522,5,54417
1.333471588552468,5440589,19,37230,2411,high_quality/12500,True,7751365,21,1935813,True,48,246789,3215,27,90944
1.1304812834224598,327922,6,4890,935,high_quality/12511,True,988295,7,575565,True,17,68862,1057,4,11056
1.3084935897435896,745782,8,8215,1248,high_quality/12530,True,2037984,9,1145006,True,15,107615,1633,10,31366
1.033396345305608,1895266,8,7099,1587,high_quality/12557,True,2602680,11,585124,True,22,101646,1640,6,13545
1.5261136712749617,1188703,13,18439,1302,high_quality/12564,True,2587074,17,1210842,True,32,155602,1987,5,13488
1.4731890874882407,848181,7,9833,1063,high_quality/12623,True,1664658,6,655971,True,18,130127,1566,3,20546
1.1004473363155753,3244190,30,25480,2459,high_quality/12624,True,6654054,26,2931063,True,75,400091,2706,21,53230
0.8935185185185185,200229,2,4986,864,high_quality/12641,True,667008,4,348792,True,10,97811,772,2,15190
1.8073089700996678,547089,8,11592,903,high_quality/12653,True,1473696,8,790217,True,19,104566,1632,6,20232
1.5268817204301075,566418,5,5600,837,high_quality/12668,True,1069686,5,416890,True,14,68137,1278,3,12641
0.6844840386043058,578012,4,7816,1347,high_quality/12678,True,1241934,7,541764,True,14,98781,922,3,15561
1.1955969517358171,523675,7,8963,1181,high_quality/12685,True,1667572,10,927008,True,25,141694,1412,7,66232
0.7202380952380952,183322,8,7785,1008,high_quality/12687,True,731808,7,476365,True,11,53976,726,3,10360
0.9964189794091316,715334,4,4499,1117,high_quality/12695,True,1243221,7,419478,True,23,92834,1113,3,11076
1.1415384615384616,240237,6,4637,975,high_quality/12697,True,1085175,8,746962,True,20,65205,1113,7,28134
1.2173366834170853,172506,4,3690,796,high_quality/12703,True,771324,4,529429,True,12,53922,969,4,11777
1.0640763462849352,1046137,4,8466,1467,high_quality/12705,True,2289987,12,982063,True,51,227471,1561,10,25850
1.0816077953714982,350817,4,4638,821,high_quality/12709,True,729048,6,296475,True,14,58311,888,6,18807
0.6601255886970173,475514,5,6473,1274,high_quality/12718,True,1071434,6,520736,True,14,63031,841,3,5680
1.1248665955176094,425047,6,6390,937,high_quality/12761,True,987598,6,465509,True,16,78607,1054,3,12045
0.7075512876473156,2708923,11,12557,2291,high_quality/12775,True,3713711,13,845417,True,25,130998,1621,6,15816
1.8394255874673628,395000,7,6562,766,high_quality/12790,True,1079294,6,568119,True,17,99424,1409,3,10189
1.240491515506144,1862446,15,18074,1709,high_quality/12793,True,3623080,18,1476235,True,31,225513,2120,12,40812
2.07556270096463,304162,7,5180,622,high_quality/12803,True,803002,7,424126,True,17,60936,1291,4,8598
1.0866983372921615,268728,3,4287,842,high_quality/12806,True,770430,6,374152,True,18,99915,915,2,23348
1.235053235053235,958628,7,8572,1221,high_quality/12817,True,1841268,7,728669,True,20,114298,1508,7,31101
0.6451822916666666,700270,7,7063,1536,high_quality/12840,True,1522176,9,715023,True,14,84052,991,5,15768
0.6920152091254753,717065,11,16219,1578,high_quality/12853,True,1723176,12,824585,True,17,138551,1092,8,26756
1.6090964966195451,2497753,15,17240,1627,high_quality/12870,True,4259486,18,1519917,True,35,186557,2618,18,38019
1.1460775473399458,719884,5,5671,1109,high_quality/12874,True,1409539,5,577187,True,16,84159,1271,8,22638
1.3247539742619228,1397011,7,10656,1321,high_quality/12896,True,2311750,9,756434,True,16,110409,1750,9,37240
1.0113500597371565,1886829,6,8679,1674,high_quality/12919,True,2834082,11,783881,True,22,138307,1693,4,16386
1.3753753753753755,1222212,8,9902,1332,high_quality/12940,True,2440224,10,1059173,True,25,113627,1832,10,35310
1.6772930648769575,3457098,11,13576,1788,high_quality/12957,True,5362212,17,1575344,True,41,269359,2999,10,46835
0.9983673469387755,666972,3,5099,1225,high_quality/12961,True,1498175,6,689331,True,22,116251,1223,3,20522
0.8755043227665706,1904489,6,8756,1735,high_quality/12980,True,2635465,6,622605,True,12,79377,1519,7,20238
0.7075862068965517,655341,10,10125,1450,high_quality/13005,True,1487700,11,719204,True,14,88034,1026,5,14996
1.414025623735671,1828941,9,11233,1483,high_quality/13008,True,3109851,10,1102082,True,20,138573,2097,6,29022
1.1090500281056774,1367194,36,29250,1779,high_quality/13013,True,3509967,35,1771575,True,64,286861,1973,18,55087
1.1685971685971686,1165440,13,14916,1554,high_quality/13017,True,2822064,13,1481341,True,34,129448,1816,11,30919
0.5761455525606469,293264,8,8823,1484,high_quality/13025,True,1268820,9,852945,True,14,95069,855,6,18719
1.4141926140477914,932114,17,18673,1381,high_quality/13029,True,2697093,16,1562913,True,35,144707,1953,17,38686
0.4041227229146692,907612,10,12416,2086,high_quality/13033,True,1758498,9,725251,True,15,92759,843,4,20460
1.4153674832962138,293326,6,6906,898,high_quality/13064,True,1141358,6,718444,True,15,101290,1271,4,21392
0.7445414847161572,696859,7,7947,1374,high_quality/13067,True,1405602,5,607963,True,14,79769,1023,3,13064
0.8564650059311981,239488,4,1804,843,high_quality/13079,True,608646,7,308174,True,16,56375,722,2,2805
1.1726427622841966,182312,5,6000,753,high_quality/13081,True,664899,8,393908,True,17,68581,883,3,14098
1.3335647344671988,7412148,16,37660,2881,high_quality/13085,True,11068802,19,3022495,True,35,448079,3842,26,148420
0.9092134831460674,3419267,11,11728,2225,high_quality/13090,True,4501175,11,918218,True,23,129601,2023,4,22361
1.231863442389758,318086,6,5209,703,high_quality/13094,True,608798,5,228922,True,14,46668,866,3,9913
1.3333333333333333,2069927,10,14762,1524,high_quality/13107,True,3096768,10,829738,True,19,147229,2032,6,35112
2.0721649484536084,375446,5,6165,679,high_quality/13108,True,955353,6,470170,True,13,94143,1407,3,9429
1.616,1215342,6,6732,1125,high_quality/13117,True,2045250,8,748294,True,22,67178,1818,3,7704
0.8351219512195122,1696069,14,17594,2050,high_quality/13124,True,3509600,14,1563693,True,38,187197,1712,13,45047
0.9704641350210971,448834,10,8996,1185,high_quality/13131,True,1362750,14,790228,True,28,101124,1150,6,13568
1.4173913043478261,924510,8,10339,1150,high_quality/13137,True,1874500,7,801908,True,23,111599,1630,6,26144
1.0998531571218797,777201,13,14134,1362,high_quality/13145,True,2040276,13,1106813,True,24,115701,1498,9,26427
0.6265243902439024,282342,6,6426,1312,high_quality/13164,True,1078464,7,711825,True,17,65130,822,4,12741
1.3713527851458887,861802,11,7246,1131,high_quality/13190,True,1754181,11,769611,True,33,96925,1551,10,18597
0.6831983805668016,314542,4,4666,988,high_quality/13201,True,666900,5,290615,True,10,49949,675,2,7128
1.4826732673267327,286181,8,8093,808,high_quality/13203,True,967984,7,584720,True,17,76075,1198,4,12915
1.8611793611793612,608887,6,6388,814,high_quality/13207,True,1233210,5,526233,True,14,78073,1515,5,13629
0.8509589041095891,1460257,12,15974,1825,high_quality/13209,True,2834225,15,1152156,True,31,174004,1553,9,31834
0.45652173913043476,437101,9,8626,1518,high_quality/13245,True,1051974,10,516777,True,17,77188,693,3,12282
0.7956989247311828,188744,3,3967,837,high_quality/13261,True,557442,5,300004,True,9,53826,666,3,10901
1.8681948424068768,328967,6,4506,698,high_quality/13282,True,910192,5,489999,True,16,76042,1304,3,10678
1.564516129032258,702204,6,6942,930,high_quality/13290,True,1353150,5,535581,True,15,90065,1455,4,18358
1.1063829787234043,722171,9,8509,1316,high_quality/13294,True,1916096,10,997319,True,36,145727,1456,8,42370
0.747809152872444,5034949,15,21873,3081,high_quality/13304,True,7098624,22,1630098,True,71,342783,2304,22,68921
1.2380952380952381,758976,6,7536,1050,high_quality/13325,True,1365000,6,501478,True,13,85494,1300,5,11516
1.3261065943992774,848434,7,8574,1107,high_quality/13338,True,1625076,7,640555,True,13,99463,1468,5,28050
0.9518005540166204,1880822,12,17072,1805,high_quality/13344,True,3100990,16,993307,True,30,185415,1718,5,24374
1.3327596098680436,3218817,11,7586,1743,high_quality/13346,True,4048989,14,688097,True,28,107149,2323,5,27340
1.7806060606060605,374906,8,7436,825,high_quality/13355,True,1211925,7,717403,True,15,95190,1469,5,16990
1.3333333333333333,604075,7,8659,864,high_quality/13372,True,995328,6,308029,True,18,60821,1152,2,13744
2.2090729783037477,816918,16,16254,1014,high_quality/13379,True,2271360,13,1269950,True,35,141639,2240,8,26599
2.022972972972973,461240,8,8454,740,high_quality/13380,True,1107780,9,538800,True,20,83836,1497,5,15450
1.4620786516853932,240635,8,9878,712,high_quality/13397,True,741192,7,407269,True,14,70160,1041,3,13250
1.435947394057477,3995075,12,18924,2053,high_quality/13403,True,6052244,16,1745507,True,54,244446,2948,16,48292
1.5836206896551723,1162182,7,7980,1160,high_quality/13406,True,2130920,8,823803,True,22,116519,1837,5,20436
1.3158953722334004,1797949,11,18571,1491,high_quality/13420,True,2925342,8,968717,True,22,124905,1962,5,15200
0.4058734939759036,291568,5,4858,1328,high_quality/13426,True,715792,4,353504,True,10,59196,539,1,6666
1.9321382842509602,276592,8,7841,781,high_quality/13435,True,1178529,9,755655,True,28,107469,1509,4,30972
1.3333333333333333,1022483,6,7563,1176,high_quality/13442,True,1843968,8,648715,True,21,138848,1568,4,26359
1.0525762355415351,348331,8,8433,951,high_quality/13457,True,951951,6,509382,True,14,71672,1001,4,14133
1.446643109540636,1226302,13,16905,1415,high_quality/13459,True,2896505,15,1477059,True,44,152841,2047,14,23398
0.6159754224270353,402229,5,8423,1302,high_quality/13474,True,1044204,6,523831,True,16,94879,802,4,14842
1.6320541760722347,375116,6,5999,886,high_quality/13486,True,1281156,7,782779,True,19,97963,1446,4,19299
1.3341836734693877,466488,4,3568,784,high_quality/13501,True,820064,6,276330,True,14,55922,1046,2,17756
0.7674835624626419,1118827,12,11867,1673,high_quality/13508,True,2148132,11,891929,True,22,116336,1284,4,9173
0.9248704663212435,1130957,12,11790,1544,high_quality/13512,True,2204832,14,902786,True,30,138705,1428,9,20594
1.1607883817427387,340330,6,6096,964,high_quality/13524,True,1078716,6,622360,True,17,83021,1119,5,26909
1.1264940239043826,511452,8,8555,1004,high_quality/13548,True,1135524,7,523687,True,12,73867,1131,3,17963
1.2783505154639174,487812,4,5337,970,high_quality/13570,True,1202800,5,617353,True,14,78521,1240,2,13777
1.474727452923687,776513,6,11532,1009,high_quality/13598,True,1501392,7,545964,True,24,135088,1488,6,32295
1.8446601941747574,411534,6,6372,721,high_quality/13603,True,958930,6,450596,True,12,82460,1330,3,7968
0.816072908036454,579419,6,7775,1207,high_quality/13608,True,1188895,7,495177,True,14,86474,985,6,20050
0.931986531986532,1059871,12,9705,1485,high_quality/13632,True,2055240,15,830837,True,25,135006,1384,8,19821
1.6740395809080326,524905,6,6406,859,high_quality/13671,True,1235242,6,601587,True,13,87762,1438,4,14582
1.3654042988741044,728365,9,10928,977,high_quality/13677,True,1303318,8,466971,True,15,69089,1334,5,27965
0.9926900584795322,684278,9,10555,1368,high_quality/13693,True,1857744,9,960185,True,44,175602,1358,10,27124
1.0621193666260658,188466,3,3219,821,high_quality/13695,True,715912,5,441814,True,13,70246,872,3,12167
0.7030141843971631,457405,3,4474,1128,high_quality/13708,True,894504,6,359992,True,13,63507,793,2,9126
0.9214830970556162,2046805,12,18830,1834,high_quality/13714,True,3099460,13,890503,True,23,123701,1690,9,19621
1.171964140179299,1021480,7,7196,1227,high_quality/13715,True,1764426,7,630570,True,15,88768,1438,4,16412
0.7278525868178597,692486,9,9301,1411,high_quality/13719,True,1449097,8,644354,True,12,85085,1027,4,17871
1.4673659673659674,261651,7,11893,858,high_quality/13727,True,1080222,7,671924,True,21,106636,1259,4,28118
0.5676546391752577,641180,10,12352,1552,high_quality/13742,True,1367312,10,618393,True,19,78813,881,4,16574
0.7070207020702071,2947267,3,4665,2222,high_quality/13751,True,3490762,5,443955,True,32,84225,1571,6,10650
0.7922848664688428,382079,3,3722,1011,high_quality/13771,True,809811,5,350360,True,16,63531,801,2,10119
0.9885057471264368,205697,3,4115,696,high_quality/13774,True,478848,2,218054,True,14,43614,688,2,7368
1.4184652278177459,248555,2,5818,834,high_quality/13807,True,986622,6,597285,True,19,110356,1183,5,24608
2.1466498103666245,394155,7,13290,791,high_quality/14302,True,1343118,6,717000,True,24,199129,1698,2,19544
0.7925101214574899,404662,4,4817,988,high_quality/14308,True,773604,6,298779,True,10,58871,783,3,6475
0.7966260543580131,320219,6,4961,1067,high_quality/14278,True,906950,7,492000,True,16,73693,850,5,16077
1.341350601295097,471748,8,10827,1081,high_quality/14316,True,1567450,10,953263,True,20,119155,1450,5,12457
1.333472628499791,5060710,24,37799,2393,high_quality/14317,True,7636063,25,2132695,True,63,347181,3191,19,57678
0.8556263269639066,654416,17,15293,1413,high_quality/14323,True,1708317,18,864553,True,30,141838,1209,10,32217
1.1717171717171717,779479,5,4136,1287,high_quality/14334,True,1940796,13,1023112,True,36,117557,1508,10,16512
1.4147933284989123,1348197,11,16438,1379,high_quality/14343,True,2690429,12,1182874,True,53,130552,1951,5,12368
1.311072056239016,779078,7,7548,1138,high_quality/14359,True,1697896,7,786611,True,26,95489,1492,8,29170
1.0032488628979856,826438,16,17220,1539,high_quality/14387,True,2376216,14,1244130,True,45,254144,1544,12,34284
1.1801566579634464,292538,2,2796,766,high_quality/14413,True,692464,4,335372,True,12,57408,904,1,4350
0.8593429158110883,289902,4,4640,974,high_quality/14416,True,815238,5,443887,True,16,65457,837,3,11352
0.8426842684268426,299686,5,6021,909,high_quality/14424,True,696294,6,330231,True,14,49423,766,4,10933
0.8049382716049382,4204092,19,33543,2835,high_quality/14457,True,6469470,18,1693187,True,64,440010,2282,20,98638
0.8314366998577525,723392,8,9042,1406,high_quality/14468,True,1643614,8,786597,True,21,103400,1169,9,21183
0.8886295431810604,4817884,39,42332,2999,high_quality/14469,True,7992335,39,2679527,True,77,372953,2665,29,79639
1.3956284153005465,586969,7,8102,915,high_quality/14519,True,1168455,6,477184,True,16,73967,1277,4,22233
1.4959266802443991,585097,8,12979,982,high_quality/14556,True,1442558,7,752445,True,12,78861,1469,9,13176
1.1873517786561265,796078,8,11013,1265,high_quality/14584,True,1900030,8,919899,True,18,142446,1502,5,30594
1.0832130832130833,1787563,26,50572,2079,high_quality/14593,True,4681908,21,2325754,True,59,427948,2252,18,90071
1.925,340829,9,15614,720,high_quality/14597,True,997920,7,514177,True,17,99363,1386,4,27937
1.5484693877551021,325043,7,6136,784,high_quality/14606,True,951776,6,519476,True,19,89602,1214,3,11519
1.357843137254902,630543,9,11177,1224,high_quality/14620,True,2034288,10,1184739,True,26,165944,1662,9,41885
1.5026288117770767,729319,6,7484,951,high_quality/14623,True,1358979,5,532400,True,11,74992,1429,3,14784
0.7343065693430657,684430,9,10151,1370,high_quality/14643,True,1378220,10,595110,True,17,75109,1006,5,13420
2.5046210720887245,199380,7,8153,541,high_quality/14647,True,733055,7,416406,True,14,90981,1355,4,18135
1.1974025974025975,933345,8,11221,1155,high_quality/14665,True,1597365,6,547059,True,21,92630,1383,3,13110
0.6895200783545543,1447909,7,6503,2042,high_quality/14676,True,2875136,13,1199664,True,38,195046,1408,8,26014
1.0632022471910112,887403,12,19537,1424,high_quality/14678,True,2155936,12,986951,True,39,202624,1514,12,59421
1.5495867768595042,574050,7,11248,968,high_quality/14679,True,1452000,8,732494,True,25,102947,1500,8,31261
0.7850877192982456,107663,5,4364,912,high_quality/14692,True,652992,6,459199,True,16,74920,716,4,6846
1.3336803748047892,2597629,15,35152,1921,high_quality/14694,True,4921602,15,1857152,True,42,357001,2562,17,74668
0.601076095311299,355574,8,9206,1301,high_quality/14707,True,1017382,10,553635,True,19,87266,782,4,11701
1.0731225296442688,1457943,10,13809,1518,high_quality/14714,True,2472822,12,887345,True,18,98173,1629,7,15552
0.7208854667949952,364705,4,5515,1039,high_quality/14725,True,778211,7,325064,True,13,72163,749,4,10764
1.2100456621004567,745585,7,7080,1095,high_quality/14775,True,1450875,6,577378,True,19,103860,1325,6,16972
1.5758706467661692,378814,5,6941,804,high_quality/14781,True,1018668,5,528895,True,16,87237,1267,3,16781
1.240981240981241,1131332,14,16350,1386,high_quality/14795,True,2383920,15,1027757,True,34,162417,1720,15,46064
1.2120088954781318,770921,9,16313,1349,high_quality/14804,True,2205615,9,1227079,True,18,162502,1635,4,28800
1.72818063395571,5463176,19,35487,2303,high_quality/14832,True,9165940,18,3297907,True,50,282967,3980,33,86403
0.99,167673,2,1349,700,high_quality/14840,True,485100,6,254825,True,16,57437,693,1,3816
1.0097181729834792,484620,4,4587,1029,high_quality/14846,True,1069131,5,496790,True,17,68614,1039,4,14520
1.3331381733021077,2103126,11,26473,1708,high_quality/14848,True,3889116,12,1404630,True,23,309856,2277,7,45031
0.9092651757188498,1431007,6,8070,1565,high_quality/14852,True,2226995,6,656542,True,14,110373,1423,4,21003
1.4648478488982162,407427,5,7146,953,high_quality/14883,True,1330388,7,789574,True,14,99397,1396,4,26844
0.997364953886693,190009,5,4066,759,high_quality/14892,True,574563,4,313575,True,16,59907,757,1,7006
1.314846909300982,2770921,14,18231,1731,high_quality/14900,True,3939756,15,975789,True,28,144714,2276,8,30101
1.33406432748538,1807803,10,11006,1368,high_quality/14951,True,2496600,9,553447,True,30,100196,1825,7,24148
1.6324786324786325,599714,6,6345,936,high_quality/20004,True,1430208,7,678707,True,23,125247,1528,4,20195
1.3496376811594204,793393,7,8385,1104,high_quality/20005,True,1644960,7,708837,True,18,116785,1490,4,17560
0.645381984036488,1126409,9,8954,1754,high_quality/20009,True,1985528,11,730895,True,27,102732,1132,4,16538
0.6033376123234917,654379,9,12892,1558,high_quality/20010,True,1464520,12,656700,True,18,111241,940,6,29308
1.4391353811149032,316158,9,8913,879,high_quality/20011,True,1111935,9,678971,True,17,82112,1265,6,25781
1.094218415417559,406610,6,6024,934,high_quality/20012,True,954548,7,470779,True,18,64355,1022,5,6780
1.1906202723146748,1256192,9,9164,1322,high_quality/20015,True,2080828,9,694593,True,21,102295,1574,6,18584
1.3159041394335511,524455,5,5950,918,high_quality/20038,True,1108944,6,476507,True,15,85909,1208,5,16123
0.7780859916782247,576387,8,7274,1442,high_quality/20050,True,1617924,11,908761,True,18,105366,1122,5,20136
1.2953929539295392,1804380,11,17890,1476,high_quality/20056,True,2822112,11,823446,True,22,152274,1912,8,24122
1.2772764561115668,972435,10,12245,1219,high_quality/20059,True,1897983,12,753268,True,25,135334,1557,7,24701
0.615983026874116,526067,6,10728,1414,high_quality/20060,True,1231594,7,568416,True,16,97262,871,6,29121
0.976,230202,2,3465,1000,high_quality/20072,True,976000,5,630275,True,12,96378,976,2,15680
1.7507042253521128,400893,5,5549,710,high_quality/20076,True,882530,5,389710,True,13,76706,1243,3,9672
0.6973461321287409,349424,15,17204,1771,high_quality/20083,True,2187185,15,1663289,True,39,129085,1235,9,28183
1.2344013490725128,1097565,1,3456,1186,high_quality/20101,True,1736304,3,551467,True,7,68620,1464,5,15196
0.9353574926542605,475281,5,9865,1021,high_quality/20125,True,975055,6,380564,True,16,90039,955,4,19306
0.4978877489438745,613565,10,10032,1657,high_quality/20132,True,1367025,10,647418,True,21,80439,825,5,15571
1.9209756097560975,1400065,7,9022,1025,high_quality/20147,True,2018225,8,524646,True,21,69484,1969,5,15008
0.6872160934458144,656423,11,11055,1541,high_quality/20202,True,1631919,13,853238,True,25,97387,1059,4,13816
1.5245454545454546,609765,11,12226,1100,high_quality/20210,True,1844700,12,1097786,True,21,106949,1677,7,17974
1.093385214007782,165454,3,2728,771,high_quality/20223,True,649953,6,407240,True,12,61329,843,4,13202
1.3460790667530784,1387997,11,13489,1543,high_quality/20228,True,3204811,13,1618021,True,24,151064,2077,11,34240
